Date,ConvenienceYield_Baseline_APR,ConvenienceYield_EADynamicsTarget_APR,ConvenienceYield_USExcludingMatchedPrivilege_APR,ConvenienceYield_Counterfactual_APR,LongRate_Baseline_APR,LongRate_USExcludingMatchedPrivilege_APR,LongRate_Counterfactual_APR,PolicyRate_Baseline_APR,PolicyRate_USExcludingMatchedPrivilege_APR,PolicyRate_Counterfactual_APR,CorePCEInflation_Baseline_YY,CorePCEInflation_USExcludingMatchedPrivilege_YY,CorePCEInflation_Counterfactual_YY,OutputGap_Baseline,OutputGap_USExcludingMatchedPrivilege,OutputGap_Counterfactual,Forward5YearRealNaturalRate_Baseline_APR,Forward5YearRealNaturalRate_USExcludingMatchedPrivilege_APR,Forward5YearRealNaturalRate_Counterfactual_APR
1998-12-31,0.8138320194988378,0.8138320194988378,0.8138320194988378,0.8138320194988378,5.0014,5.0014,5.0014,4.86,4.86,4.86,1.2726554540000001,1.2726554540000001,1.2726554540000001,4.720361676173246,4.720361676173246,4.720361676173246,2.893786349439925,2.893786349439925,2.893786349439925
1999-03-31,0.7164782340200376,0.4724584751309777,0.6628116956608887,0.4724584751309777,5.6093,5.69063318555869,5.345624345554138,4.73,4.704767769578093,4.414142700746599,1.2293208,1.2351184212281454,1.2159724097901752,4.352229384655081,4.327457465513187,4.106655778985369,2.787592839150491,2.8648481351118664,2.605196607779838
1999-06-30,1.041288351402647,0.35255956727429844,0.5501990576478157,0.35255956727429844,6.0964,6.151987083799746,5.8055811118932175,4.75,4.355028676574363,3.9214647046505666,1.270550181,1.2857225152544265,1.2437995153518546,4.078303029380001,3.7472907978498338,3.4211448722506423,2.790550776112991,2.8977271924192554,2.643041399516621
1999-09-30,0.8116051386424306,0.6125968424295302,0.4651572912286538,0.6125968424295302,6.2716,6.5683225513282295,6.501863704791134,5.1,4.72454188297469,4.616900464221263,1.282357741,1.321983277687032,1.2702172966029397,3.9694682821999603,3.629913420199826,3.564446309142002,2.582934544632793,2.8816040594006656,2.81649043119938
1999-12-31,0.782859690610455,0.5462716424590012,0.4002269100514964,0.5462716424590012,6.7009,7.119928284903983,7.32009176916136,5.3,4.945529869427407,5.101895436368467,1.433745569,1.5089177661967117,1.4653859366085455,4.448586991397647,4.0962574197003185,4.234025095761797,2.4102633106934293,2.8136898012603435,2.9597015476800097
2000-03-31,0.4448072187393648,0.9182147212500543,0.35017486552742594,0.9182147212500543,6.1707,6.516780298422216,6.924641234206998,5.68,5.562507534438538,6.284068519183722,1.705991877,1.8055845316460344,1.8009724981774866,4.321012573003515,4.138192567059407,4.720136553272272,2.638923868400104,2.9392175093075976,3.1953708402599217
2000-06-30,0.7680510492497352,1.1415780905985482,0.3112633830813143,1.1415780905985482,6.1737,6.422205540352864,6.952364801828648,6.27,5.913051826418625,7.183928807929761,1.706834852,1.8241177347526008,1.8681463529440328,4.233874011283266,3.844025345602533,4.8643584990053865,2.5327571566244105,2.7962577696847766,3.105286201157229
2000-09-30,0.7353891057538063,1.4892839459606915,0.28077839703914126,1.4892839459606915,5.99,6.297710708101674,6.8782077692487285,6.52,6.058160309554154,7.931935229046413,1.821960379,1.945763285222599,2.025240311958809,4.150447939156903,3.656573277410237,5.169456275945139,2.408734583074466,2.7285158125445146,3.020170801443229
2000-12-31,0.8264182558079576,1.4445523490671892,0.2567202346749986,1.4445523490671892,5.3428,5.6017325989481686,6.169723296225055,6.47,5.852865141994234,8.00366720595057,1.8453251060000002,1.9636020030130203,2.058866813523077,4.326676401102373,3.688807799377451,5.4421764764458755,2.544810756013381,2.8365772476204754,3.1082402058143215
2001-03-31,1.5282731277597046,1.4994612845785689,0.23759697948542646,1.4994612845785689,5.2693,5.732183842499302,6.162774716071739,5.6,4.382885617528637,6.682555064517268,1.9715688299999998,2.109606215164252,2.199326007904763,5.84527586852665,4.687684174027571,6.588499001177929,2.376345650217351,2.9295384840915655,3.0743909449828046
2001-06-30,1.3263961106576283,1.4670327890699761,0.2222837652890377,1.4670327890699761,5.691,6.482874679895342,6.941261488602657,4.33,3.0701371580930594,5.432960784119135,2.001551365,2.186945445360859,2.2650505055445156,5.368889626191434,4.11684308065993,6.095600556746147,1.9112487372041413,2.7313070727986,2.9025537260566066
2001-09-30,1.380915368022164,1.3042367671716226,0.20992510526625163,1.3042367671716226,5.0456,5.915862843352861,6.4386206898521365,3.5,2.1925813831689043,4.479562772212718,1.7762690939999999,2.015989887941987,2.088375123259778,4.997039999129998,3.643979539773042,5.58230097623922,1.8606236906301077,2.7501756964277,2.996932890243139
2001-12-31,1.3723552585872136,0.9137297273175893,0.199865819932747,0.9137297273175893,5.5106,6.472435458077945,6.84013868447783,2.13,0.8494074628609498,2.7188791075684877,1.765002944,2.067917155870642,2.1320637484743146,4.618297942108967,3.224164191074592,4.845076179738335,1.6758004003179932,2.632304991152025,2.805161157059791
2002-03-31,0.8294229714107034,0.35486572003477507,0.19160133414581726,0.35486572003477507,5.8248,6.896355883641876,7.0512544462754425,1.73,0.9525669039839975,2.0710592271777934,1.4230647189999999,1.7725928483640996,1.8311721948365987,4.764088751307687,3.7188700327433724,4.748153702317665,1.7265288221488257,2.6991403301567223,2.778779140902665
2002-06-30,0.06898023094434946,0.13429043928025186,0.18474134723580904,0.13429043928025186,5.2423,6.288776006388442,6.95820459110734,1.75,1.825906960932656,2.5822105843403707,1.593555483,1.956817745519329,2.043768020072397,3.719518591593282,3.3281565646759343,4.039619210295008,1.7208697108681341,2.564549439178509,3.1150129994980063
2002-09-30,-0.20101608349795178,0.15259046987584657,0.17898291219056153,0.15259046987584657,4.1101,5.321793174256089,6.1010716432228,1.74,2.495831551249669,3.1389648443608937,1.868680009,2.2400283019687444,2.3637436030953873,2.9893216956210247,3.1268836428648408,3.707521454527055,1.4561086982569025,2.3864699750056997,3.030200799036054
2002-12-31,-0.3977319844095121,0.10613845428767021,0.17409025356925112,0.10613845428767021,4.2487,5.435671571849438,5.530844610388319,1.44,2.6877542021508876,2.9996167562942646,1.7420715999999998,2.1102017734238627,2.235943478949884,2.1670185831886974,2.698481189003874,3.003031142164573,1.5644011508771194,2.4320386888652576,2.513508307407724
2003-03-31,-0.8707259038586499,0.23031121530326049,0.16987949036878192,0.23031121530326049,4.2158,5.096086021126498,4.882687190363233,1.25,3.07615156807266,3.224705599131565,1.743159861,2.078319727155346,2.185462276775248,1.6454473461822923,2.6699532949820632,2.8500003917810757,1.8168625929071507,2.3448671586177467,2.1595837002344083
2003-06-30,-0.34418082277799456,0.29533693670464145,0.1662069803349152,0.29533693670464145,3.8383,4.726860969408911,4.234932771703447,1.25,2.933155768157922,2.9531519224304255,1.573644991,1.8836356323385401,1.9149733666552016,1.8023120102097823,2.7444472170406673,2.841804783711133,1.7739934692516413,2.3629701181795824,1.9422438413144805
2003-09-30,-0.30374632651486827,0.008535032358488182,0.16296037091587773,0.008535032358488182,4.2798,5.369984941284445,4.803656151866228,1.02,2.669848631710682,2.3539703697842826,1.498303419,1.791095042297689,1.7265259371007573,1.8246447548624434,2.7571692010995994,2.6040627326037415,1.5359545750688977,2.3056694155647235,1.8628438701900971
2003-12-31,-0.6528708108594843,0.00112840144200399,0.1600516938890445,0.00112840144200399,4.5544,5.722620213415234,5.578725996145065,1.0,2.9333586686075614,2.5927228429499927,1.590096877,1.873788066951081,1.7779519882316053,1.0567540926322465,2.230083786483665,2.0505722404357116,1.4166329803448527,2.21659151282757,2.1308607107184927
2004-03-31,-0.49384034724034853,0.1203380482530203,0.15741201602789845,0.1203380482530203,4.135,5.037935651089743,5.360552491669752,1.0,2.851051298232823,2.751158235316591,1.831154633,2.117710754534716,2.0518924956318307,1.0459762184996648,2.1788546781207336,2.1628202412288813,1.5593086692564448,2.153756893205573,2.439476907159384
2004-06-30,-0.41494512670047384,0.04463755723557483,0.15498728252674282,0.04463755723557483,4.8834,5.477443074843449,5.836385774175815,1.01,2.689773209484942,2.6478784383944465,2.022610153,2.2904242511758155,2.287912843968735,0.5688767096745496,1.601774952466604,1.6014493317667076,1.7913014490326988,2.1314551541542,2.449337372709273
2004-09-30,-0.33006108314226223,0.011455424227064581,0.15273507961435673,0.011455424227064581,4.3677,4.705389166250273,5.27296495140753,1.43,2.8747602655607336,2.901490040230705,1.922895116,2.1392577942559536,2.221989918351672,0.03937366706679557,0.9282103001740468,0.9446041456084199,1.975588349150342,2.1176502761611875,2.6085923002388256
2004-12-31,-0.6555338397687704,-0.07830441767707375,0.1506221085143441,-0.07830441767707375,4.407,4.681980613158893,5.115655539382325,1.95,3.5129383127176013,3.4545088025241055,2.016944273,2.1667651830701606,2.3049573728467543,0.550853463774685,1.5801351052313763,1.4971095944149777,2.0619492227415726,2.123453782927876,2.5087731383783805
2005-03-31,-0.5727820275178813,0.19761298305946995,0.14862221171051127,0.19761298305946995,4.6031,4.820051490723577,4.9488954781767625,2.47,3.981889296605741,4.013703201506468,2.176585679,2.2694867314268854,2.4072595340116054,0.31930921350008856,1.3531347386298331,1.3310590610255526,2.0523234799692447,2.0813885568448525,2.1761451776864402
2005-06-30,-0.740350698012437,0.19055098133012283,0.1467148291214172,0.19055098133012283,4.0069,4.1748256740244125,3.9266673861792727,2.94,4.519975289221046,4.463446438081635,2.100927971,2.1540253267566922,2.25319243538846,0.2890595623062114,1.4219517170878266,1.3403483325053618,2.024279087537037,2.0039586679787846,1.7823676272902023
2005-09-30,-0.22402155164953239,0.3919471089782983,0.14488378956553702,0.3919471089782983,4.4146,4.549354520608807,3.7515638013078023,3.46,4.64188510438058,4.528695874766428,2.1324183889999997,2.1665227878705404,2.1690366309247526,0.43065247885206237,1.2810216298581283,1.194347503007096,1.9736486741256363,1.9892419638432117,1.2855374909002464
2005-12-31,0.0908504001957007,0.34452619111773586,0.1431163641145747,0.34452619111773586,4.4422,4.492019683905605,3.182166042871365,3.98,4.665690895699139,4.314450161460259,2.257547971,2.2818607247160387,2.151231792012825,0.7470361853488476,1.2250064008551664,1.0115667100682475,1.9423544209088113,1.9414462307055569,0.8200841155906766
2006-03-31,-0.16258633597459432,0.4004378727304522,0.1414025242359393,0.4004378727304522,4.9172,4.8888925803432075,3.3532651667029216,4.45,5.059201572707233,4.5695744328541945,2.1266169699999997,2.1393563779667373,1.8747142309328084,0.37958586055799076,0.8176667374791533,0.5643193341281159,1.9283366209980344,1.8478072114397632,0.5371818327096836
2006-06-30,0.42054901832936453,0.8153799319218323,0.13973436021442892,0.8153799319218323,5.1707,5.136013567367386,3.901842100560966,4.91,4.997727403257979,4.895589184272286,2.426341028,2.4364129703930395,2.0753531081928824,0.8742869729506677,0.9058563896329567,1.020985534110248,1.755003238463813,1.7437211712215397,0.6349322002568654
2006-09-30,0.6140848431397055,0.9149380468931059,0.1381056251005771,0.9149380468931059,4.6766,4.558398560967119,3.689907517802104,5.25,4.887637379456901,5.180062810281562,2.5747037329999998,2.579117123346352,2.186472450179763,1.1418924206760996,0.8149020597597789,1.288496543345309,1.752823368126232,1.709513102193625,0.8861328524659244
2006-12-31,0.3748501850668662,1.0337801993744926,0.13651137701804644,1.0337801993744926,4.7444,4.664900186593775,3.9890670674190436,5.24,4.850854912482383,5.499243371238474,2.338701763,2.3393837373591575,1.970102947333902,1.3410972960071135,0.9887758510843768,1.7817807661402876,1.6864512424847984,1.6591877200950407,0.9744913142808959
2007-03-31,0.9249047336130406,1.2560620870891457,0.13494769857191813,1.2560620870891457,4.718,4.52971610795914,3.9835620968915055,5.25,4.339914852861536,5.396937496706217,2.447272461,2.4498242472953975,2.1348803789139836,1.6198209741237668,0.8429113089229073,1.9952915561629705,1.7142499319513047,1.6677332610296811,1.0560266081672378
2007-06-30,0.7524173623892795,1.2335999488272829,0.1334114767118446,1.2335999488272829,5.0699,4.790876198737625,4.183575525874147,5.25,4.184109928216639,5.41119649902433,2.069535165,2.0637666684632014,1.7904255527281991,1.841029116195591,0.9306866268628583,2.2562566761194445,1.8244348041397753,1.69338191714095,1.025194022690198
2007-09-30,1.0326411712566914,1.7831797512852634,0.13190023000838558,1.7831797512852634,4.713,4.390284107927062,4.013582352088786,5.07,3.679666005990227,5.545852143262649,2.022592237,2.009067536043014,1.7615643175763223,1.9738066055243562,0.7923550337470424,2.664852057217233,1.746902794702463,1.6149528262529835,1.0658750324105042
2007-12-31,1.1095882868963105,1.6254877446894866,0.1304119731205179,1.6254877446894866,4.2859,3.9068603844262704,3.4677930660689595,4.5,2.8660541444192993,4.898425034485421,2.280643101,2.256140391166831,2.01734594639602,2.866186405752975,1.4759071187920707,3.5231079630365496,1.836997964682971,1.672187189781492,1.08085271430696
2008-03-31,1.0731651732275882,1.9488203331661755,0.1289451104398509,1.9488203331661755,3.8236,3.4450177162542506,2.6430758803147754,3.18,1.4721899130664893,3.7348326267031484,2.1231285040000003,2.087690981523591,1.822770637786328,2.8410958756243945,1.3768517157158149,3.6697452734096823,2.033264196640304,1.8616592015980387,0.9283049756501751
2008-06-30,0.9608022717509463,1.650659564262222,0.12749835262635334,1.650659564262222,4.2552,3.841063810637559,2.8972854079827215,2.08,0.39394141728554155,2.461624536769733,2.125824411,2.083073896923062,1.7834326021267937,2.348492510819707,0.8898994353133716,3.091256120506736,1.913426747297103,1.7023618890415662,0.6929773110353679
2008-09-30,0.959307129806616,1.6987005614409982,0.1260706511056523,1.6987005614409982,4.2394,4.0097735476093055,2.9467758185807034,1.94,0.30960824563099365,2.2769428616713863,2.145088336,2.1074787526948047,1.7559052482837467,2.3012777248970764,0.8689210344484388,3.05257591776354,1.7430780919901188,1.6870082536689281,0.5842773460370907
2008-12-31,0.9143726298504109,1.540384252231581,0.12466114666050276,1.540384252231581,2.8791,2.8401501701897605,1.7423902750987272,0.51,-0.9875867097788065,0.7714652771619879,1.378400512,1.3619151485440084,0.9583380372047242,2.3443170483129436,0.9934564769358585,3.0656369826253735,1.6362827541946534,1.7279621009412631,0.6294767887012398
2009-03-31,0.07443940543446587,0.1323082321374187,0.12326912908217237,0.1323082321374187,3.1547,3.479413830728934,0.8778842511154425,0.18,-0.4447263354361583,-0.5246038741506112,0.848386826,0.8711523346607213,0.36380965757517036,1.927982334506141,1.249697315767245,1.9402941548863935,1.321952159617483,1.6089240397097648,-0.540853774859362
2009-06-30,-0.14148693093312503,-0.9328812054596236,0.1218940055010384,-0.9328812054596236,4.0184,4.3111243330918025,1.1750523095523766,0.18,0.13927170909920533,-1.9276863521111085,0.819942388,0.8829539621264192,0.2483686734858472,1.4803392424369752,1.2615975301184543,0.4327483003935777,1.349896907221676,1.5636916351669299,-0.8479839583758928
2009-09-30,-0.9294479058047507,-0.917019909632653,0.1205352755282858,-0.917019909632653,3.715,4.280947085575494,1.4255966045255262,0.15,1.109715805792505,-1.8227214833580299,0.664679988,0.7653451728378079,0.026850044184789562,0.6140336005682111,1.1972313382794502,-0.29854060875490285,1.2019940426120268,1.5404907870117703,-0.5956157429376268
2009-12-31,-2.3070447335033615,-1.0746087547717016,0.11919251174283518,-1.0746087547717016,4.1824,6.028541103761762,3.6932360757407583,0.12,3.107028532725383,-0.2187923331994336,1.364145145,1.5558915742846295,0.7541364548000083,-0.5001837959245843,1.6845992503451783,-0.14375120234686922,0.20162951296964127,1.4268070704395082,-0.2387712312198842
2010-03-31,-1.9797960507745587,-0.7595137634936893,0.11786534437314122,-0.7595137634936893,4.1186,5.710210470359449,3.4812447257881263,0.13,3.798242371461071,0.5733881334503997,1.7067838540000002,1.9686883612832398,1.1940689794730528,-3.085448224527377,-0.34471238571038576,-2.1199279467416625,0.4379985132520574,1.4344455090289179,-0.18109032130062075
2010-06-30,-1.6744074382460088,-0.5141773549640904,0.11655344927115086,-0.5141773549640904,3.24,4.53742270998065,2.4367675693532056,0.19,3.886688854765484,0.9278172750579232,1.585435374,1.9011188491842588,1.1972594704789032,-4.7217848491225265,-1.9278157822928748,-3.5177454005813975,0.7613867052161015,1.527578000569405,-0.014472750870943907
2010-09-30,-1.0196717607487482,-0.6978109134493014,0.1152565384699682,-0.6978109134493014,2.7339,3.607011057190361,1.1283390349661504,0.19,3.319038223249832,0.18300854925699467,1.3852841310000001,1.7199218815002442,1.0538453750333565,-5.438962502137155,-3.0571931961780674,-4.797473356124339,0.9727786739268508,1.4423859947967297,-0.3985363514916255
2010-12-31,-1.2222850942575376,-0.7603563907979618,0.11397435276927803,-0.7603563907979618,3.5448,4.368844276989664,1.7544985540614326,0.19,3.1904534097796446,-0.1357273584726854,1.07984941,1.3573333078044396,0.6794039703126702,-6.424222211806024,-4.107705983335252,-6.00253716902349,1.0653677986407264,1.4905451440844817,-0.4556257023125163
2011-03-31,-1.0494229221954365,-0.2957950420080597,0.11270665591219475,-0.2957950420080597,3.6977,4.415649626498017,1.7733567789287057,0.15,2.948749094491382,-0.08327077913550376,1.1767652339999999,1.3931827615659769,0.6827818299074074,-6.699056774912134,-4.507631595491163,-6.161675981525725,0.9233711032202934,1.278594103359255,-0.7529115249030005
2011-06-30,-0.8668945081276,-0.32624473827058376,0.11145323001113772,-0.32624473827058376,3.4302,4.45505656380137,2.054077317929899,0.09,2.800607288748595,-0.03126417138877388,1.4904263009999998,1.6820081224736865,0.9434213465897411,-6.053844750591459,-3.9168303840266585,-5.410543678134351,0.44209392352535737,1.0698167536481256,-0.7666524396516587
2011-09-30,-0.805689605243418,-0.2143841383822811,0.11021387195397736,-0.2143841383822811,2.0606,3.2574555544169423,1.02640259830762,0.08,2.734305708302509,0.1431437662040395,1.792548176,2.0010156351479407,1.2659451737377414,-6.1293216445098055,-4.036063660254382,-5.34163127158205,0.3217533639053112,1.1137950684421543,-0.6012152489401652
2011-12-31,-0.7619229431901409,-0.660780344632586,0.10898839057957632,-0.660780344632586,1.9843,3.156726785058538,0.38427383713654084,0.07,2.6165609432310872,-0.47485245396254677,1.8327149249999999,2.0703943398007003,1.3250932652368648,-6.631971600529693,-4.62767755591707,-6.320517687053191,0.30878624613057726,1.1010094855588268,-1.0015807702502817
2012-03-31,-0.6654838147122081,-1.0200902731361428,0.10777660445718473,-1.0200902731361428,2.3459,3.3605284742392656,0.09329590779049823,0.1,2.4774572181108905,-1.3499447027765221,2.023076609,2.289170899839522,1.5117517305255932,-6.604834717707968,-4.734595667075315,-6.9931460660539715,0.511818099331518,1.1837210689954578,-1.2711541174566034
2012-06-30,-0.6864645791805328,-1.1229089733119744,0.10657834013981082,-1.1229089733119744,1.7073,2.916594403951936,-0.6589059005204394,0.15,2.528015893724992,-1.8459420896474428,1.8530836510000002,2.140156859944245,1.2944948347823182,-6.737411400698991,-4.875269665513086,-7.545021119837155,0.04091337370185477,0.8776567080063953,-1.809308532820177
2012-09-30,-0.7305262604764032,-1.4524582706815936,0.1053934307895924,-1.4524582706815936,1.676,3.2370521085160657,-0.47668329351231997,0.14,2.6750044143189,-2.2975292609958973,1.6857590070000001,2.0018174756343963,1.066898730780981,-6.7482444353224595,-4.784459096793728,-7.913710438401301,-0.4527372324834875,0.6730002628513376,-2.076805784422084
2012-12-31,-0.5755486153610855,-1.628886054875347,0.10422171509519462,-1.628886054875347,1.8137,3.3988196717755876,-0.6801652202690998,0.16,2.6160369593741857,-2.920734625526487,1.7719071359999998,2.1224658806387513,1.1012763948900268,-6.377965570547708,-4.504476046533841,-8.062031942535125,-0.6634850142964548,0.5091473597871081,-2.512780137109989
2013-03-31,-0.38650802338633367,-1.5861394933708381,0.10306303641839892,-1.5861394933708381,1.919,3.5277658186932013,-0.8520649410046075,0.14,2.4346626613312834,-3.4368846663373747,1.533012786,1.9313434847770077,0.8309953039841471,-5.963833911598371,-4.249626707043421,-8.04510557560116,-0.4844888163716674,0.7253683138518543,-2.5451295921294803
2013-06-30,-0.6171422412844901,-1.8653983394220353,0.10191724212064046,-1.8653983394220353,2.639,4.37948589667143,0.12101959738404844,0.12,2.535209877407815,-3.7031521639732405,1.401379327,1.8453878567826962,0.6950478211701911,-5.973373464065884,-4.196635863279336,-8.269697663010792,-0.7460855514309195,0.5582693115694501,-2.568343305022756
2013-09-30,-0.7299273110713532,-1.7751278951370342,0.10078418303078984,-1.7751278951370342,2.78,4.487151533283307,0.1309336453442449,0.09,2.6643472424538324,-3.70628064411122,1.50544034,1.9696968922468474,0.772288949861452,-5.867946799503678,-3.990248558368472,-8.154990604599444,-0.6208151005223268,0.631715841086741,-2.5832254878435505
2013-12-31,-0.49013301056053366,-1.6462343389649972,0.09966371302383675,-1.6462343389649972,3.2097,4.883444632383269,0.4620581217717996,0.09,2.549948011271773,-3.790694631827182,1.493579785,1.969068153813219,0.7393314867280416,-5.532097575465926,-3.7687256711903463,-7.892053041942766,-0.4734345685902692,0.7705064223055651,-2.5163655694616316
2014-03-31,-0.4485025116365927,-1.38491130551256,0.09855568868664566,-1.38491130551256,2.86,4.465342278997431,-0.04883590401808702,0.07,2.3935556265241344,-3.750569457297408,1.419514577,1.8987795246378485,0.6497476010456984,-5.989735425356584,-4.356319585780388,-8.296614606857453,-0.5739882027635126,0.626072563668046,-2.7727612072839927
2014-06-30,-0.6041413655369502,-1.7574097698421118,0.0974599690520902,-1.7574097698421118,2.6346,4.200064752353412,-0.5445030549098151,0.09,2.428886068241563,-4.017872655498313,1.5737061410000002,2.045228501256846,0.7575725635245292,-5.87906130077693,-4.250999710127183,-8.400824167580083,-0.4870188429006097,0.6715211236855199,-2.8752397266630147
2014-09-30,-0.6969455377407408,-1.2750947866176023,0.09637641538688957,-1.2750947866176023,2.6152,4.144444789140037,-0.7903008129684026,0.09,2.523287262918601,-3.7202921567250518,1.556120479,2.0176690252384892,0.677488019240784,-6.170902943147468,-4.479050214031384,-8.423076478966609,-0.45294214168462243,0.6545995670354341,-3.1087730076355835
2014-12-31,-0.7487196452485296,-1.544230539546489,0.09530489102163164,-1.544230539546489,2.2432,3.7149867003773576,-1.2979161430999495,0.1,2.5884153701873807,-3.8151012897353356,1.396764342,1.8443957178044927,0.45197678916021217,-6.547617724223808,-4.81749906425699,-8.844627957086509,-0.4342932734920377,0.6190318482073855,-3.1768046728000625
2015-03-31,-0.7956898620221476,-1.276410278677218,0.09424526121394072,-1.276410278677218,2.02,3.4488834655864014,-1.759448293666901,0.11,2.6482441516549433,-3.673635954840135,1.248207894,1.6807821785985344,0.2298216084278869,-6.224926878420406,-4.456346925455425,-8.366005685429464,-0.3126835103605292,0.6969883826854737,-3.292210609257251
2015-06-30,-0.5262348333307357,-1.6625172307311296,0.09319739303770003,-1.6625172307311296,2.4556,3.821073782803314,-1.6955886021764557,0.13,2.4388036513065687,-4.282139699940553,1.257289558,1.6762012931873778,0.16085221750610623,-5.717893269376468,-4.134543487294629,-8.304928707138021,-0.3128822874845518,0.6783218107307213,-3.516378861736215
2015-09-30,-0.49558372267043815,-1.272976597735331,0.0921611552927476,-1.272976597735331,2.1362,3.5259986557792415,-1.9749695721949494,0.13,2.295467493789287,-4.273897457247985,1.204209544,1.6160239955923354,0.048606392905796936,-5.629258311965852,-4.167579550934728,-8.160901262056104,-0.33424294508558794,0.6897265761310007,-3.533388731608955
2015-12-31,-0.3331713139462895,-1.6470787847955526,0.09113641843069642,-1.6470787847955526,2.3775,3.894936570763606,-1.527782524848972,0.16,2.1685270754443344,-4.619663544697012,1.182479384,1.6019097107584137,-0.004534426833262384,-4.916456290407407,-3.5972886066832466,-7.720439484478043,-0.4041600926401445,0.7475172734535642,-3.360352419495127
2016-03-31,-0.5086060005949454,-1.7297422097365862,0.09012305449342972,-1.7297422097365862,1.8582,3.4956077989286958,-2.112025131674694,0.36,2.470338106003371,-4.54559750519476,1.43255637,1.87195153430225,0.23305892361081915,-5.004511290785783,-3.6261440326858745,-7.887359762548829,-0.40681977878033804,0.8270652935154714,-3.4206043857771924
2016-06-30,-0.5453932303510359,-1.4493596188173163,0.0891209370615843,-1.4493596188173163,1.5344,3.1895691691116212,-2.4727903655248493,0.37,2.5545272087056023,-4.357767633687423,1.535202204,1.999101571089766,0.33854208820362675,-5.117050184032107,-3.699767443603093,-7.833256660779844,-0.34806063187750524,0.8949074388358642,-3.428593593254889
2016-09-30,-0.5373704975225814,-1.3629026080245144,0.08812994121091589,-1.3629026080245144,1.6495,3.519165407986847,-1.8779976620800454,0.39,2.6708988195824976,-4.030862587516648,1.646901336,2.147129901062975,0.4856229271156045,-4.837358697038692,-3.37043974614136,-7.302018033962803,-0.5587465080361018,0.8623970617098482,-3.251734875176155
2016-12-31,-0.702164076803269,-1.4034748470355898,0.08714994347487182,-1.4034748470355898,2.5466,4.4587057979056315,-0.8846355990120083,0.45,2.937698488245266,-3.6752324183356997,1.741849405,2.271865223374169,0.6088865671834649,-4.545709082535582,-2.937987550107009,-6.769434774116247,-0.5581450633185181,0.8710194546854453,-3.197332446025815
2017-03-31,-0.45614927295494406,-1.1907306410285794,0.08618082181208436,-1.1907306410285794,2.4697,4.540904178871944,-0.47573742073440606,0.7,3.1237604640210233,-3.14735416313708,1.7869389449999997,2.3517107690873393,0.7156756859450973,-4.225270097212444,-2.699483331319642,-6.240861704080384,-0.690099495644942,0.9007528371769691,-2.9245960454921573
2017-06-30,-0.5546365498637358,-1.16592720487494,0.08522245557774943,-1.16592720487494,2.3557,4.225899760520647,-0.6513631487964551,0.95,3.3620683158638354,-2.6713919135014406,1.574120133,2.160368662789329,0.5706416703573749,-4.203255905703069,-2.7073581147059986,-6.046103127318099,-0.515001990148531,0.8936192150081463,-2.8247141832188443
2017-09-30,-0.35666120706194165,-1.1332719105329048,0.08427472549809994,-1.1332719105329048,2.3638,4.112855344204311,-0.894214289629812,1.15,3.34248107539965,-2.5814347636145,1.4425938759999999,2.0289379272539385,0.4650259683927555,-4.097335022922076,-2.79236317778072,-6.023122918682157,-0.414115749809973,0.9192763337535799,-2.91687875564203
2017-12-31,-0.46723259045901544,-1.1323700910793835,0.08333751364732722,-1.1323700910793835,2.432,3.966907958065189,-0.9827183668042796,1.2,3.297535170858488,-2.5422415820709388,1.5421379069999999,2.109753681063321,0.5673273211650325,-4.116446827990953,-2.8929142201790525,-6.036844497692716,-0.19978873193726332,0.9462903586108706,-2.8435797913247134
2018-03-31,-0.23771296452115864,-1.160007564363632,0.08241070342647272,-1.160007564363632,2.7419,4.090142411719762,-0.677051150129711,1.45,3.2500639625998007,-2.504261961401057,1.714077123,2.2373442539136854,0.7092280877150848,-3.9300019850696937,-2.943981882324555,-6.00850440635554,-0.055019072274778535,0.9638635110556326,-2.6695859915872964
2018-06-30,-0.2545734721441586,-1.080144865236794,0.08149417954388921,-1.080144865236794,2.8651,4.173833040837549,-0.6015758109948446,1.74,3.3912593211980013,-2.248905940189352,1.915007025,2.399959202745797,0.8754874883719623,-3.391770023570804,-2.52546012451763,-5.486793775178661,-0.025111534183886564,0.965362260200512,-2.686767893104502
2018-09-30,-0.28128524591876913,-0.83373640844597,0.08058782799696618,-0.83373640844597,3.0463,4.272642560131172,-0.30783855107454716,1.93,3.503012368319382,-1.8073298529063504,1.9318203710000001,2.3795251759694143,0.8752471713626436,-3.491433467312789,-2.686046258886773,-5.375371267151436,0.13482460056431567,1.0549439036742112,-2.4664424066600747
2018-12-31,-0.004972505771957117,-1.028700578146697,0.07969153605488903,-1.028700578146697,2.6991,3.7955235190490777,-0.806185353732296,2.22,3.490610619509803,-1.8327166443869483,1.953587139,2.372347892731872,0.8890811647676558,-3.474128242637074,-2.9077383223063533,-5.598184495019283,0.26221974771904355,1.1063974062108741,-2.412264982069338
2019-03-31,0.10659810767184645,-0.9489859184061413,0.07880519224223001,-0.9489859184061413,2.4143,3.3839834382023666,-1.1575912982817496,2.4,3.3904898676829855,-1.8467103545702366,1.7201607449999998,2.1143897797773383,0.6441142279297294,-2.9306119165022713,-2.5855338556673035,-5.200139812123336,0.34528244951002884,1.102250235266779,-2.3748798018336363
2019-06-30,-0.03661271792350222,-0.7422755956385758,0.0779286863232317,-0.7422755956385758,2.0187,3.0909436314939853,-1.6944805251832573,2.4,3.3920210434896387,-1.7036395354614275,1.606663856,1.9849830293155364,0.5102012681857443,-2.7124901580968346,-2.3696936555225383,-4.849487147215861,0.21196111334014933,1.0455910075791606,-2.6633812226582307
2019-09-30,0.005687039858180247,-0.6712821532447084,0.0770619092866611,-0.6712821532447084,1.6939,2.7552142132164406,-2.0979818398725536,2.19,3.1433442249076045,-1.849573539468102,1.6584546949999999,2.0274105428425893,0.5301189395746894,-2.6922616826642263,-2.3843384765049236,-4.753389074165199,0.2678742400481515,1.095761785856068,-2.678353666208088
2019-12-31,0.03196799077560611,-0.43394816248045154,0.07620475333114482,-0.43394816248045154,1.9611,3.1295679099632894,-1.896822704949698,1.65,2.601484931938075,-2.2191960509319055,1.5433375679999999,1.9166224229858748,0.37994160975808655,-2.3215174266026706,-2.0242968358424207,-4.215894502282139,0.16567380452521818,1.0846550552675378,-2.857900269372971
2020-03-31,-0.10898914765665263,-0.4943539107738055,0.07535711185091362,-0.4943539107738055,0.7858,2.107531560142875,-2.9987727955973824,1.25,2.3785156300540304,-2.4623017583575493,1.5658971010000002,1.9605154531856233,0.37401972609597905,-2.412546000246219,-1.9873658726576748,-4.15224270968343,0.1026923829106674,1.1276263377733309,-2.8659740425583027
2020-06-30,0.11907816379496491,-1.351983908644824,0.07451887942189214,-1.351983908644824,0.6822,1.9934853255804148,-3.3894976196632296,0.06,1.0816386219232803,-4.6129535898299,0.950027599,1.3649867516291894,-0.2636419252094575,-2.793377608198986,-2.467663606366288,-5.277844305822705,-0.02118229714855624,1.0181339882062264,-3.082640573346805
2020-09-30,0.28759194412908207,-2.2136115081060086,0.07368995178809784,-2.2136115081060086,0.6893,1.9828676739609004,-3.7823288827702406,0.09,0.9280356198555807,-6.056051217707418,1.3342464390000002,1.770174905390103,0.0929155765060784,-2.386663746526839,-2.2240056198213622,-6.040586455938151,-0.07451891159381718,0.9677814214229006,-3.313231675901443
2020-12-31,0.27661530352102703,-2.6862476472246883,0.07287022584830877,-2.6862476472246883,0.9331,2.192254285254138,-3.5901730796383,0.09,0.8685481428911729,-7.1414588060117445,1.433784654,1.8812946176636185,0.17269468125065757,-1.9969497280438047,-1.896970047872728,-6.5354212044673625,0.06615403262024722,1.070942661287572,-3.136305167881588
2021-03-31,-1.1022530428000694,-3.840295102105375,0.07205959964296693,-3.840295102105375,1.851,3.6957226942765247,-2.447472400895374,0.08,2.166411330594647,-7.4160803982538175,1.8482117909999998,2.320729138504933,0.5787421963483034,-3.553363900912192,-2.426244729219709,-8.340995962321882,-0.35299831587114694,0.9680615242225126,-3.3768093973933806
2021-06-30,-1.4627049274252106,-3.5404400515446515,0.07125797234130515,-3.5404400515446515,1.5303,3.6077516492348147,-2.585656299243395,0.07,3.1164018935875797,-6.9495674156498435,3.4794631449999995,3.988464368091965,2.215538454918229,-4.97067292919464,-3.082037386228737,-9.414364797126009,-0.497244401608504,0.9593694851709129,-3.449313795504848
2021-09-30,-1.7251542833179208,-1.2671087996882822,0.07046524422866618,-1.2671087996882822,1.591,3.574826768930082,-1.6166453689046254,0.09,3.830597640749091,-4.209306661504849,3.9229123849999996,4.459258252552165,2.708364276950025,-6.115225605610977,-3.655198648426389,-8.408360898314438,-0.1898735406743315,1.1232226025899446,-2.7400956499529032
2021-12-31,-1.193498764054815,-0.8275802064920654,0.06968131669402244,-0.8275802064920654,1.5907,3.384612531626017,-1.6469500257210195,0.08,3.6995525963303644,-2.975648774695361,4.768483813,5.324198928552123,3.603493326803038,-6.003638686704601,-3.6126016349351855,-7.2863065161836005,-0.14951167761481754,1.0463603932415995,-2.7769913898378102
2022-03-31,-1.0912170004374293,-1.625440337707449,0.06890609221763921,-1.625440337707449,2.364,3.9054260779029097,-1.2026078373592686,0.12,3.5297341639778614,-3.188635282032935,5.412156063,5.947677664955038,4.269897900380456,-5.931307259950219,-3.673731492875856,-7.382108762429419,0.061462745741402536,1.06071998133486,-2.75025374643751
2022-06-30,-0.5798077736298698,-1.2393708578427658,0.06813947435893808,-1.2393708578427658,3.0985,4.4788156220843724,-0.2620131960729526,0.77,3.6515925691854774,-2.6137575789436953,5.15083857,5.64213765893535,4.033310557100777,-5.495325154733592,-3.629489502857967,-6.985763895287465,0.19396233152371023,1.1160976312975464,-2.440930713035575
2022-09-30,-1.27361777394003,-1.0228993467657923,0.06738136774448988,-1.0228993467657923,3.8767,5.24287455351071,1.156918282841708,2.18,5.35733949005056,-0.25632223583645697,5.220388209,5.667239186551748,4.130518777856656,-4.853037518218555,-2.7194455913557816,-5.583496440114753,0.1596519498849991,1.0031713910479525,-2.0493543638616227
2022-12-31,-0.8755609329934682,-0.6186357896132528,0.06663167805616166,-0.6186357896132528,3.8708,5.036997769405572,1.424033785102245,3.65,6.552187886874353,1.7766090556120604,5.072595152,5.475169119086452,4.032224407538052,-3.918160643561096,-1.9687948824669275,-4.198159366811975,0.3061118874161415,1.034577293582279,-1.6925436653322592
2023-03-31,-0.6398721406230355,-0.3968648512052102,0.06589031201941797,-0.3968648512052102,3.5217,4.443618492951408,1.169954053301955,4.51,6.859771076656033,2.8124596130969253,4.745764555,5.109895898323971,3.7813259023694945,-2.980023545982834,-1.4400556508370217,-3.1215240646124576,0.5605801312021415,1.1657891058873215,-1.327571495238339
2023-06-30,-0.5182688277090559,0.1652078060801826,0.06515717739174887,0.1652078060801826,3.8322,4.510895144288675,1.529990544025834,4.99,6.90194919997073,3.79963472130987,4.513658907,4.832729934574816,3.615914340274678,-2.902186776749037,-1.6809526713353315,-2.6335592632400706,0.554026339438938,0.9798954734354558,-1.3598943392229166
2023-09-30,0.04779524473686299,0.42496197791241164,0.06443218295124883,0.42496197791241164,4.657,4.92530702015865,2.414368601478999,5.26,6.294271332782659,4.047460370524422,3.82868306,4.089491191757882,2.972007908876953,-3.109345536738829,-2.558431628568822,-2.85475004218589,0.9640615808907982,1.1451629345439707,-0.8562174013726223
2023-12-31,0.08426455345828734,0.5820867498083488,0.06371523848530916,0.5820867498083488,3.9084,4.039226145126781,2.0284448459148985,5.33,5.875771429852746,4.369385643292083,3.1818928399999997,3.382703241491916,2.366321165436739,-3.4789448441393334,-3.2946105698848536,-3.0336751500121535,0.9316165405549794,1.0159831329476483,-0.6069155529807442
2024-03-31,0.6282464536581341,0.1803278630819205,0.06300625477945754,0.1803278630819205,4.1817,4.309431407843169,2.407740554057768,5.33,5.2521011604565135,3.829233708596618,2.9468816329999994,3.09999796061041,2.177538778089689,-2.3533671434331067,-2.6578902686632513,-2.365755404475817,1.2167921095431322,1.3557582562208084,-0.1408293891425636
2024-06-30,0.5693181518527499,0.6471163937743972,0.062305143606317004,0.6471163937743972,4.3358,4.258670389336388,2.371547796690516,5.33,4.831593052010937,3.8589421743293713,2.690916263,2.802269080683084,1.9574703987701347,-2.8812438522625508,-3.5157508541887847,-2.8901069964366775,1.3907217563782694,1.3915853712443575,-0.151996170277773
2024-09-30,0.4888007450552596,0.3013310684460926,0.06161181771468688,0.3013310684460926,3.8034,3.442666983913459,1.6250683764227314,5.26,4.5191233221135665,3.513609675128972,2.650275015,2.7212119516967848,1.9331981114647663,-2.8389200964938706,-3.653036339803865,-3.078780896210863,1.7124771076889913,1.4738650554202846,0.024764663289427613
