date,vint_20Q1,vint_20Q2,vint_20Q3,vint_20Q4,vint_21Q1,vint_21Q2,vint_21Q3,vint_21Q4,vint_22Q1,vint_22Q2,vint_22Q3,vint_22Q4,vint_23Q1,vint_23Q2,vint_23Q3,vint_23Q4,vint_24Q1,vint_24Q2,vint_24Q3
1970-06-30,,,,,,,,,,,,,,,,,,,
1970-09-30,,,,,,,,,,,,,,,,,,,
1970-12-31,,,,,,,,,,,,,,,,,,,
1971-03-31,,,,,,,,,,,,,,,,,,,
1971-06-30,,,,,,,,,,,,,,,,,,,
1971-09-30,,,,,,,,,,,,,,,,,,,
1971-12-31,,,,,,,,,,,,,,,,,,,
1972-03-31,,,,,,,,,,,,,,,,,,,
1972-06-30,0.8956708553375188,0.8956954839236171,0.8955043616408886,0.8927562410156347,0.8942602993748201,0.8949587572369307,0.8939744194710385,0.8941560207269453,0.8951992687228206,0.8953911883832261,0.8947860141421575,0.8955078755112535,0.8971106584253679,0.8969125808416634,0.8964258863772694,0.8964771035180897,0.8965084656385685,0.8963760281824861,0.8963786665107928
1972-09-30,0.940408775158738,0.9404295460047293,0.9402431743431681,0.9375541902532496,0.9390749494710002,0.939760979931788,0.9387554343718202,0.9389409111896057,0.9399593066391064,0.940110611267684,0.9394776598944662,0.9401850163708969,0.9417822006834777,0.9415601448525945,0.9410756547063994,0.9411417584598398,0.9411689988518505,0.9410506474214467,0.9410541817215836
1972-12-31,1.010806883397377,1.0108240713788652,1.0106421683988558,1.0080058698698342,1.0095408568142108,1.0102163385688387,1.0091922663119894,1.009380552305339,1.0103752237637398,1.0104886341077077,1.0098303599443386,1.0105240297179447,1.012114804010965,1.0118708446790223,1.011388792415586,1.0114683755391014,1.0114921331839812,1.011386670726028,1.0113908503846767
1973-03-31,1.0316066057691797,1.031620469521403,1.0314427520458658,1.0288529566229503,1.030400050891516,1.0310667569509568,1.0300265209342214,1.0302166677818962,1.031188784913446,1.031266862605409,1.030585480862513,1.031266308236599,1.0328501017936689,1.0325861459838173,1.032106691513455,1.03219845981747,1.0322193214812754,1.0321256274357258,1.0321302232596739
1973-06-30,1.0966243314633088,1.096635114032754,1.0964613015361206,1.0939121120840833,1.095469486546988,1.0961290849802237,1.0950747769265838,1.0952659378214504,1.0962166854052842,1.0962618393097063,1.0955593564679407,1.096228195981546,1.0978046251189282,1.0975224298468576,1.0970456758678095,1.0971484372319606,1.0971669428240356,1.0970839689953402,1.0970887703443823
1973-09-30,1.1679453911534774,1.1679533206096107,1.1677831378623782,1.1652689478580172,1.1668350242360466,1.1674890811780836,1.1664225573859555,1.1666139739474182,1.1675445337172299,1.1675590256767139,1.1668372626573444,1.1674949679653257,1.1690637969178446,1.168764983013293,1.16829098702841,1.1684036425172872,1.168420289565602,1.1683470563087126,1.1683518688236625
1973-12-31,1.2250220200661122,1.225027310100728,1.2248604889265797,1.2223759797750804,1.2239493946733788,1.2245993788299077,1.2235222882066465,1.223713279845672,1.2246248178952626,1.224610768242616,1.2238713786433322,1.2245187947946474,1.2260799067760795,1.2257659700913732,1.2252947533245724,1.2254162897285688,1.2254315372334421,1.2253671298210311,1.2253717735660288
1974-03-31,1.2588426981830414,1.258845548710842,1.2586818291082413,1.256221961867816,1.2578015401264404,1.2584488282855941,1.2573626349577767,1.2575525899825635,1.2584462481435301,1.2584056411670417,1.2576501261043753,1.2582880842568942,1.2598414596753686,1.2595137805270158,1.2590453346554797,1.2591748180045115,1.2591890898547384,1.259132654945133,1.2591369628393703
1974-06-30,1.315237671486501,1.3152382692525129,1.3150774000587087,1.3126374032045547,1.3142221364169,1.3148680196500018,1.3137740217465421,1.3139623897111923,1.3148392797822805,1.3147739692281188,1.314003689819238,1.3146330037109368,1.3161787034581476,1.3158385548580345,1.315372847192956,1.3155094169420576,1.3155231050210574,1.3154738471811016,1.3154776636342915
1974-09-30,1.3502898935916554,1.3502884127863914,1.3501301520099278,1.347705506366092,1.349294535095892,1.3499402254369552,1.348839571134108,1.3490258560842656,1.3498870561230247,1.3497987707588177,1.3490149589320182,1.3496364226267232,1.3511745750060982,1.350823130045612,1.3503601075987521,1.3505029712871577,1.3505164383566126,1.350473616616187,1.3504767963093274
1974-12-31,1.2713740188138036,1.2713706216943488,1.271214736605916,1.2688011582388792,1.270393756933548,1.2710403943949258,1.2699340959630998,1.2701178503394237,1.2709644024575657,1.2708547516862125,1.2700585197766014,1.2706729063414428,1.2722036966455423,1.271842035266331,1.2713816280046768,1.271530056259977,1.2715436386799248,1.2715065631097378,1.2715089698815847
1975-03-31,1.1982197725860364,1.1982146100997912,1.198060877145835,1.1956542987855157,1.1972498627040045,1.1978985225295506,1.1967874688822038,1.1969682879172487,1.197801197182533,1.1976716766762245,1.1968640261059644,1.1974720869754452,1.198995749029503,1.1986248643281443,1.1981669878257675,1.1983203096318955,1.1983343199564107,1.1983023482699764,1.1983038540826425
1975-06-30,1.1981059783229393,1.1980991907300416,1.1979473953158206,1.1955439467145763,1.1971419804053762,1.1977936804909528,1.1966786485734242,1.196856165068979,1.1976763992286248,1.1975283965440688,1.1967102257817932,1.1973126906316476,1.1988294998296296,1.1984503039869203,1.1979948616193483,1.1981524597983506,1.1981671892723493,1.1981397234585112,1.1981402074244116
1975-09-30,1.2058089907147678,1.20580070820504,1.2056506443812267,1.2032466319186768,1.2048467389333188,1.205502447361269,1.2043841126051622,1.2045579920138354,1.2053664818334213,1.2052012819661675,1.2043733938897523,1.2049709708923328,1.2064812383965782,1.2060945682847235,1.2056414530669726,1.2058027599456482,1.2058184809187011,1.2057949639144026,1.20579431137287
1975-12-31,1.232706586737094,1.2326969300375086,1.2325484001157616,1.2301402858875599,1.2317421595135725,1.2324028021584095,1.2312817481535527,1.2314516839130332,1.232249323979207,1.2320681148162518,1.2312312235583711,1.2318245999248632,1.2333286677969535,1.2329352902950674,1.2324843864348556,1.2326488796805255,1.2326658479471224,1.2326457603615402,1.2326438619974773
1976-03-31,1.2493719219323178,1.2493610029011797,1.2492138170180636,1.2467981976102616,1.2484016124751702,1.2490680806397638,1.2479448081241609,1.2481105172114397,1.2488981670843657,1.2487020447170367,1.2478567820432693,1.2484466247818649,1.249944861878053,1.2495454789116256,1.2490966631290017,1.2492638617480563,1.2492823188185866,1.249265175721088,1.249261926720873
1976-06-30,1.2978199134211184,1.2978078356253908,1.2976618112701659,1.2952353964069168,1.2968402008478495,1.2975133588864027,1.2963882941209315,1.2965495128073252,1.297327998433071,1.2971179722956707,1.2962648935470016,1.2968518503818685,1.2983446488878179,1.2979399021992153,1.2974930448508815,1.297662505350055,1.2976826806527173,1.297668028438287,1.297663327680202
1976-09-30,1.3161923826598336,1.3161792419323455,1.3160342034514745,1.3135937947081473,1.3151999038300821,1.3158805967058624,1.3147540992768942,1.3149105790760958,1.3156806943858235,1.3154576921904144,1.3145972818114542,1.3151819822186728,1.3166697547252149,1.316260230377833,1.3158151964157971,1.3159865091306857,1.3160086221409173,1.3159960354878713,1.3159897847658204
1976-12-31,1.3652975755114682,1.3652834604847928,1.3651392385749022,1.3626817083775826,1.3642890977401838,1.3649781584504772,1.3638505285269822,1.3640020323386506,1.3647645409694036,1.364529413410376,1.363662090078772,1.3642451464016045,1.3657283234368147,1.3653145560528817,1.3648712058424417,1.3650439914422303,1.3650682537320966,1.365057332669537,1.3650494359501588
1977-03-31,1.337725413716623,1.3377104063303586,1.3375668375311478,1.3350891087142627,1.3366978085975019,1.3373960653754986,1.3362675504338164,1.3364138488960076,1.3371694859704766,1.3369230111752244,1.3360491325446446,1.336631141153845,1.3381101690920343,1.337692645822598,1.3372508358423671,1.337424742024547,1.3374513592198642,1.3374417263260447,1.3374320890406544
1977-06-30,1.3031466885678558,1.3031308645458357,1.302987790745132,1.3004868170103234,1.3020969072135093,1.3028051903871414,1.301675991406003,1.3018168594810808,1.3025663333812658,1.302309221085351,1.3014290881538788,1.3020106306191264,1.3034859698852617,1.3030651341103503,1.302624717556929,1.302799415951033,1.3028285895784115,1.3028198873362693,1.3028084157104123
1977-09-30,1.318079994106307,1.318063423399769,1.317920691364462,1.3153934390826787,1.3170050442131551,1.31772419256117,1.3165944696784184,1.3167296835109128,1.3174736775739648,1.3172065730001838,1.3163204341163182,1.3169020783533738,1.318374201833846,1.3179504565902262,1.3175112839114609,1.3176864672177035,1.317718396416581,1.3177102847597277,1.3176968851848119
1977-12-31,1.3196643917999746,1.3196471389919826,1.319504599941116,1.3169480318711926,1.3185613170777102,1.3192921834722569,1.318162061082714,1.3182913951841075,1.3190305692361588,1.318754056655468,1.317862111174451,1.3184444125279096,1.3199138040844975,1.3194875152170704,1.319049434600969,1.3192248139985996,1.319259697064444,1.3192518511566276,1.319236429610084
1978-03-31,1.2594093460069566,1.2593914706723042,1.2592489799120017,1.256660041571674,1.2582752086745104,1.259018664736415,1.2578882359966082,1.258011460832059,1.2587464524599419,1.258461058410499,1.2575634600151497,1.2581469622305477,1.2596141151959377,1.2591856142274256,1.258748472078015,1.25892377494909,1.2589618106629663,1.2589539189659726,1.2589363804888822
1978-06-30,1.2806764575926244,1.28065801460603,1.2805154312505,1.2778910408838513,1.279508324848717,1.280265264262018,1.2791345949508965,1.279251475027608,1.2799829004657752,1.2796890966019834,1.2787859563034736,1.279371192333086,1.2808366078405777,1.2804061945516492,1.279969835989151,1.2801448040174634,1.2801861927034532,1.2801779554040196,1.280158203648173
1978-09-30,1.3239290621182396,1.3239101019018302,1.3237672887104144,1.3211043320495621,1.3227239977459664,1.323495337781309,1.3223644694460224,1.322474762032967,1.3232032165153367,1.3229014220532571,1.3219928108888193,1.322580303463854,1.3240444884325413,1.3236124331412968,1.3231767025714616,1.3233510902935413,1.3233960345286653,1.3233871624141325,1.3233650992742754
1978-12-31,1.3670520732625342,1.3670326419612457,1.3668894653286705,1.3641847966633416,1.3658071358407082,1.3665938165169675,1.3654627688073924,1.3655662234532155,1.3662922808443967,1.3659828645614471,1.3650688160068647,1.365659077893712,1.3671225424511526,1.3666890879760423,1.3662538297828521,1.3664274036896953,1.3664761085701922,1.3664663224667593,1.3664418478183973
1979-03-31,1.3322813039250185,1.3322614434956632,1.3321177736415435,1.3293682250922334,1.3309935534967892,1.3317965336651647,1.3306653057311708,1.3307616647916862,1.331485876268774,1.3311691580053715,1.3302496701218192,1.3308432039612255,1.332306458037154,1.3318718213217091,1.331436880749347,1.3316094190636472,1.3316620919063153,1.3316511228228896,1.3316241343916835
1979-06-30,1.4758682304114017,1.475847978607675,1.4757036900219493,1.4729060913768335,1.4745347459207516,1.4753549953789942,1.4742235661676308,1.4743125666086079,1.475035458112587,1.47471170971082,1.4737867470470927,1.4743840446526983,1.4758475934190978,1.4754119667897558,1.4749771910937137,1.4751484843792741,1.4752053337059672,1.475192923862134,1.475163317257749
1979-09-30,1.482009741882488,1.4819891321137755,1.4818441043280046,1.4789953163656147,1.480627652245668,1.481466138777273,1.480334466022657,1.4804158428289826,1.4811379109402478,1.4808073565375934,1.479876851809821,1.4804783927741803,1.4819427305359087,1.4815062825545988,1.481071522519013,1.481241375317905,1.4813026089343555,1.481288513894312,1.4812561828499171
1979-12-31,1.5929943331340621,1.5929733941707367,1.5928275129408225,1.5899244778336097,1.591560865479373,1.5924185354570748,1.5912865531027434,1.5913600447034417,1.5920817505194567,1.591744566096358,1.590808421669244,1.591414671092279,1.5928802731473692,1.592443149009819,1.59200826094858,1.5921764946880774,1.5922423166238722,1.5922263088098447,1.5921911456783353
1980-03-31,1.6501070110876477,1.6500857665794715,1.6499389255838595,1.6469787387735029,1.648619560484951,1.6494973113760083,1.648364925106701,1.6484302813180414,1.649152041820648,1.6488083538778187,1.647866443073496,1.6484778481888278,1.649945160077257,1.6495074814950006,1.649072329878461,1.6492387873445575,1.6493093933687324,1.6492912672885225,1.649253163858367
1980-06-30,1.5937799213239743,1.5937583890907816,1.593610492270393,1.5905905011477675,1.5922361472580433,1.5931347900119475,1.592001870497456,1.5920588635958288,1.592781039887416,1.5924309230999707,1.5914830913623048,1.5921000767894984,1.5935695002297214,1.593131364717732,1.5926958255956556,1.592860377335386,1.5929359487001638,1.5929155282961664,1.592874377003661
1980-09-30,1.6133470878756777,1.6133252789212162,1.6131762436125903,1.6100941794207873,1.6117450437919287,1.6126652526793193,1.6115316260476868,1.6115800657102757,1.6123029473744217,1.6119464210387338,1.6109924869839936,1.6116154482809568,1.61308732295618,1.6126488024305925,1.6122127678552434,1.612375320944735,1.6124560159385009,1.6124331645488896,1.612388860179637
1980-12-31,1.6737302846590785,1.673708201849358,1.6735579628910893,1.6704121134917915,1.672068588119948,1.6730108351283663,1.6718762700893741,1.6719160230827708,1.6726398077850364,1.6722768308377796,1.671316587225205,1.6719458823538311,1.6734204625553395,1.672981601125278,1.6725449848158584,1.6727054945156268,1.6727914373258745,1.6727660708428336,1.6727185128332842
1981-03-31,1.7137817772085104,1.7137594135457923,1.7136079285692567,1.710397361039178,1.7120598295117437,1.7130242999004124,1.7118884908357024,1.7119195064871038,1.7126442737806573,1.712274738131285,1.7113079527908057,1.7119438910434266,1.7134213160105165,1.712982126826741,1.7125448713569267,1.712703356267425,1.712794622567109,1.71276672647887,1.7127158219483256
1981-06-30,1.8394140057644779,1.8393913421776837,1.8392385983241066,1.8359634416796027,1.8376322711928625,1.8386187563038046,1.8374813015347193,1.8375036441752286,1.838229322323445,1.8378530442015835,1.836879460958581,1.8375222888265115,1.8390025454540742,1.8385630064548706,1.8381250922859487,1.8382816537085156,1.8383782522917151,1.8383479033978174,1.8382935710608752
1981-09-30,1.858138381489555,1.8581153840532094,1.8579614063852832,1.8546232058711531,1.856298737488977,1.857306500478592,1.8561668748318425,1.856180764534706,1.8569070890349852,1.8565237980232265,1.8555431376636924,1.8561930210746984,1.8576758975169094,1.857235945894245,1.8567974026106024,1.856952248897439,1.8570540986152193,1.8570214922916617,1.8569636674177188
1981-12-31,1.806141313069167,1.8061179295586078,1.8059627914478882,1.8025649464002695,1.8042474832214688,1.805275093157491,1.804132613901415,1.8041384769056368,1.804864939334095,1.8044742647406666,1.8034862260609725,1.8041432283860876,1.8056282570132058,1.8051877822132392,1.804748702334098,1.8049021790508135,1.8050090802603649,1.8049745641955495,1.8049132047901657
1982-03-31,1.7614628592562922,1.7614390149523615,1.7612828507065141,1.7578311473169284,1.7595209402427776,1.7605660702659491,1.7594198555375435,1.7594183856707575,1.7601441715505906,1.759745625800503,1.7587498867832014,1.7594139420537869,1.7609003303109074,1.76045916539587,1.7600197211144324,1.7601723477921114,1.7602839475766263,1.7602480628463795,1.7601831572187343
1982-06-30,1.728148665893868,1.7281242585753305,1.7279672784931253,1.7244705256246,1.7261677565100009,1.7272269429567189,1.7260758620391947,1.7260680940890645,1.7267920088561277,1.7263849676793672,1.7253811868268798,1.7260520677717315,1.727538615898864,1.7270965271524947,1.7266569902534576,1.726809504288838,1.7269252549137954,1.7268887850191452,1.7268203608520232
1982-09-30,1.6736010997903812,1.6735759939130845,1.6734185017698144,1.6698892701945387,1.6715940323866816,1.6726623947066352,1.6715050101097693,1.6714924051965234,1.672212788238824,1.671796467672766,1.670784285506723,1.6714615664256254,1.6729465719996228,1.6725032467902605,1.6720640117530694,1.6722174194802557,1.6723365300621298,1.672300557954958,1.6722286928773005
1982-12-31,1.6275323218844682,1.6275063420712244,1.627348754657065,1.6238042040777874,1.6255164807962685,1.626587408145671,1.6254219106639942,1.625406451820876,1.6261210804235162,1.6256945111351662,1.6246735518201614,1.6253565671419297,1.626837718457813,1.6263927516430667,1.6259543614378615,1.6261099952938969,1.6262313777074275,1.6261973495976971,1.626122183020824
1983-03-31,1.5729373106064308,1.572910234807288,1.572753102424531,1.569215850403916,1.570935492258374,1.572000314077367,1.5708244543190588,1.5708087469964527,1.5715147355209496,1.571076735871506,1.57004660883062,1.570734409766609,1.5722086739543248,1.5717615536187035,1.5713247267592614,1.571484305385147,1.5716065174196174,1.5715763098320354,1.5714980553598665
1983-06-30,1.5837912710190925,1.5837628241235207,1.5836068496660263,1.580105782439989,1.5818324868892766,1.5828801652393127,1.5816911892705547,1.5816785552275283,1.582372261115392,1.5819214120282936,1.5808817132525883,1.5815730277517965,1.583036546469732,1.5825866406928641,1.5821522964228327,1.5823179808158618,1.5824391731441914,1.5824151555274826,1.582334112444473
1983-09-30,1.5845185414334975,1.5844883908419471,1.5843344428736212,1.5809052747801402,1.58263857292481,1.5836554896140842,1.5824500935223433,1.582444635798263,1.5831215947617054,1.5826562222692324,1.5816065347398098,1.5822997407547759,1.5837477582525472,1.5832943061628968,1.5828635817478403,1.5830380141648899,1.5831558938090733,1.5831409718300058,1.5830575327820635
1983-12-31,1.5674298836223595,1.5673976394890923,1.5672467510774513,1.5639319845846757,1.5656712449758898,1.566641215010821,1.5654155450755773,1.5654221438566553,1.5660770744936672,1.5655952505015183,1.5645351426708736,1.565228272707575,1.566655140882002,1.5661972538317979,1.565771503111562,1.5659578047746892,1.5660696379075576,1.5660672506612143,1.565981900341599
1984-03-31,1.532744916267864,1.5327101410373274,1.5325634802918922,1.5294111730270354,1.5311556389767684,1.5320603747431587,1.530810118773994,1.5308342895913125,1.5314612360157431,1.5309608152120426,1.5298898357399502,1.5305806432881062,1.5319799798180558,1.5315166626033097,1.5310974173167073,1.531299104074227,1.5314017971165952,1.5314158225999146,1.5313291185979052
1984-06-30,1.4609456160553325,1.46090785071527,1.460766640468001,1.4578270253912748,1.45957591223294,1.4603962990586554,1.4591169421603927,1.459164446216327,1.4597571688666633,1.4592358905151017,1.4581535563477366,1.4588396932803025,1.4602048150634472,1.4597350230979087,1.4593238872859076,1.4595446375938916,1.459634959213425,1.4596694547087803,1.4595819763203988
1984-09-30,1.4812228560106906,1.481181673710282,1.4810470279723533,1.4783656172470963,1.480118307453452,1.4808370084423268,1.479524358467855,1.479600406818987,1.4801531794984333,1.4796088752429997,1.47851464882597,1.4791940241067665,1.4805188313944786,1.4800415866060714,1.4796400214904897,1.4798832024886384,1.4799582363911865,1.4800169084617398,1.479929153086072
1984-12-31,1.4525930387236092,1.4525481353809153,1.4524207833159237,1.450026713706186,1.451783084042161,1.4523889442846225,1.4510400227127045,1.451147930558057,1.4516568866696171,1.4510878311624378,1.4499810828443354,1.4506524658777917,1.4519329359110833,1.451447521759839,1.4510564825554664,1.4513243487966208,1.451382258874358,1.4514675675176183,1.4513797761878688
1985-03-31,1.4082043539187783,1.4081556513661635,1.4080356230430449,1.4059283597905174,1.4076891530241133,1.408182226548088,1.4067962867285382,1.40693593688265,1.4074006026547612,1.406805910334956,1.4056858747270127,1.4063495804353527,1.4075854695698276,1.407091651810908,1.4067111740586447,1.4070039535416983,1.4070448569605736,1.4071569939535267,1.40706895255817
1985-06-30,1.407985789245105,1.4079358889208666,1.4078150597545473,1.4056501298679596,1.4074257125450127,1.4079360094623836,1.4065386184701842,1.4066701951863314,1.407129875947068,1.4065190823889586,1.4053839294041441,1.406058094049318,1.40729327266834,1.4067965976566859,1.4064159911725196,1.406710253604542,1.4067568410212192,1.4068695485509286,1.4067759028364484
1985-09-30,1.3807513555801623,1.3807002572393094,1.380578389976774,1.3783424921170093,1.3801340000708129,1.3806664809243574,1.379257840864992,1.3793796873196984,1.3798351908374493,1.3792075283693817,1.3780563142136462,1.3787418155690072,1.379977540466198,1.3794778840472899,1.379096825243141,1.3793919627622202,1.3794452105111739,1.3795577463629565,1.3794580712422626
1985-12-31,1.3275371621222392,1.3274847587159742,1.3273619257005502,1.3250544284045027,1.326862688310603,1.3274175342829757,1.3259968328427458,1.3261087384303127,1.3265593414139927,1.3259135618310878,1.3247453174765205,1.3254423736125436,1.3266782303067,1.3261752256013977,1.3257937964951036,1.3260900929545048,1.3261501549515367,1.3262627710984038,1.3261568154327783
1986-03-31,1.255362942122872,1.2553091335327116,1.2551853703333915,1.2528037268475904,1.2546296684395142,1.255207789499504,1.2537743117769065,1.2538758298882067,1.2543209664250763,1.2536557842304212,1.2524694691849056,1.2531783983854499,1.2544141728890075,1.2539074568670083,1.2535256895397795,1.2538233175420936,1.2538904826226853,1.2540033035655025,1.253890771332039
1986-06-30,1.2196655204916975,1.2196102227627357,1.2194854990866641,1.2170239927849436,1.218868688009214,1.2194721975068465,1.2180254183989483,1.2181157205562352,1.2185551226158666,1.2178692460842075,1.2166637396925575,1.2173850253970917,1.2186208618596868,1.2181100943652763,1.2177279324518144,1.2180268684537614,1.2181016433907184,1.2182145710068426,1.218095101372982
1986-09-30,1.1881683605740672,1.1881114973473403,1.1879857419360627,1.1854365001408524,1.1873011391845245,1.1879329717642735,1.1864724745110522,1.1865504659597033,1.1869840403764877,1.1862761322577082,1.1850502311300217,1.185784468855229,1.1870207354348632,1.186505579484231,1.1861229106231712,1.1864230063494,1.1865060501222535,1.1866188432558056,1.1864920244016357
1986-12-31,1.2241145765165453,1.2240560705551777,1.2239291957006695,1.2212831858836566,1.2231690540318805,1.2238325901766562,1.222357985901403,1.2224224191014252,1.2228501262386926,1.2221187644569882,1.2208711794408478,1.2216190247039034,1.222856181438609,1.2223362836746678,1.2219529714597896,1.2222540242364528,1.2223460835109738,1.2224584363302498,1.2223238188930936
1987-03-31,1.2207758716839894,1.2207156391924188,1.2205875566548374,1.217835217729771,1.2197436826875367,1.2204425111764077,1.218953386063,1.2190029319576698,1.2194247061480499,1.2186683549418742,1.2173977065576258,1.2181598417065969,1.21939835487609,1.2188733319732994,1.2184892365998956,1.218791034724961,1.218892903338984,1.2190044957672947,1.2188616007278268
1987-06-30,1.307256575753704,1.3071945229325521,1.3070651529686126,1.3041967336351132,1.306129241281715,1.306867032396632,1.305362917032594,1.3053962024001593,1.305811905855177,1.3050288951969151,1.3037337077802877,1.3045108239731178,1.3057511177320995,1.3052205475407888,1.3048355373871559,1.3051378854769273,1.3052503832059383,1.3053609089492366,1.305209231044548
1987-09-30,1.3326972626163325,1.3326332837239176,1.3325025596812303,1.3295082791838915,1.331466354970426,1.3322468001018923,1.3307271518739328,1.3307427766982083,1.3311521751219662,1.3303406869001526,1.32901938260169,1.3298121720011604,1.3310546036265711,1.3305180199599973,1.3301319772953717,1.3304347092516453,1.3305586721390432,1.3306678527975535,1.3305068612492124
1987-12-31,1.3188129492818308,1.3187469264550602,1.3186147955451195,1.3154849249664697,1.3174701809554312,1.3182969568084943,1.316761145950161,1.3167576959009415,1.3171604539759652,1.316318523901372,1.3149694215663472,1.315778581143544,1.3170234341857032,1.3164803287200877,1.3160931501474853,1.3163961347700628,1.3165324097274207,1.3166400002462264,1.3164691386161353
1988-03-31,1.2401136195420561,1.2400454283140843,1.2399118434157719,1.2366368500187026,1.2386510073238712,1.2395276873143934,1.2379749661639106,1.2379510553613482,1.238346782889606,1.2374723730710788,1.236093715826296,1.2369199876756913,1.2381674988888924,1.2376173532297738,1.2372289371256793,1.2375320776296266,1.2376815077154153,1.237787292774402,1.2376059817707894
1988-06-30,1.2473020935115091,1.2472315971872556,1.2470965246684789,1.2436669464955301,1.2457118287973845,1.2466419584258945,1.2450714767070306,1.245025710127393,1.2454139152203536,1.2445048392987021,1.2430947600334163,1.2439389006172341,1.2451892317646354,1.2446314871513877,1.2442417447212657,1.2445449821158225,1.2447084206170014,1.24481222010037,1.244619851973973
1988-09-30,1.2850947960882804,1.2850218368916628,1.2848852687935441,1.2812914851085078,1.2833690042382626,1.2843562346559823,1.2827670702278118,1.282697979122638,1.2830779955904743,1.282131799526509,1.280688267239294,1.281550996276932,1.2828041919140925,1.2822382003218014,1.28184707314413,1.2821503893097024,1.2823287240590475,1.2824303996120765,1.2822263295948082
1988-12-31,1.2703427368948303,1.270267142474214,1.2701290859739802,1.2663613961310458,1.268473578045303,1.2695215999096212,1.267912731776779,1.2678188107053958,1.2681898561745062,1.2672038982014842,1.2657247473285644,1.266606794789146,1.2678628206964082,1.2672878804320384,1.2668953246721357,1.2671987366430288,1.267392879212571,1.2674923245491032,1.267275872717755
1989-03-31,1.324571498831947,1.3244930822948482,1.3243535587138153,1.3204021242778445,1.3225511176760265,1.3236636821847005,1.3220339887745658,1.3219136887586145,1.3222748678747855,1.3212463140087942,1.3197292385984736,1.3206313500952698,1.3218900981095516,1.3213054535619713,1.320911438207745,1.3212149957856536,1.3214258859529593,1.321523023620961,1.32129347228899
1989-06-30,1.329524469468028,1.3294430291394934,1.329302073342711,1.3251568489979804,1.3273449328109919,1.3285258788926422,1.3268741382494733,1.3267258571948228,1.3270761626126424,1.3260019781703112,1.3244445244633871,1.3253674646036009,1.3266287563045311,1.3260335959697196,1.3256381016636551,1.3259418848622373,1.3261704961003087,1.3262652742083851,1.326021865081877
1989-09-30,1.3306116536413004,1.3305269728021671,1.3303846326418798,1.326035292681673,1.3282648828668864,1.3295181666008222,1.3278430575707807,1.327665129850282,1.3280034430945609,1.326880383656475,1.325279942610432,1.3262244977963515,1.327488088238403,1.3268815424406148,1.3264845604022204,1.3267886766498957,1.3270360219272785,1.3271284106544572,1.326870341990817
1989-12-31,1.3681971408602902,1.368108987517211,1.3679653232723563,1.3634011858652544,1.365674841354915,1.3670045665748471,1.365304670913459,1.3650953565718664,1.365420449133485,1.3642450517161324,1.3625988519088401,1.3635658327497753,1.3648314143905307,1.3642125529786806,1.3638140839557717,1.3641186650693835,1.364385802747743,1.3644757906447456,1.3642022145140316
1990-03-31,1.4015435599283552,1.4014516866251923,1.4013067704503253,1.3965167205928788,1.3988371480777442,1.4002475978658302,1.398521403445098,1.3982788771348824,1.398589411816494,1.397357986445061,1.395663087570897,1.3966533307619107,1.3979205375411377,1.3972883675909211,1.3968884208718557,1.3971936198091528,1.3974816595516555,1.3975692496595946,1.3972792693813025
1990-06-30,1.3507100706674293,1.3506142143438407,1.3504681297461647,1.3454405413872803,1.3478105985455513,1.349306267539668,1.3475521729307438,1.3472745126016643,1.3475690451064377,1.3462776669177816,1.3445309540814494,1.3455453235439183,1.3468137350685216,1.3461671985857366,1.3457657911166852,1.346071778492864,1.3463818871280164,1.346467092922116,1.3461597607519717
1990-09-30,1.3659398782407224,1.3658397601479408,1.3656926015060271,1.3604152591322298,1.3628379558525618,1.3644235833781226,1.3626399041561228,1.3623250794962756,1.3626020602941602,1.3612465623439576,1.3594447413993602,1.3604841284618774,1.3617532742874368,1.361091245917156,1.3606884015653142,1.36099536189462,1.361328769187977,1.361411610331117,1.361085925482538
1990-12-31,1.3909214609386868,1.3908167866277241,1.390668658759882,1.385128678605361,1.387607175682271,1.3892877797780505,1.3874727569673848,1.38711861758056,1.3873763941338793,1.385952361145027,1.3840919553810274,1.3851572777625907,1.386426641798667,1.385747926559812,1.3853436755601636,1.3856518031603544,1.3860098074479419,1.3860903053175113,1.385745212415939
1991-03-31,1.344109378028051,1.3439998374306819,1.343850855216568,1.338034606169478,1.3405722108649276,1.342353123322176,1.3405049344809064,1.3401091977743305,1.3403460172486568,1.3388487806035796,1.3369261291396222,1.338018328471847,1.339287353570423,1.3385906846492404,1.3381850632713728,1.3384945577465142,1.3388785313823357,1.3389567043143173,1.3385910923990079
1991-06-30,1.3360154154138995,1.3359006830418978,1.335750971097703,1.3296439953027803,1.3322441530666957,1.3341310556478614,1.3322478291811901,1.3318080679273105,1.3320220805553982,1.3304467149035282,1.3284579732267758,1.329578010816904,1.3308461036322865,1.3301301402809118,1.329723190753734,1.3300342519481152,1.3304456465145047,1.3305215046900822,1.3301342068973743
1991-09-30,1.3275908965776861,1.3274706318711926,1.3273203242762104,1.3209072573790162,1.3235735389015935,1.3255725009507429,1.3236523343495055,1.32316596387514,1.3233552271837525,1.3216965491103783,1.3196376922646609,1.3207865427563432,1.322053078992525,1.3213164045913082,1.32090817532682,1.321220997618932,1.3216613488428328,1.3217348887239548,1.3213246828091065
1991-12-31,1.3187529214936269,1.3186267693554279,1.3184760094257775,1.3117405003603777,1.3144765829865597,1.3165941006909485,1.3146350835143055,1.3140993484598296,1.3142618326140296,1.3125144019013995,1.31038123092981,1.3115598734631477,1.3128242036527937,1.312065324008091,1.3116558701705263,1.311970635949756,1.3124415682600177,1.3125127664604153,1.312078376342503
1992-03-31,1.2934621758579095,1.2933297674171595,1.2931787075207484,1.2861033377079165,1.2889129800744874,1.2911560176873447,1.28915626025435,1.2885682208342255,1.288701815403268,1.28685993951265,1.2846480918634808,1.285857498267815,1.287118954257229,1.2863362962206457,1.2859256806943558,1.286242552833337,1.2867457834837672,1.2868145899398626,1.2863546884869723
1992-06-30,1.2475477053993707,1.2474086590561957,1.247257460461451,1.239823662250972,1.2427106708021696,1.2450867041953115,1.243044373124503,1.2424008908071595,1.2425034133129904,1.240561155831723,1.2382661205661791,1.2395072400359528,1.2407651423842145,1.239957052895448,1.2395453477140106,1.239864460814683,1.2404018034847244,1.2404681337653836,1.2399813470766463
1992-09-30,1.2697497811130416,1.2696037039248826,1.2694525366742702,1.2616405108307542,1.2646086966198031,1.267125759604272,1.2650391215516994,1.2643368440609337,1.2644060507373962,1.2623572446727414,1.2599743834682604,1.2612481230699752,1.2625017896099648,1.2616665352840855,1.2612538235945832,1.2615752737443908,1.2621486415133312,1.2622123680772719,1.2616972815661622
1992-12-31,1.22880640313466,1.2286528926167155,1.2285019354146045,1.220290567400812,1.223343691278612,1.2260104252195951,1.2238779004268132,1.2231132459461764,1.2231468452180017,1.2209851121869475,1.2185096873203123,1.2198168875513637,1.2210656434076925,1.2202014108096757,1.2197877894605906,1.220111622184156,1.2207230297554816,1.220783971928166,1.2202391385701001
1993-03-31,1.0869265643656862,1.0867652107921437,1.0866146508948928,1.0779814256435611,1.0811231295536086,1.083948836919766,1.0817690645100242,1.0809382049445202,1.0809338742349852,1.078652650805299,1.0760798615360145,1.0774212659959592,1.0786644554132954,1.0777693521889526,1.0773549350483618,1.077681131076091,1.0783326961050226,1.078390608500647,1.077814559681069
1993-06-30,1.0398671318542334,1.039697521165057,1.0395475542594643,1.0304684690309736,1.033702190645268,1.0366968932841547,1.0344688106610058,1.0335676537732827,1.0335230603747518,1.0311156330704463,1.0284406621427278,1.029816880173014,1.0310538805818468,1.0301259376462195,1.0297108597802325,1.030039318173976,1.0307332615224305,1.0307878205775463,1.0301790800688742
1993-09-30,0.960487209558291,0.9603089269996709,0.9601597570537139,0.9506092318349706,0.9539380991426435,0.9571126022795537,0.9548355415199805,0.9538597117068408,0.9537725386087819,0.9512320894209871,0.9484501617839153,0.9498616226671814,0.9510918615087156,0.9501290365324224,0.9497134594037089,0.9500439774741776,0.9507826221818244,0.9508334103901652,0.9501905121041542
1993-12-31,0.8849521534651674,0.8847647881221818,0.8846166271894946,0.8745674118764398,0.8779941135236745,0.8813600767634675,0.8790338816031058,0.8779786990064297,0.8778466767839541,0.875166341451167,0.8722727977917136,0.8737196947538819,0.8749426697095054,0.873942852192974,0.8735269700781958,0.8738592193900613,0.8746449881057539,0.8746914754420714,0.8740129857577429
1994-03-31,0.859500404305223,0.85930355472573,0.8591566226820375,0.8485796999695454,0.8521063260732669,0.8556763430760682,0.8533015110225179,0.8521619685677668,0.8519829147089059,0.8491558565845634,0.8461462449205729,0.8476284667161176,0.8488437701512027,0.8478047884396992,0.8473888363160675,0.8477223338915493,0.8485577444532193,0.8485992663373525,0.8478838120070993
1994-06-30,0.8878435981274837,0.8876368792906432,0.8874914034763823,0.8763558859081668,0.8799837326236218,0.8837714216715667,0.8813492770449821,0.880120014857968,0.8798918822759698,0.8769113853369064,0.8737815747880038,0.8752986220253958,0.8765059706781246,0.8754256013519769,0.8750098645718184,0.8753439381536134,0.8762315969323742,0.8762673278996441,0.8755136308064743
1994-09-30,0.9119978796021997,0.9117809315589807,0.9116371462970924,0.8999101652352772,0.9036394944014313,0.9076596028406239,0.9051925082609882,0.9038677847117759,0.9035887216872023,0.900448307226198,0.897194629257719,0.8987455117732234,0.899944783019814,0.8988207632015446,0.8984055893665003,0.8987393352595368,0.8996819277895001,0.8997108497794268,0.8989177701837784
1994-12-31,0.9172099116121405,0.9169824102269515,0.9168405561779888,0.9044871394424142,0.9083168819477996,0.9125854085703462,0.9100770247762374,0.9086506831128398,0.9083191075930657,0.9050126804861681,0.9016321045300897,0.9032152149507439,0.9044064913917649,0.9032365346549656,0.9028223482281803,0.9031545797693724,0.9041548580593073,0.9041757218834763,0.9033423122976626
1995-03-31,0.894484319340417,0.8942459897043255,0.8941063130117464,0.8810892464732555,0.8850166342718224,0.8895509752325717,0.8870065824007253,0.8854720115283955,0.8850867036572262,0.8816087359529043,0.8780990885327113,0.8797120455486226,0.880895670234805,0.8796774869939219,0.8792648073633155,0.8795939914143185,0.8806547571683437,0.8806660352281399,0.8797916077467318
1995-06-30,0.8744362499656406,0.874186883249945,0.8740496344157936,0.8603293007108628,0.8643494072266308,0.8691685332616927,0.8665954315972897,0.864945518980061,0.8645057370514746,0.8608514992138573,0.8572117388029191,0.8588511913988768,0.8600278368182429,0.858759160345836,0.8583486242951629,0.858672802235845,0.85979688497832,0.8597967126144838,0.8588809234923322
1995-09-30,0.7910796931121472,0.7908191679117714,0.7906846003253607,0.7762187848106544,0.7803239461473261,0.7854486219578837,0.7828566358247829,0.7810837096598557,0.7805893365545258,0.7767551903315528,0.7729857545469256,0.7746471352368245,0.7758178903195978,0.7744965099112846,0.7740888997981161,0.7744055882020215,0.7755958169780998,0.7755819188588002,0.7746248754858616
1995-12-31,0.7639550219485655,0.7636833315652048,0.7635516995824487,0.7482953492654123,0.7524744282273704,0.7579274893204968,0.755329608427699,0.7534253650628756,0.7528770948790158,0.7488608669329824,0.7449641148790058,0.7466413254248453,0.7478078064369089,0.7464316097726615,0.746027889197727,0.7463339535260874,0.747593120391338,0.7475627169557325,0.7465651143062068
1996-03-31,0.7020434642418141,0.7017607519304009,0.7016323083659454,0.6855372232528351,0.6897746633180257,0.69558137194101,0.6929945763143627,0.690949987189426,0.6903495655706954,0.686151028383247,0.6821318098288676,0.6838168164088866,0.6849813099105024,0.6835483374139346,0.6831496968575113,0.6834411888728266,0.6847720017321296,0.6847216887190073,0.6836849851049722
1996-06-30,0.6919170264649395,0.6916236314857047,0.6914986243296495,0.6745130515860966,0.6787876467919602,0.6849761576764875,0.6824224919800163,0.6802276819550862,0.6795782190209414,0.6751997160804064,0.6710661117847176,0.6727484172852707,0.673914066618747,0.6724225816841634,0.6720304975684066,0.6723024434109448,0.6737074648404995,0.6736330560956661,0.6725597019748355
1996-09-30,0.663933744429692,0.6636302628941326,0.6635089309963422,0.6455770192733932,0.6498602962786537,0.6564622758088174,0.6539702650304443,0.6516143505121756,0.6509207328600533,0.6463679997991207,0.6421322949820851,0.6437982430408722,0.6449692944252758,0.6434178748573232,0.6430341868734739,0.6432803074591833,0.6447618748744814,0.6446581946376282,0.6435519337132529
1996-12-31,0.5979827669062148,0.5976701329314388,0.5975527003113481,0.5786137526760033,0.5828678213420038,0.589919281723225,0.587525815932538,0.5849966863200431,0.58426612467654,0.5795493775037639,0.575229354113679,0.5768612019282132,0.5780433324627211,0.576430990365738,0.5760580037716718,0.5762703420037149,0.5778304629431665,0.5776910683893959,0.5765573375894582
1997-03-31,0.5716908971731924,0.5713704916628232,0.5712571600243984,0.5512445961942417,0.5554192764376749,0.5629617104350417,0.5607145702367051,0.5579985894028865,0.5572413505920921,0.55237673507824,0.5479973969145693,0.5495720721283132,0.5507728296525536,0.5490991690001897,0.5487397909106866,0.5489082112582591,0.550548426010461,0.5503652340202672,0.5492116977952326
1997-06-30,0.5790775319164532,0.5787513277799128,0.578642266823423,0.5574821639782022,0.5615111514925999,0.5695930826495668,0.5675543193159802,0.564635914673547,0.5638662970943173,0.5588778120496176,0.554473681913151,0.5559611178585189,0.5571905099617219,0.5554559318995624,0.5551138528959494,0.5552253698720829,0.5569465735647756,0.5567093587240581,0.5555466210188273
1997-09-30,0.49615228810916534,0.49582304005190136,0.4957183755114616,0.4733273934189058,0.477123225476067,0.485802317670743,0.48405270941055384,0.4809138045254443,0.4801514138208931,0.47507341114285606,0.4706915348476529,0.47205247432616904,0.473323744969107,0.4715297068278884,0.47120963988557907,0.47124752883074505,0.47304975035737906,0.4727454783800379,0.47158801464850153
1997-12-31,0.47370152993678544,0.4733730091897117,0.473272809780425,0.44955520513808084,0.45300293849574763,0.46234881845949793,0.46099350652873144,0.45761274044080646,0.45688407603643266,0.4517643379731585,0.44746802655253404,0.44865124130810274,0.449981852634181,0.4481311681316087,0.44783915146653386,0.44778181424039987,0.44966396996928387,0.4492759440473383,0.4481432645094095
1998-03-31,0.4049474539133563,0.40460007916348245,0.40450702033007435,0.379331759559134,0.3828288653861057,0.39280450193240835,0.3915170493130434,0.38788466298011004,0.3870727808916333,0.38166203693663525,0.3771879714093142,0.378353345560836,0.37968495481069775,0.3777378230861144,0.37745915464100543,0.3773641528637266,0.3793696374394312,0.37893953966539057,0.37775136963407585
1998-06-30,0.3566325205333779,0.3562663886389458,0.35618106679215616,0.329431398301273,0.3329470904380461,0.34361233190682283,0.34242902053509217,0.33852327368785323,0.3376310952369186,0.3319259913340171,0.3272825775884297,0.32841253955577,0.3297504252141796,0.3277016586250343,0.32743876877110917,0.3272969659254925,0.3294329227160602,0.32895283978649537,0.32771190313336584
1998-09-30,0.35969224293176305,0.3593073485561747,0.35923048608979297,0.3307649418965927,0.3342654405650933,0.34569209123570377,0.344654195346314,0.34044884830623984,0.33947908412966127,0.33347380879903854,0.3286692531880234,0.32974368977129975,0.33109389645490656,0.32893693496930576,0.32869256995005014,0.3284932946824058,0.3307686541082654,0.3302292911460759,0.32893833996126387
1998-12-31,0.3063137395403694,0.3059098986903355,0.30584241298241105,0.2754812342423111,0.27892884961205655,0.29120710952781376,0.2903630922634462,0.285824963048099,0.2847798328610789,0.27846439717485494,0.2735061804990063,0.27450126903011085,0.27587096614457274,0.2735970522999528,0.2733744002764449,0.2731046932924278,0.27553120264159126,0.274921187261985,0.2735829071015181
1999-03-31,0.25454767357392644,0.2541244512606281,0.2540675690152534,0.22156939618138044,0.22492016583381194,0.23816992795454184,0.23757991274865398,0.2326646862600469,0.23154569624862065,0.22490344202742552,0.21979791305604046,0.22068379063226556,0.22208199403331835,0.2196788266121429,0.21948174552658722,0.21912495355761732,0.22171885870719676,0.22102344342204389,0.21964043059213684
1999-06-30,0.24877067534421013,0.24833568325548228,0.24827790756369678,0.21603446448445252,0.21951550563603037,0.23258004941797536,0.23179574568805258,0.22693267738463246,0.22576537673506358,0.21905871993460485,0.2138555446455412,0.214867217636077,0.21622033513442926,0.2138275669403174,0.21363396339302232,0.21333281520095346,0.2159207340803791,0.2152720269832861,0.21384849693495894
1999-09-30,0.25043253056725995,0.2499849587116467,0.24992795219342093,0.21761329985412076,0.22117185103776882,0.23421180653682672,0.23330943495803197,0.22843886946579053,0.22722376167560562,0.2204269562715671,0.21513103385485824,0.21623030155928408,0.21754987584137084,0.2151503681120377,0.21496506675627408,0.21469779500776398,0.21730217646673144,0.2166807875601529,0.21521924360625486
1999-12-31,0.23064943002490093,0.23018855274001304,0.23013379780747012,0.1974624147661142,0.20104953303504813,0.21420591014754423,0.21325408863790413,0.20832355822630694,0.2070615106762626,0.20015324972027587,0.1947703541195721,0.19592297554577529,0.19721928812608105,0.19479828274465727,0.19462577845115664,0.19437298210958942,0.19701339613647093,0.19640216297183627,0.19490519594222344
2000-03-31,0.22426244146390745,0.22378754158988962,0.2237364935755346,0.19043196652960542,0.19399907421799717,0.2074085551819941,0.20647463864688695,0.2014332153442234,0.20012528183904305,0.19308558535235454,0.1876220732077702,0.18879442308471617,0.190077552741912,0.18762088856025844,0.1874656481730021,0.18720830758471538,0.18990368050446743,0.18928585142735696,0.18775620364298864
2000-06-30,0.21812906728786685,0.217643467573436,0.21759114750344116,0.18447699244028304,0.1881207500295739,0.20138396994782914,0.20030470196608713,0.19530254141931086,0.19395940243224555,0.1868758844350371,0.18134268025145234,0.18261752009897284,0.18386765573451297,0.18142110108437448,0.1812721335134232,0.18105988626974812,0.18375028684867445,0.18317111917184895,0.18161024576428303
2000-09-30,0.23201141604788314,0.23151538000251565,0.23146273535433148,0.1982742994476884,0.20196435361037895,0.21521374355673573,0.21404915332485125,0.2090389081565554,0.20766351574925374,0.2005159046122771,0.19491574185384136,0.19625927633470924,0.19749005367451897,0.19503852607624944,0.19489692867140185,0.19471027695537402,0.19741382044359326,0.19685558567404124,0.19526676991537933
2000-12-31,0.2717478921582661,0.27124125336725047,0.27118904541737954,0.2377562871977353,0.2414673816303196,0.25478756655000745,0.2535780876728212,0.2485288048773548,0.24712257387471884,0.23989859739952615,0.23423472762630201,0.2356255055330724,0.23684456767377393,0.23437892949327038,0.23424648369103107,0.23407316101611225,0.23680149581148707,0.23625326377320582,0.23463855597572575
2001-03-31,0.26417489741986766,0.2636572390114468,0.2636064920386141,0.22973037311163233,0.23343252081362365,0.24692201705456251,0.24571410556300674,0.24058932987276124,0.2391529362665731,0.23183716881246672,0.2261126700717186,0.22752649173869113,0.22874162265657455,0.22625128787839702,0.2261305046671397,0.22595658765629556,0.22872355017034723,0.22817294991326373,0.22653423816346402
2001-06-30,0.26514855666845927,0.2646202820460898,0.26456905672123027,0.23062277979369683,0.2343446554987017,0.24782003182477894,0.24654270814591342,0.24140921053933365,0.23994539554618527,0.232578194158492,0.22680055798892734,0.22827747355037953,0.22947612396602635,0.22698318107504256,0.22687223427394762,0.226721863961128,0.22950037037448753,0.22896995193515846,0.22730707772733666
2001-09-30,0.28410126894600973,0.2835621743382839,0.28351044034329514,0.24949725716324062,0.2532287916559987,0.2666886941094657,0.2653470613258704,0.2602048012157974,0.25871491710545097,0.25130071307810775,0.2454747772863204,0.24701341596332987,0.24819614758668612,0.24570161939285523,0.24560165094484643,0.24547441752836813,0.2482638487067922,0.2477536947467595,0.24606783657113923
2001-12-31,0.31554411993694603,0.3149939800127917,0.31494164453003537,0.2808770677367597,0.2846090518593437,0.29804602050685874,0.29664278718571524,0.29149388179453156,0.2899793108169495,0.2825238291406095,0.27665466016478624,0.27825502982726125,0.27942196761698956,0.2769276091396813,0.27683974616218665,0.27673605098567144,0.2795349230697961,0.279045897587046,0.27733821705796363
2002-03-31,0.33549052586955314,0.33492908467935883,0.3348760294240049,0.3007801760759937,0.30450349997183246,0.3179077427911932,0.3164447965448116,0.3112921427494519,0.30975428196359583,0.302263807221901,0.2963566468885355,0.29801926231848136,0.2991703893963605,0.2966782465252025,0.2966036516017075,0.2965241904216152,0.29933070127250017,0.29886397596771364,0.2971356538871912
2002-06-30,0.35016198528596276,0.3495889517993054,0.3495350472855888,0.3154298456756768,0.31913512704683916,0.33249573639836977,0.3309747396008868,0.3258215411046982,0.32426175032128474,0.31674286134510266,0.3108031490942774,0.3125287574321307,0.3136639955221553,0.31117624229626806,0.3111161461385627,0.3110617417926062,0.3138739638154118,0.31343083368910035,0.31168308161287367
2002-09-30,0.2864631768769662,0.28587822124072015,0.2858233299939349,0.2517316226454789,0.25540926578588585,0.26871492580468126,0.267137459859404,0.26198700915894985,0.2604066831002678,0.2528661626293307,0.24689946022213088,0.24868886703206505,0.24980815877483825,0.2473270485135412,0.2472827368319317,0.2472542424044532,0.2500702009266048,0.24965205232723697,0.24788612092920986
2002-12-31,0.24170622990400234,0.2411089809405146,0.24105295982811706,0.20699816785736228,0.2106382423793997,0.2238772474640365,0.22224490060548102,0.21710054444017346,0.2155010687602082,0.2079458734483997,0.20195790073687722,0.20381197163010886,0.20491526938379168,0.20244311371377094,0.20241594356808765,0.20241423886086568,0.2052319309100552,0.20484021110266198,0.20305739067321596
2003-03-31,0.10570932300672581,0.10509936557827115,0.10504206612413233,0.07104813075391508,0.07464036348447456,0.08780065195795936,0.08611502876684896,0.08098015268700595,0.07936290369644969,0.0718001586936769,0.06579679234510699,0.06771644481158196,0.06880371553168863,0.0663428810779913,0.06633428352185788,0.06636026966768979,0.06917767030685526,0.06881388659283247,0.0670155083890489
2003-06-30,0.04792358761207238,0.04730045997982646,0.04724172828912104,0.013333139237035663,0.016866909802379815,0.029936047297070223,0.028198761643321302,0.023076791507986583,0.021443133954643645,0.013880136159697798,0.007867411189903695,0.009853618199870628,0.010924843828396258,0.00847775385039079,0.008489236763417507,0.008543837623480932,0.011358899796078237,0.011024623488304852,0.009212060708876701
2003-09-30,0.110166393802338,0.10952958491761339,0.10946926145429561,0.07567111745628202,0.0791354549688969,0.09210059951974753,0.0903132615017409,0.08520767106540997,0.083558955297421,0.07600317997346084,0.06998729242959392,0.07204109020375243,0.07309626654997475,0.07066540442270841,0.07069855548013321,0.07078272145475545,0.07359337347541406,0.07329024573292497,0.07146491444375735
2003-12-31,0.15358077540476406,0.1529297221067661,0.15286764141252548,0.1192057229487205,0.12258930272772459,0.13543716299206957,0.1336013637463106,0.12851568442751551,0.12685324335527232,0.11931235217705519,0.1132996624224637,0.11542215966353431,0.11646129482685788,0.11404920823544357,0.1141056980174926,0.11422041070789413,0.11702455289642069,0.1167542913123438,0.11491765144047739
2004-03-31,0.17426307615173697,0.17359716025900573,0.17353315064582436,0.14003399777141584,0.14332513763904714,0.15604192817188128,0.15415922394561513,0.1490970554077428,0.14742220137119924,0.13990405121767643,0.13390108765768943,0.13609347531546567,0.13711658800451423,0.1347258934459308,0.13480747870178147,0.13495375588327158,0.13774925687207182,0.13751366241360993,0.13566721885151464
2004-06-30,0.22122075310705439,0.2205392983940007,0.22047318162080115,0.1871641745538224,0.1903508305469011,0.20292222541785598,0.20099412136145584,0.19595914244881205,0.1942731640187934,0.1867858162838515,0.1807992794816196,0.18306284074707885,0.1840699586141516,0.1817033460712503,0.18181187314749475,0.18199077387588325,0.1847754667689076,0.18457643093998197,0.18272173477619347
2004-09-30,0.21993123651434643,0.2192335055655511,0.21916509650136534,0.18607453836031132,0.1891442998115762,0.20155538489824684,0.19958331868959236,0.19457929859233736,0.1928834573109757,0.18543518767385644,0.17947195484228987,0.18180807528991055,0.18279923331705147,0.18045947106900373,0.1805968795098198,0.18080950931286474,0.18358118774598262,0.18342069994453183,0.18155934982758715
2004-12-31,0.17355504064730976,0.17284023158243852,0.17276933785551332,0.13992653956965442,0.1428666235531804,0.15510184750090547,0.15308717279016046,0.1481179824310802,0.14641350948801174,0.13901281814707772,0.13307994801720027,0.1354901258952707,0.13646536483866067,0.1341553044081251,0.13432363073386588,0.13457114688661503,0.13732756099293467,0.13720771607195925,0.13534135971172734
2005-03-31,0.11525972564818199,0.1145269687101243,0.11445339034125501,0.0818887579837865,0.08468600312906674,0.09672912684134827,0.09467309646139002,0.08974272014030404,0.08803081297822751,0.08068643537524423,0.07479117344821179,0.07727703014582388,0.07823639503496677,0.07595897628526158,0.07616035795667372,0.07644397485653581,0.07918282712335056,0.07910583317839553,0.07723616898838948
2005-06-30,0.10466433178825255,0.10391268578677373,0.103836214804535,0.07158133968529118,0.07422219936468463,0.08605624383962462,0.08395999271248711,0.07907254006011452,0.07735435890218598,0.0700752769747858,0.06422506116902099,0.06678835189903942,0.06773189058389839,0.06549014698457356,0.06572682656060858,0.06604782122441175,0.06876676222196526,0.06873494863323426,0.0668637275179157
2005-09-30,-0.0034619472921686434,-0.0042334986895132265,-0.004313078654336722,-0.03622532675797263,-0.033754791867011025,-0.02214759956266754,-0.02428307189873502,-0.02912335359832441,-0.0308466893068724,-0.03805123530046739,-0.04384876859197434,-0.04120614385016619,-0.04027838211170853,-0.042481318030088255,-0.042206988531930056,-0.04184727082369821,-0.03915064686463643,-0.039134821104282846,-0.04100579381234826
2005-12-31,-0.03954281872947929,-0.040335370867832454,-0.040418285011657784,-0.07195366108463097,-0.06966779106533288,-0.05830607390592735,-0.060479921225931044,-0.06526863428149432,-0.06699604952474403,-0.07411654855982247,-0.07985355798375049,-0.07712954323623644,-0.07621750915774661,-0.07837840013742514,-0.078063954668467,-0.07766409455372814,-0.0749922543403081,-0.07492619197840283,-0.07679505442563406
2006-03-31,0.020389681494701106,0.019574950217114973,0.019488467414211452,-0.011634315692459263,-0.009547860087389448,0.0015488505101070582,-0.0006626973384778467,-0.005395280408192371,-0.0071257483498122776,-0.014152405519763767,-0.019820837828669835,-0.017013209472521496,-0.016116855089558846,-0.018232353247479738,-0.01787520693348532,-0.017433704952941886,-0.014789180927871293,-0.014670137455544019,-0.016534969011651968
2006-06-30,0.03877830930828732,0.037940133224073636,0.037849837512542756,0.007176948975287367,0.009048821836713516,0.01986002522638808,0.017611260519637295,0.012939546183425077,0.011207000349149232,0.004284277642958467,-0.0013073050159750355,0.0015863401157226176,0.002467060131054799,0.00040041944034174826,0.0008029753196657219,0.0012877049427230114,0.0039023095962610332,0.0040772353040536835,0.002218416471979845
2006-09-30,0.06363963083015128,0.06277665261620424,0.0626822894637557,0.03249828586247039,0.034139978957365924,0.0446441424512852,0.04235843430808811,0.037752519008409036,0.036018814115525793,0.029210430594987374,0.023704197233981317,0.026686454099919155,0.02755158120650983,0.025537385721450756,0.025988188962519615,0.026517824688450486,0.029099830886361616,0.02933370623688314,0.027482945765952116
2006-12-31,0.0790466358029237,0.07815740196436938,0.07805870603124496,0.04840437449287538,0.04979985182386726,0.05997434763570014,0.0576517398702745,0.053116759451215495,0.05138275437872594,0.04469944154883107,0.03928729234636033,0.04236095979203755,0.043210530593639246,0.04125249745861409,0.041754520289963126,0.04233083951161218,0.04487748719407819,0.045173555572020185,0.04333296567661685
2007-03-31,0.05873860358858332,0.057821559954763735,0.057718254613670694,0.028636275811202566,0.02976905240119815,0.03959010013022801,0.03723038948524915,0.0327716973605785,0.031038187155718572,0.02449101689910521,0.01918192977154648,0.022350021197165337,0.02318406719420313,0.021286048578485317,0.021842402869442223,0.022467287206476283,0.024975731121663625,0.02533742071766637,0.023509183099919062
2007-06-30,0.0473054291452667,0.046358916779761505,0.046250713840135516,0.017785716763509873,0.018638850737024704,0.02808148145847328,0.02568420699623719,0.021307379256322534,0.019575091773050002,0.013175485262482967,0.007978687272854224,0.011244436297080107,0.012062985706004059,0.010228971856568903,0.010842913415399669,0.011518350743822459,0.01398565922918471,0.01441658851482569,0.012602957298851247
2007-09-30,0.08474450736558517,0.08376675991508042,0.08365335995734041,0.05585185705087514,0.056407948400657465,0.06544603088331763,0.06301048272480023,0.058721303820555265,0.05699089790064121,0.05075062068290043,0.04567558857971685,0.04904244069361413,0.049845525655218076,0.04807964066589626,0.0487545706928916,0.04948264809651598,0.051905810243795536,0.05240978382023129,0.05061308820541216
2007-12-31,0.04408355042293083,0.04307269530260921,0.042953789567127976,0.015863812032560765,0.01610501885045007,0.02471144202713249,0.022236718418233548,0.018041118415608015,0.016313186000654234,0.010244307971774613,0.005300754304479127,0.008772323611650534,0.009560000473533725,0.007866479813539828,0.008605938993020146,0.00938881314737372,0.011764766850134,0.012345747094190562,0.010568392998648535
2008-03-31,0.09040080227472763,0.08935487080950427,0.08923014665479859,0.06290019742657649,0.06280829280358571,0.07095550435695094,0.06844067843894924,0.0643445603130123,0.06261963754165939,0.056734412515409616,0.05193223834506461,0.05551218505821004,0.05628458398052805,0.05466771051507596,0.05547535610520604,0.05631517247939566,0.058640879891436015,0.05930290343901584,0.057547372530149465
2008-06-30,0.04123255629630218,0.04014951240595904,0.04001866616836314,0.014495276264904655,0.014051790449623902,0.021713064801982318,0.019157574887769535,0.01516641704369448,0.013445013528203098,0.007755593142748263,0.0031047711789728982,0.006796517481445885,0.007553951302055828,0.006017906359526648,0.006897454159863425,0.007796161736360607,0.010068781744223265,0.010815763003785839,0.009084605818926283
2008-09-30,0.11149256426325455,0.11037036535235825,0.11023312858892781,0.08555598871916892,0.08474250638993047,0.09189447899974151,0.08929890138801996,0.08541697041527435,0.0836996281091481,0.0782174835909561,0.07372781578618637,0.07753398414191831,0.07827715695598164,0.0768257240983106,0.07778082901927841,0.0787398147274947,0.0809570443469686,0.081792383189903,0.08008819981498477
2008-12-31,0.1890148833851482,0.1878587777327521,0.18771839265089052,0.16332456684027757,0.16215746893086752,0.1690899529783635,0.1665496560705763,0.16268363663568416,0.16097711994653396,0.15564094466850814,0.15129141517378736,0.15514686504483458,0.1559002939140921,0.15450109788197547,0.1555213192554768,0.15649754312669495,0.15869948225838887,0.15957862158719205,0.15790064018132
2009-03-31,0.11104486311027681,0.10984910526626757,0.10970473747036105,0.08588589035123287,0.0843399054909453,0.0908974105526143,0.08836552534023556,0.08456036409751713,0.08285882691351465,0.0777039591806358,0.0735109821570589,0.07745103725022864,0.07820086798619477,0.07687299784303936,0.07796814996500909,0.07898315195294672,0.08115087852587671,0.08209819406653032,0.08044756394760064
2009-06-30,0.11685795319135706,0.11561872222587452,0.1154693950039479,0.09240351985892359,0.09045351333891197,0.0965408710594805,0.09399561004138687,0.09027783517502208,0.08858008126696026,0.08363411494654752,0.07961406716197436,0.08365671718578555,0.08439822329330587,0.08315353571945586,0.08433042949819441,0.08539569959053209,0.08751734479823697,0.08854719143254347,0.08692728542098649
2009-09-30,0.11936566763212159,0.11807990404536492,0.11792465969013868,0.09573566139048215,0.09335714700458925,0.09890746026882632,0.09633800647166413,0.0927253116192445,0.09103189667269523,0.08631814509547989,0.08248679525303307,0.08664245245016228,0.08737476220228779,0.08622178745287384,0.08748593700783638,0.08860835020131794,0.09067558223078626,0.09179770303191598,0.09021263995919679
2009-12-31,0.048568308401747085,0.04723335747736587,0.04707134789824921,0.0258456372999043,0.02301525843497132,0.02798092234997787,0.025383130463557807,0.021887034981777687,0.02019926085365581,0.015737385925771785,0.012109426896900977,0.016383850817815016,0.01710823973474046,0.01605327072697149,0.01740938948685522,0.018592806483194446,0.020599902184788577,0.0218209896337776,0.020275081668699346
2010-03-31,0.07361537336694066,0.0722287901495062,0.07205932691839106,0.051855223527902894,0.04855097607350267,0.052898636446703895,0.05027267639052316,0.046900028001799654,0.04521938827961755,0.04102577597526855,0.03761459569431755,0.04201047492569532,0.04272943028736606,0.04177711380715354,0.04322939040361609,0.044475553636641324,0.04641886103548523,0.04774343423397004,0.04624090165391331
2010-06-30,0.09796986129924246,0.09652929193763238,0.09635189121722926,0.07720486887972355,0.07340628245905556,0.07711403353299176,0.07446300628420091,0.07121680858688667,0.06954461394255185,0.06563247765641447,0.062449951663644615,0.06696780960729279,0.06768443892121079,0.06683808991650328,0.06839035242624661,0.06969941090693399,0.07157706088583085,0.07300797222401062,0.07155275252851834
2010-09-30,0.05993452569721394,0.058437634850147246,0.05825205171289338,0.04017790616031133,0.035866169841217294,0.0389218839840387,0.03625098128783205,0.03313088889377022,0.0314680213125936,0.02784742719976413,0.024903771075225678,0.029542497472513363,0.03026015302884852,0.02952193044098489,0.03117774593334388,0.03254857761901825,0.034360310762642704,0.03589905438324098,0.03449468243604953
2010-12-31,0.03317677745556133,0.03162120070945951,0.03142725587678033,0.014434903025809298,0.009591783231004736,0.011986669518034121,0.009301885130942211,0.006306338279845725,0.004653581101342286,0.0013336518850802226,-0.0013613553709588277,0.003396414492264521,0.004118746843467691,0.003490369801246951,0.005253216690305762,0.0066841656669426874,0.00843030749797491,0.010077878278607844,0.008727867153205615
2011-03-31,0.09461060973768556,0.09299391108151422,0.09279147475177402,0.07688642275771224,0.0714941455052241,0.07322094327431167,0.07052848305354234,0.06765527603081806,0.06601327095413345,0.06300257943243137,0.06056570879802803,0.06544038063102953,0.0661711953019104,0.06565414696735422,0.06752748723232188,0.06901662147107945,0.07069784111860111,0.07245500954525691,0.07116286244305192
2011-06-30,0.11599729575767898,0.1143169432651549,0.11410592635267583,0.09929220172605524,0.09333339061303642,0.09438536543711662,0.09169132330305951,0.08893792110418372,0.08730714891891125,0.08461394345147291,0.0824444920734885,0.08743382085244902,0.08817700725272032,0.08777264553795316,0.0897599634366632,0.09130521521120971,0.09292239040054648,0.09478985413501309,0.09355907598960056
2011-09-30,0.16858725160442767,0.1668406006857442,0.16662094942709882,0.15290234532875768,0.14635998405162542,0.1467302731792595,0.14404042245445514,0.14140416774452794,0.13978494036355082,0.13741729859374638,0.1355244050068644,0.14062617514923,0.1413856676103734,0.1410952958765952,0.14320012211883246,0.14479937697462647,0.14635350554016785,0.14833198713193857,0.14716609617952425
2011-12-31,0.20200016817051097,0.20018444892887255,0.19995614197926265,0.187337052954366,0.18019446507438674,0.17987563400307924,0.17719528601474865,0.17467353975665287,0.1730659987435925,0.17103193703042485,0.16942464016686104,0.17463675172127266,0.1754165090426683,0.17524142296663187,0.17746735020371762,0.17911850509788046,0.18061064502663898,0.1827009572646558,0.18160349585091728
2012-03-31,0.15833055323235878,0.15644286001319085,0.15620590791975203,0.1446918783978363,0.13693272197180076,0.1359164650809676,0.13325037026267225,0.13084060696346347,0.12924472540535717,0.12755227588111362,0.1262395459763524,0.13156007089933672,0.13236406672509068,0.13230558513472124,0.1346562777619227,0.1363572787661969,0.13778850825620226,0.13999159785677118,0.13896614154829035
2012-06-30,0.1580407115001249,0.15607799341500195,0.15583244072584412,0.14543049190380983,0.13703876873832874,0.1353157195348102,0.13266799704360907,0.130367865323506,0.12878345071888286,0.1274407108684215,0.1264314672065935,0.1318586850254204,0.13269090413086376,0.1327503877710664,0.13522958773320767,0.13697845299811515,0.13834984632979874,0.14066682170965072,0.13971698572517227
2012-09-30,0.10786864249839764,0.1058276940902009,0.10557362476363977,0.0962923794410257,0.08725246099203074,0.08481210074526163,0.08218618942105821,0.0799935412477471,0.07842023721384289,0.0774353910868961,0.07673850451409764,0.08227092183132934,0.08313535876086162,0.08331421825620033,0.08592574768444527,0.08772057821169069,0.08903319645456859,0.09146534192796507,0.09059478350269912
2012-12-31,0.02500418300676885,0.02288163440402874,0.022619179315202798,0.014468893349634249,0.0047655540386685735,0.0015961633803088238,-0.0010052172050801778,-0.0030923100325476738,-0.004655019966550322,-0.005273689437135576,-0.005649398476223755,-1.3036673949196054e-5,0.0008876238799566116,0.0011873231701095555,0.003935085341458311,0.005774069936174575,0.007028957584477524,0.009577741416898933,0.008790161408271213
2013-03-31,0.024185688775165304,0.02197799462981559,0.02170734140650432,0.014699870614928612,0.004318327602818639,0.0004069652004985991,-0.002167918570354088,-0.004151155430468234,-0.005703941779860611,-0.005948045232472721,-0.005993811546862238,-0.00025451522008745897,0.0006863891726661686,0.0011084463538206801,0.003996425616426269,0.005877842305069714,0.007076027613836411,0.00974310639169973,0.00904225028591743
2013-06-30,0.04392382908368736,0.0416272556101705,0.04134866124527922,0.03549737772516107,0.024423336829189513,0.019755836777200664,0.017208629836664213,0.015327782807358914,0.013784104196906899,0.01392306787510933,0.014215947459752298,0.020057417347342676,0.02104260446768791,0.021588591130943136,0.024620852141414296,0.026543067268027964,0.027685565072341656,0.03047278571697687,0.029862444148057055
2013-09-30,0.038315782785754426,0.03592639209671758,0.035640199007793444,0.030959864034352774,0.019179571775720772,0.013740554708403685,0.011221385565400921,0.009441697229018386,0.007906177186855545,0.008436825909610757,0.009076984625034257,0.015020118530060855,0.016053651021333992,0.01672519082872631,0.019905877318809606,0.02186734305068505,0.022955159296679517,0.025864559550496824,0.025348568427362383
2013-12-31,-0.017976191388714036,-0.020462560691285103,-0.020755904195062347,-0.024249307785889185,-0.036749005817489855,-0.04297611085735242,-0.04546773527721687,-0.04714726064203406,-0.048675688499926206,-0.04774461357422477,-0.04674862089591364,-0.040704079393032055,-0.03961810933466692,-0.03881934228496586,-0.03548600906921373,-0.03348675838640758,-0.03245262090230311,-0.029418812986999,-0.02983657266153522
2014-03-31,-0.07098533689949138,-0.07357309429751924,-0.07387300778056405,-0.07616248340235865,-0.08939407754249495,-0.09642700206206256,-0.09889246719303812,-0.1004725898624072,-0.10199508789222106,-0.10065471297065548,-0.09929441831062041,-0.09314847096499507,-0.0920059350535134,-0.09107821762500906,-0.08758794071464127,-0.08555229311022305,-0.08457082811408911,-0.08141019535188826,-0.08172579790010803
2014-06-30,-0.17025343216345573,-0.1729472671386414,-0.17325300409970845,-0.17432079064353734,-0.18829603508680642,-0.19615363148304837,-0.19859525798976269,-0.20007650246486247,-0.2015943013684512,-0.19983560614440105,-0.19810263611393092,-0.19185502823260453,-0.1906517547039907,-0.18959331548618724,-0.18594172414406868,-0.1838709953935298,-0.18294118579770136,-0.17965112352835383,-0.17986059920197367
2014-09-30,-0.10990809515495281,-0.1127130194932291,-0.11302362285831813,-0.11285148745222456,-0.12758132062340083,-0.13628351351575413,-0.13870460595977685,-0.14008725988086118,-0.141601623190856,-0.1394154209146964,-0.1373015034486832,-0.13095172156759233,-0.129683486759889,-0.12849250583285038,-0.12467515762752496,-0.1225705974927726,-0.12169140738588441,-0.11826912556841634,-0.11836846131843087
2014-12-31,-0.181607083651934,-0.18452848843170128,-0.18484273144118574,-0.18341230738059722,-0.19890676428724513,-0.20847449205333313,-0.21087939479372586,-0.21216350669997924,-0.21367568556248745,-0.21105259526926023,-0.20854956458326546,-0.2020968333393245,-0.20075935197549732,-0.19943395927023355,-0.19544634223639834,-0.19330914172060026,-0.19247950764986577,-0.18892203342643077,-0.18890717382262695
2015-03-31,-0.22501838663103663,-0.22806212001139048,-0.22837842671724995,-0.2256715964142838,-0.2419397136333351,-0.25239485918103055,-0.2547890213082762,-0.2559743968183491,-0.2574855728847728,-0.25441598162918666,-0.2515157806888906,-0.24495905859436784,-0.24354797239998238,-0.2420862441671059,-0.237923779031059,-0.23575507887540825,-0.2349739003395377,-0.2312780811669337,-0.2311449294525314
2015-06-30,-0.18079463355965542,-0.18396710830435692,-0.18428344521169876,-0.18028276537875876,-0.19733248007227555,-0.20869779114084014,-0.21108784279081333,-0.2121740386722269,-0.21368525245090875,-0.21015926489840703,-0.20685394444593685,-0.20019191818543253,-0.1987027823331085,-0.19710273509805437,-0.19276077756154475,-0.19056167829121362,-0.18982780733156857,-0.18599031483934575,-0.18573473410398766
2015-09-30,-0.2130482565821296,-0.21635660047321315,-0.21667032738080605,-0.2113594455132613,-0.229197492030488,-0.24149649023912656,-0.24389033298520923,-0.24487664859758151,-0.2463887094271925,-0.24239608081226993,-0.23867779311407,-0.231908869832818,-0.23033713635228092,-0.22859671731282238,-0.22407056034023048,-0.22184213440908002,-0.2211543641475069,-0.2171716990891559,-0.2167895134877988
2015-12-31,-0.16314922597460801,-0.16660151621345132,-0.1669091780013755,-0.16027318460075124,-0.17890499300081092,-0.19216187354157566,-0.19456878890079277,-0.1954542545075859,-0.19696762785712818,-0.19249767556187564,-0.18835866060616263,-0.18148095756854626,-0.1798219548113587,-0.17793902729871808,-0.17322390333288512,-0.1709672102275307,-0.17032426200895168,-0.16619276090256957,-0.1656797568598039
2016-03-31,-0.19669523749012707,-0.20030083055148767,-0.2005978534044925,-0.19262349277692248,-0.2120530939695075,-0.22629262072983736,-0.2287234028630024,-0.2295067637278445,-0.23102143187873925,-0.22606292007738304,-0.22149548162719718,-0.21450681242608993,-0.2127557195488453,-0.2107280418901905,-0.20581912494559135,-0.20353523025990589,-0.20293573898772554,-0.1986515831484683,-0.19800351049676157
2016-06-30,-0.18892610809781357,-0.19269609861808362,-0.19297636548399427,-0.18365204467441992,-0.20388198759980852,-0.2191293940015196,-0.221596516076138,-0.2222762101678893,-0.22379150292639177,-0.21833249530698534,-0.21332896457861805,-0.2062268207854021,-0.20437863614886126,-0.20220383233431988,-0.1970962400456201,-0.19478623924020033,-0.1942287366676298,-0.18978796408861692,-0.18900053712477555
2016-09-30,-0.17801301524085028,-0.181960875011276,-0.1822161277427215,-0.1715316039895336,-0.19256300833917123,-0.20884391586619966,-0.2113617442202247,-0.21193586904898631,-0.21345025850625843,-0.20747793017437427,-0.20203061342936163,-0.19481213875936848,-0.19286163944308904,-0.19053715868930549,-0.18522595485131338,-0.18289100242882123,-0.18237389860909264,-0.177772419280327,-0.17684131766033656
2016-12-31,-0.15503015389744274,-0.1591726401890569,-0.15939162028306791,-0.14733732054705928,-0.1691700392462669,-0.18651055898508034,-0.18909563409577274,-0.18956189605170837,-0.19107274710077365,-0.18457314306913492,-0.17867424758169803,-0.17133619982980414,-0.16927788783190822,-0.16680094881651353,-0.16128114725234094,-0.15892249206454329,-0.15844405567177106,-0.15367767101895707,-0.1525985402989875
2017-03-31,-0.13181648214812053,-0.1361749239829746,-0.13634219569272604,-0.12290281662078012,-0.14553586629950843,-0.16396262990939847,-0.16663398799981477,-0.1669896505737451,-0.16849284205881648,-0.16145048683110885,-0.15509194694572853,-0.14763064174833634,-0.1454586517901852,-0.14282613889062729,-0.1370927012261014,-0.13471174751185028,-0.13427008329546863,-0.12933452757890695,-0.12810297318737213
2017-06-30,-0.15039637181390408,-0.15500109615096458,-0.1550952987797477,-0.14024196038458842,-0.16367407386098792,-0.18321458683056902,-0.18599422585669617,-0.1862360625432451,-0.1877255526614558,-0.18012296896771257,-0.17329621378459237,-0.16570745973972972,-0.16341546214466202,-0.1606237809256026,-0.15467160986689438,-0.15227001585814304,-0.15186301995624918,-0.14675402953284594,-0.14536561126116804
2017-09-30,-0.21855286657168616,-0.22344426516276927,-0.22343445573380477,-0.20711425409630835,-0.23134445471162113,-0.25202785588892884,-0.2549414351983412,-0.2550656240591571,-0.2565330718915422,-0.24835022135993834,-0.24104590867959552,-0.23332492814647887,-0.2309060278188575,-0.22795093077654394,-0.22177486285488401,-0.219354660607742,-0.21897996270925146,-0.21369335951088786,-0.21214358764003716
2017-12-31,-0.1655110430286596,-0.17074195059203273,-0.17058553524573955,-0.15271308803009753,-0.1777412116901032,-0.19959974314636142,-0.20267767039927098,-0.2026795683522108,-0.20411406852621494,-0.19532789659489674,-0.18753570600175368,-0.17967704093159093,-0.1771236889010679,-0.1740001221702112,-0.16759492997552217,-0.16515861113776292,-0.16481353068738713,-0.1593452751171256,-0.15762961195032776
2018-03-31,-0.12698606806308482,-0.13262518706013576,-0.13226385739339686,-0.11270710672503126,-0.1385482544776921,-0.16161893690832008,-0.16489798112959353,-0.1647716418081373,-0.16615921539669437,-0.15674283311573867,-0.14845112750698225,-0.1404483712322342,-0.1377521160563902,-0.13445394614002426,-0.12781438405860557,-0.12536498018687686,-0.1250465264203417,-0.11939277511321122,-0.11750663137026879
2018-06-30,-0.11170733229368879,-0.11784511157277577,-0.11719770772571936,-0.09577501639529956,-0.12245866988112747,-0.1468032807969049,-0.1503286907266586,-0.15006614918323957,-0.15138901764728885,-0.14131054134306897,-0.13250586156445615,-0.12435123106345014,-0.12150232848554016,-0.11802195573420365,-0.11114282495570005,-0.10868398157840686,-0.10838889880614372,-0.10254606142756773,-0.10048478262630361
2018-09-30,-0.06660864965602065,-0.07336090058299183,-0.07232191728388654,-0.04816658260835299,-0.07575488986456852,-0.10143307705042759,-0.10525496472537049,-0.10484839854754663,-0.10607509467036869,-0.09528668523472167,-0.0859445377369975,-0.07762844685905901,-0.07461309720275816,-0.07093773050612556,-0.06381289723670558,-0.061351224950915995,-0.0610757066633143,-0.05504255313563905,-0.052800681951247874
2018-12-31,-0.04507435945060562,-0.052898317480529033,-0.05131774856476884,-0.023259566080444216,-0.051833027566891954,-0.0789429791691505,-0.0831261901335994,-0.08256982312752609,-0.08366242012267094,-0.07210590600972311,-0.06219403054225592,-0.05370687042517652,-0.05051121705138806,-0.046623344786986765,-0.03924548141298001,-0.036792549700794264,-0.036529658291722,-0.030308466933862688,-0.027880440923690797
2019-03-31,-0.11099829873667044,-0.11995168527499012,-0.11748359609473297,-0.08393818585785673,-0.11358034903151731,-0.14227344094446204,-0.14690662025772855,-0.14619129209640547,-0.14712015777244658,-0.1347303025470693,-0.12421178112284276,-0.1155449651466765,-0.11215691119768656,-0.10803601891419928,-0.10039645667124208,-0.09796774622733834,-0.09770743337805143,-0.09130286980428065,-0.08868324797832372
2019-06-30,-0.10047065727860788,-0.11057867175875763,-0.10708243174931592,-0.06647089335191236,-0.09724817048055934,-0.12776262678427808,-0.13297345053730114,-0.13208107155326498,-0.13283391688136936,-0.11956125464884748,-0.10840526650292703,-0.09955354271369032,-0.09596664633856533,-0.0915958847673074,-0.08368484290011641,-0.08129412229228294,-0.08102530592890694,-0.07443954883721843,-0.0716234649305783
2019-09-30,-0.2234115254736626,-0.2345881364286556,-0.2297766765811674,-0.1794195816987051,-0.21304283615180863,-0.24563500809265537,-0.2516104200245429,-0.25049794064672803,-0.2510339285402612,-0.23679030895805098,-0.22495081279185603,-0.2158941209248894,-0.21208847496052502,-0.20743849921134744,-0.19924887535209218,-0.1969123241440674,-0.1966252115235358,-0.18986233427376742,-0.1868444261043713
2019-12-31,-0.1709636245393671,-0.1829201305414605,-0.17610216214522256,-0.11372365192426959,-0.1503268680901727,-0.18744240757577796,-0.19448138232128498,-0.1930606962318756,-0.1932808643223169,-0.17791398408098757,-0.16533169269882697,-0.15601545049920706,-0.15194736461428493,-0.1469698349672205,-0.13850244146705226,-0.13623806223943585,-0.13592575163775833,-0.12899091952806374,-0.1257659360026635
2020-03-31,-0.15319294825896934,-0.16757362552594707,-0.15453937620963298,-0.133229123018835,-0.17063414412914574,-0.21570254239816056,-0.22456394028904414,-0.22390350384986757,-0.22532422788295092,-0.20970015539260883,-0.19649990797596573,-0.18733415256668512,-0.18382272150112183,-0.17823803193955678,-0.16940979564588166,-0.16817340684983112,-0.16700637966192378,-0.16055361132836815,-0.15722656699422422
2020-06-30,-0.14880165319153316,-0.1527105827755219,-0.1244276513389071,-0.13625385663236428,-0.17453863460955948,-0.22917506697089474,-0.24121756330432775,-0.24010618235419823,-0.24284055660297843,-0.22739281946585532,-0.2142735368575583,-0.20492937859235522,-0.20159091728834305,-0.19591599796250092,-0.18687364851547317,-0.1857187411331538,-0.18436565509513736,-0.17768880444145468,-0.17423016195225322
2020-09-30,-0.14436112538125256,-0.14712257189501093,-0.11902026410109123,-0.16124864728363913,-0.20137492448328193,-0.2665916100279804,-0.2829086427606884,-0.2801636463385532,-0.2837887243299779,-0.26824923082984764,-0.2553501793795008,-0.24533773152753646,-0.24156167837898768,-0.2360007222209819,-0.22687639012819927,-0.22503230780916122,-0.22413521135515513,-0.21669486005208166,-0.21304233102919395
2020-12-31,-0.1398311195249446,-0.14166941925745602,-0.11418220829185172,-0.18266500558152332,-0.22658486113895282,-0.3007965622391625,-0.3218319610109265,-0.3163601678130722,-0.3187467629323867,-0.3004309428455396,-0.2861636521966773,-0.27469083132006133,-0.26933342697763074,-0.2631473241362545,-0.25394873072130864,-0.2513308543396724,-0.25127975467090435,-0.24310584139954072,-0.23911859420628334
2021-03-31,-0.13518520145870028,-0.13630723532028471,-0.10931795940367312,-0.17104674398256775,-0.2858600649318891,-0.37400721898075295,-0.3996593131673395,-0.39259132834908006,-0.3959621836560083,-0.3767131463173178,-0.36136466970568815,-0.3492328973780071,-0.34344069954709433,-0.336668917449647,-0.3271603299356495,-0.3245432461501784,-0.3245325900638506,-0.3161074613775954,-0.31188508023401407
2021-06-30,-0.13040813917671135,-0.1310031458332508,-0.10440127989256398,-0.1607072945329328,-0.27379068298423914,-0.2530439629547414,-0.2839171108861632,-0.2754148888442145,-0.2799050386487397,-0.2596124385274262,-0.2431746147716235,-0.2296426283714289,-0.22338863697792327,-0.21592289891570537,-0.20606615752516955,-0.20343824605756616,-0.20347547666601384,-0.19478779969740245,-0.19032058240130845
2021-09-30,-0.12549366239849996,-0.12573334294409888,-0.09941603230707446,-0.15137566629075605,-0.2627764843948758,-0.24444132277173236,-0.28684691612915447,-0.27795984389822903,-0.2835282740037499,-0.2619357529483617,-0.2443934606248942,-0.22939026998088952,-0.2224844060543965,-0.21420292017661569,-0.20394346859504442,-0.201288137566079,-0.20138114877351376,-0.19241022983483158,-0.18768675464991474
2021-12-31,-0.1204425483811522,-0.12048141042965371,-0.0943541570529901,-0.14283022056843786,-0.2525816172506359,-0.23608572441232123,-0.27799179145390474,-0.26179623265282737,-0.26818499036631027,-0.2447247050303808,-0.22602342337147752,-0.2093749133690272,-0.20180812222654804,-0.19210571726752224,-0.18136741201501938,-0.17867030614161783,-0.1788278336919627,-0.16954244576355754,-0.16454845404341634
2022-03-31,-0.11526099604535633,-0.11523689052599623,-0.08921394873190536,-0.13489128627832092,-0.2430156213830026,-0.2278933467219716,-0.2692008590490097,-0.2521780631190368,-0.21572825788318112,-0.18871003367161004,-0.16850880785504674,-0.149864042605875,-0.1414284556421866,-0.13032246294035543,-0.11847371049323407,-0.11574189303833343,-0.11597055018354974,-0.10632719691707465,-0.1010449757694954
2022-06-30,-0.1099592542594332,-0.10999406341172724,-0.0839985958440923,-0.12741469940334826,-0.23392643642125988,-0.21980251235616516,-0.2604376818625934,-0.24286352680397472,-0.2077063986748784,-0.09690319909818318,-0.07341168747032434,-0.05179757844083693,-0.041752321368114576,-0.029218430120401817,-0.0161698620177963,-0.012816851978371735,-0.013109629735254924,-0.003048926046478606,0.0025434692328962782
2022-09-30,-0.1045504734645179,-0.1047509134861439,-0.07871495207730722,-0.12028616933387859,-0.22519428360108512,-0.21176964145944865,-0.2516799160257138,-0.23377774469805512,-0.19986323223413444,-0.08964942664588832,-0.012233028524183398,0.015435110521119566,0.029321583844342775,0.04326078091825741,0.057594584205051896,0.061850420843345966,0.061547666009602875,0.07210441122780101,0.07803343208138094
2022-12-31,-0.09904975282918388,-0.09950825929717066,-0.07337251051019034,-0.113416383635291,-0.21672633655599738,-0.2037657780745522,-0.24291632320604772,-0.22486506850394522,-0.19214598163049113,-0.08265653832926917,-0.005304400638902362,-0.014002191973827904,0.010071928252446516,0.025195122050899882,0.0408762537418709,0.046288343848674196,0.04575768950217557,0.05728266066924062,0.06357896261802881
2023-03-31,-0.09347335785857858,-0.09426902639131807,-0.06798255489603822,-0.10673677074332455,-0.20845210097395683,-0.1957736251599252,-0.23414424443730342,-0.2160854679494137,-0.18451704590220652,-0.07587242107619396,0.0012878665584844518,-0.007086587766679142,0.02555805374618053,0.040892798130456376,0.05804971493341196,0.06470158095042094,0.06373109082647502,0.07651748315006043,0.08326850207157557
2023-06-30,-0.087838085893779,-0.08903764453292451,-0.06255746479639857,-0.10019584731901698,-0.2003194281722741,-0.18778502939850616,-0.2253674814467066,-0.20741146037411917,-0.17695099991992547,-0.06925777439374631,0.007590093169693446,-0.0003254664483343661,0.027335129293850235,0.0625538184336934,0.08162789875433701,0.08908676412527461,0.08753075140558297,0.10178576754289936,0.10905209593939827
2023-09-30,-0.08216075924901844,-0.08381955270953251,-0.057110153729223234,-0.09375608365354021,-0.19229109305480818,-0.17979886206219725,-0.2165945353050639,-0.19882551370650975,-0.1694320671472504,-0.06278364964450267,0.013639149826834507,0.006283595851835522,0.029394013549516707,0.06582236155350632,0.1217886572712642,0.127938154568301,0.1260020654268696,0.1416823801439257,0.14943295605530016
2023-12-31,-0.07645782786649735,-0.07862079713055325,-0.051653621701199026,-0.08739122667189136,-0.18434187237592048,-0.17181924704261514,-0.20783715637687378,-0.19031786199648426,-0.16195199950471123,-0.05642937700916645,0.019464261932490956,0.012740706934572743,0.03171938756436951,0.06930340818914357,0.12468707089735484,0.13716945132590053,0.13647325921132172,0.1529514945043836,0.1609015231273428
2024-03-31,-0.07074506533356373,-0.07344770905658693,-0.046200605521750426,-0.0810840257937907,-0.176456064615524,-0.16385409175603122,-0.1991091637846385,-0.18188467960596533,-0.1545083080343036,-0.05018082717204464,0.02508851219329064,0.019044585797476532,0.034292004653280306,0.07296239933032722,0.12782964113663278,0.14000659124364706,0.0605005159924297,0.07583419320239046,0.08302571257821986
2024-06-30,-0.06503734391552751,-0.0683066507817931,-0.0407633121582297,-0.07482431220497132,-0.1686253979804599,-0.1559138809673017,-0.19042549675738718,-0.17352656624030244,-0.14710279570444756,-0.04402896150389424,0.030530086560012798,0.025193256358034405,0.03709002328490449,0.07676617518994977,0.13117048263302838,0.14297156079373985,0.0634939736209624,0.07335180163649502,0.07708231708265534
2024-09-30,-0.05934847591727299,-0.06320381944327108,-0.0353532220971034,-0.06860738699793134,-0.16084727803030846,-0.14801069764557157,-0.18180146420913101,-0.16524730039918534,-0.1397403500156275,-0.03796863032910175,0.035803302417255906,0.0311845574563836,0.04009006721474476,0.08068347078169752,0.1346673378513782,0.14604375555599478,0.06685627115750373,0.07607188435967208,0.07707784568840137
2024-12-31,-0.053691110205877746,-0.0581450995596316,-0.02998095123336514,-0.062432678178824697,-0.1531233311431638,-0.14015743875901338,-0.17325216263204468,-0.1570528236524532,-0.13242795841172528,-0.031997583920332584,0.04091945244583817,0.03701650819210933,0.04326806503674882,0.08468524195556171,0.13828175746141777,0.14920255025535617,0.07052484082308905,0.07909682788395125,0.07889895293610572
2025-03-31,-0.04807667411163863,-0.053135956314691535,-0.024656161227866458,-0.05630263072430797,-0.1454582044662049,-0.13236719743598058,-0.16479203586209773,-0.14895042248517326,-0.12517391410232642,-0.02611566529071957,0.04588749289554006,0.04268755956364345,0.04659990946518555,0.08874486054812461,0.14197914256706262,0.15242785966096628,0.07444271533079819,0.08238409199166968,0.08101708777471198
2025-06-30,,-0.048181362609414524,-0.019387509557987903,-0.05022179772550489,-0.13785858712615207,-0.12465278616826042,-0.15643455347001473,-0.14094807836655293,-0.11798718391331553,-0.020324157748138227,0.05071460095276342,0.04819675718652311,0.050061968235216,0.09283820860325398,0.14572868667398753,0.1557005401484215,0.07855841739004454,0.08589328365628121,0.08340465543544756
2025-09-30,,,-0.014182631648661848,-0.04419610419202041,-0.13033242130248496,-0.1170263787146259,-0.14819198744766954,-0.13305396022395383,-0.11087691331497301,-0.014625263613292139,0.05540662237997379,0.05354383503694948,0.053631472379568806,0.09694369519346313,0.14950324583287605,0.15900266740020796,0.082825773108673,0.08958647953454096,0.08603340866532377
2025-12-31,,,,-0.03823225832307814,-0.12288827529467505,-0.10949925108774783,-0.14007526950603205,-0.12527603668232012,-0.10385204690508054,-0.009021693543276588,0.059968427566273186,0.058729256338093394,0.057286803052798346,0.10104221452550785,0.15327915855122298,0.1623177174154508,0.08720367042921462,0.09342843255924513,0.08887508010509002
2026-03-31,,,,,-0.11553485395070806,-0.10208160448504805,-0.13209391368740914,-0.11762178829099335,-0.09692104540526797,-0.003516348593455121,0.06440419149744506,0.06375421462927028,0.06100769454553695,0.1051170602813532,0.1570360320160867,0.1656306720050058,0.0916557792794814,0.09738668619367793,0.09190188878521977
2026-06-30,,,,,,-0.09478245526642143,-0.12425599113584984,-0.11009800253048563,-0.09009168270487367,0.0018879204666445437,0.06871761087457434,0.06862060555744359,0.06477536833987538,0.1091538082157073,0.16075650737193287,0.1689280655204407,0.09615024669427996,0.10143161524776076,0.09508693808619381
2026-09-30,,,,,,,-0.11656814578125008,-0.10271063669483815,-0.0833709086916824,0.007188489958886157,0.07291206963647773,0.07333097788150322,0.06857261079243082,0.11314017669231269,0.16442601388966294,0.1721979862188956,0.10065937747773018,0.10553640865581057,0.09840452050015122
2026-12-31,,,,,,,,-0.09546473580255382,-0.07676476557089923,0.012383087734932796,0.0769907624326234,0.07788847049108094,0.07238380515449877,0.11706587294741211,0.1680325196006506,0.17543004307900784,0.1051593088261612,0.10967700690911944,0.10183034279612091
2027-03-31,,,,,,,,,-0.0702783471164492,0.017469875113719002,0.08095678411573337,0.08229674084502347,0.07619492705495315,0.12092243131865613,0.171566284185817,0.17861530684186527,0.1096296855851992,0.11383200468467586,0.10534168366193356
2027-06-30,,,,,,,,,,0.022447494735255258,0.08481319204714632,0.08655988907800055,0.07999351121728573,0.12470304839856627,0.1750196184884507,0.18174623241111176,0.11405334137916029,0.11798252745870089,0.10891749452857141
2027-09-30,,,,,,,,,,,0.08856304690776906,0.09068238106614251,0.08376859601315795,0.1284024190105275,0.17838665387836047,0.18481656840921018,0.11841598966088951,0.12211208943732921,0.11253845304834573
2027-12-31,,,,,,,,,,,,0.09466897295166898,0.08751065143928993,0.13201657602276695,0.1816631237749794,0.18782125858415813,0.12270592773932132,0.12620643890802352,0.1161869775780176
2028-03-31,,,,,,,,,,,,,0.09121149521907523,0.13554273628147398,0.18484615889417297,0.1907563388438637,0.1269137560153445,0.13025339606734523,0.1198472099988481
2028-06-30,,,,,,,,,,,,,,0.13897915433440966,0.18793409718489212,0.19361883292871854,0.13103211396769912,0.13424268748055668,0.12350497327826504
2028-09-30,,,,,,,,,,,,,,,0.19092630894158155,0.19640664909018654,0.13505543385887497,0.1381657805527583,0.12714770933540137
2028-12-31,,,,,,,,,,,,,,,,0.1991184796042678,0.13897971265929177,0.1420157207218436,0.13076440200944
2029-03-31,,,,,,,,,,,,,,,,,0.14280230230251764,0.1457869735069039,0.13434548924041229
2029-06-30,,,,,,,,,,,,,,,,,,0.14947527305032374,0.13788276795237406
2029-09-30,,,,,,,,,,,,,,,,,,,0.141369294574155
