Date,RStar5Y_LB68,RStar5Y_LB95,RStar5Y_UB95,RStar5Y_UB68,RStar5Y_Mean,RStar10Y_Mean,Country
1960-03-31,1.2311677695889134,0.6630723988722411,2.9296077625072208,2.38305688927233,1.8085143998790256,1.9977008237232143,US
1960-06-30,1.5523011928417478,0.994772246029952,3.176341928841053,2.6771452324556906,2.1084070063727403,2.275634062575447,US
1960-09-30,1.4101549824451824,0.8645581464481753,2.9951932080097157,2.4974998443999588,1.9492057669137397,2.1576954300720166,US
1960-12-31,1.4655884447021548,0.9504514760767293,3.0355893225921315,2.5242801285376597,1.996943652462063,2.190237415813793,US
1961-03-31,1.5715775427770913,1.06609981303538,3.1022401269648427,2.604700119187645,2.0884352190136974,2.2652707674505352,US
1961-06-30,1.6108401982382639,1.1242702948853331,3.144040238891195,2.6420102108347607,2.1263226062442,2.271836788356171,US
1961-09-30,1.6841109616326295,1.190260889163576,3.1772673217645595,2.6996520177873156,2.1934802088149636,2.3114570942692065,US
1961-12-31,1.872107051720399,1.3598411978532285,3.375441319142189,2.8906928524733004,2.3815260078162157,2.459128254096536,US
1962-03-31,2.037772934976576,1.5617232904067342,3.5273817234227733,3.03889909928363,2.544112926191893,2.584106785697055,US
1962-06-30,2.025853547253482,1.534616640921673,3.498638482962746,3.024741844754181,2.5292729030284145,2.5793760349785435,US
1962-09-30,2.171144885903339,1.675404726193757,3.6247205893953467,3.1625704149894394,2.669224839995275,2.7025851795200984,US
1962-12-31,2.3321756592688305,1.8355550099490618,3.7763330568063784,3.3183798511047122,2.8239613483562955,2.8325776203231263,US
1963-03-31,2.346975141696868,1.8531725670443757,3.7990724315705213,3.3330144647882394,2.840996185677711,2.8286078995017196,US
1963-06-30,2.3429864860564202,1.8569348910056047,3.773802706713959,3.3207458526441567,2.8281639456787198,2.7984138551713844,US
1963-09-30,2.53945232653149,2.0865467951714636,3.9707025498179513,3.4989677332082425,3.020783663816744,2.9556209753677725,US
1963-12-31,2.538430507774727,2.066137869449878,3.9413709295420825,3.4703388459677305,3.0042582627308656,2.923524121742659,US
1964-03-31,2.6837870916847244,2.232848265750715,4.062871045241954,3.6378018632167155,3.16290948978931,3.0536354433002693,US
1964-06-30,2.9255215390916223,2.4656361935885345,4.295055351903084,3.8575215776912515,3.387044171016504,3.245948386274911,US
1964-09-30,2.909439264238981,2.4752990773469,4.294776208619533,3.8479792722047144,3.38187883247642,3.2201436596447977,US
1964-12-31,2.8516656060491448,2.409272372772052,4.250447471537151,3.785548231740367,3.319040366701086,3.147146754215291,US
1965-03-31,2.9211981423552436,2.4702787070872967,4.3171735308224575,3.8547580224083635,3.387552731377529,3.1764894090664897,US
1965-06-30,2.96181783811822,2.5122397027617964,4.351754293782148,3.9024328919383535,3.4312896302349234,3.200680575916301,US
1965-09-30,3.015530900887193,2.565746689227315,4.419878106408683,3.9455242062963647,3.4843226788673602,3.2239927418034258,US
1965-12-31,3.090462802131947,2.649348517399155,4.500076782217448,4.039373358680972,3.570897391731519,3.2689131289495776,US
1966-03-31,3.063188494318951,2.609449023868314,4.453925785776539,3.99141943363569,3.522637274119107,3.216815672479636,US
1966-06-30,2.8772472100122872,2.4209923590337525,4.292255205686104,3.8035514435135047,3.3415352439432446,3.0817008658431426,US
1966-09-30,2.8151996264875523,2.3666810256281177,4.21397341756827,3.7590945532722677,3.291876715805932,3.0497988108549405,US
1966-12-31,2.7089905754960735,2.2544488804859277,4.087167790460703,3.6530623146069177,3.1791292545472927,2.9845796498411374,US
1967-03-31,2.6739108340140456,2.230395087683819,4.072849016076508,3.6242612047203115,3.1516162604378026,2.9599931804085844,US
1967-06-30,2.605219670687183,2.1846499928848084,3.989962107125095,3.536934728329527,3.073024838346399,2.8629071286820986,US
1967-09-30,2.5419698121976726,2.0983129718217097,3.9232173097596705,3.476128012756791,3.006230080962963,2.7918284930857986,US
1967-12-31,2.44444978651964,2.0225383715826926,3.8193036677269756,3.3673164369315574,2.9082259916994895,2.68024836537624,US
1968-03-31,2.407793928930805,1.9578332258746078,3.780070234757625,3.3438477186689566,2.874572007240111,2.6438114252810654,US
1968-06-30,2.3860518926319285,1.9491454634799918,3.775011926598375,3.3248930526709337,2.8506517575038286,2.633623940554919,US
1968-09-30,2.261595819711062,1.8240783969848526,3.664295090933306,3.2005430465264277,2.7330072130309353,2.5176231280404306,US
1968-12-31,2.0980480935341133,1.6811623744773696,3.4807338987449654,3.028064353604736,2.5671941932395015,2.3512568601417443,US
1969-03-31,2.156818315767607,1.7176590998418828,3.5556538183260145,3.074307123949763,2.6201778569041525,2.391034062545097,US
1969-06-30,2.0633981481567703,1.6374290869112496,3.447133439862851,2.9747620085254836,2.5219776049823266,2.322693606676813,US
1969-09-30,1.922484982790068,1.5058588231051648,3.312845475929183,2.836860144249103,2.3863260899674317,2.2181952657249404,US
1969-12-31,2.044672584747511,1.6123088900156888,3.4381854687975393,2.9719437955262826,2.5125505527220757,2.328520844164533,US
1970-03-31,1.6646982134156172,1.2350810154688865,3.0639988941340093,2.602432054521414,2.133054152435,2.0229444914909696,US
1970-06-30,1.6925720137216365,1.2658554383056932,3.0903391651801457,2.615200485055947,2.1521209130750547,2.008833007048458,US
1970-09-30,1.2565794850004286,0.8340040473090546,2.635374312987838,2.182339262195124,1.7193523042054837,1.6803545105600541,US
1970-12-31,0.9816780071956916,0.5615607654333559,2.357346034083716,1.9022129802081649,1.4395304939149105,1.4388761156752643,US
1971-03-31,1.0866354026580924,0.6704876020398345,2.4498673438198413,2.0040432188923933,1.5413267371294346,1.4874613375729728,US
1971-06-30,0.8600158025565943,0.42163621452447764,2.203671328927657,1.777228044014838,1.3155704687480014,1.314727648256162,US
1971-09-30,0.8399094883653233,0.41458300415663185,2.172710390722994,1.7454826521326703,1.2860597548276937,1.3276214448859327,US
1971-12-31,0.8221293911851484,0.37500240124109085,2.179958479119275,1.7198780645259641,1.2672412072554753,1.32650852799682,US
1972-03-31,0.9403432508890607,0.5180531581999226,2.292801462618119,1.843951867249767,1.388662675522572,1.3889935038386858,US
1972-06-30,1.1351795377216827,0.71620154604391,2.478973506381042,2.0362142556060254,1.5822566662915702,1.5779153091604239,US
1972-09-30,1.1277551985691858,0.6981121963285974,2.488624634773639,2.0469228243869924,1.5851967815827097,1.5644314488375723,US
1972-12-31,1.0031179592651045,0.5900725880599684,2.357758874759549,1.9091223337583563,1.4577985562265403,1.4403834737435215,US
1973-03-31,1.6265180969892312,1.2121376441193594,2.978723756990047,2.531644795031541,2.077771473733712,1.916280319946238,US
1973-06-30,1.5608139005001214,1.1403921417762752,2.9193357320661537,2.463996944775621,2.0110230687281616,1.8538217960797991,US
1973-09-30,1.5490884681932262,1.124700137113618,2.9307718738787942,2.4453798714729555,1.9947326198148527,1.855371704773133,US
1973-12-31,1.4848182798701697,1.0381011933960662,2.8748007003347786,2.3934310781573633,1.9363549531110968,1.804928375404879,US
1974-03-31,1.6238052719796485,1.1886978604716867,2.9963664151394336,2.533932123006549,2.0791970769977097,1.8729199429038115,US
1974-06-30,1.5626267216013976,1.1228512362225196,2.9331879159187486,2.4808309882899287,2.0201485440277236,1.7981994050773977,US
1974-09-30,1.2895570973366943,0.849509359801914,2.664744881580706,2.216016471461167,1.7478560434259816,1.5887271756188022,US
1974-12-31,0.7507250933888014,0.30713129834149644,2.1567457733987814,1.6866000397015344,1.220230968304865,1.234843047028477,US
1975-03-31,0.904956287863139,0.463514698584496,2.2857986827555057,1.8431673796536732,1.3699294301490528,1.3854087990727428,US
1975-06-30,1.0495554903899196,0.5900295309194057,2.459700568358236,1.9898367164999937,1.5163167066096475,1.5101541028784193,US
1975-09-30,1.1965195279443193,0.7563813372369994,2.620714687750374,2.1391415914091247,1.669711701275959,1.6257257201646202,US
1975-12-31,1.1137233656736192,0.6543702813888399,2.5211909095748215,2.0637449763699207,1.5855689061617708,1.5710579414682282,US
1976-03-31,1.1296783159927353,0.6747912225759807,2.536056296088977,2.073904369592206,1.601961964696509,1.6007577571451121,US
1976-06-30,1.2791719936741497,0.8326978718246278,2.7004289595304427,2.2164066661474577,1.7494669175593949,1.7100457900809236,US
1976-09-30,1.3825655825291,0.9408705675897522,2.7953452210342546,2.331095553039228,1.8550524716508803,1.7785427013171682,US
1976-12-31,1.0739936728566395,0.6269494040415715,2.487004675428009,2.0194883334217733,1.5461518025477756,1.5021643278474786,US
1977-03-31,1.282978503113804,0.8379790023504845,2.669932313115311,2.217803073886999,1.7528287258466613,1.6281374651425797,US
1977-06-30,1.2725105692757728,0.834780630264758,2.6818177778301524,2.2100224965929716,1.7430115005791265,1.6140761005281878,US
1977-09-30,1.449216189356621,1.0111752065150088,2.8684872481047687,2.3862346234036647,1.9200500502596602,1.7498161459056107,US
1977-12-31,1.532295892924222,1.0959955085543724,2.930779883814785,2.474659908599765,1.999960412688775,1.774660745147147,US
1978-03-31,1.6706833681323683,1.2399719683758985,3.0910771091909264,2.6130725100065253,2.1390264749080825,1.8472769655874555,US
1978-06-30,1.5592094630465225,1.115829066369042,2.962475626645392,2.5079402114309737,2.0262846081636003,1.695646010249957,US
1978-09-30,1.571204064343121,1.1502172050773045,3.0076136056715086,2.524797080129148,2.04682005414317,1.695917183058412,US
1978-12-31,1.5907930216230746,1.1620333726775056,3.0257922782820983,2.5207715699445408,2.057751726933832,1.6813754553871776,US
1979-03-31,1.5768737487922324,1.1516292520833706,3.018641172863371,2.5188408103856514,2.048234472130409,1.676231178658373,US
1979-06-30,1.4159959531263646,0.9667991759572303,2.848207020141773,2.364756320199464,1.8892837777490719,1.5109485387152515,US
1979-09-30,1.4248710956257733,0.9820344873825453,2.8878862646689525,2.3872782633006624,1.9008111844976197,1.4928121052092864,US
1979-12-31,1.4473089352474389,1.0132875348277315,2.9282914918450524,2.4148296025579006,1.9299298652910983,1.518178582353873,US
1980-03-31,1.4202212888048384,0.9905978006209393,2.930315847588063,2.432238325777626,1.9264176072441914,1.4056981572069602,US
1980-06-30,0.8048851927854095,0.33977645147459734,2.3373999389230278,1.8272805249887893,1.313432412256393,0.9464992861723539,US
1980-09-30,0.9456945728188514,0.46314485583202436,2.515780937165207,2.0156835854720634,1.4728081470931784,0.9217412149694426,US
1980-12-31,0.7435342022426803,0.27482726444065864,2.2915692335570905,1.7995268245411784,1.270560135103134,0.7828545680972032,US
1981-03-31,0.9938258655795185,0.5059645543982718,2.5681491247180004,2.059668834491884,1.5278767432413238,0.9931051386991635,US
1981-06-30,1.0370353617748242,0.5531565988350156,2.6171622548733193,2.1104460282771638,1.5729297815818908,1.0534964456002434,US
1981-09-30,1.445713537440675,0.9556434856370113,3.0823684650742527,2.5565189878941474,2.0026665697269386,1.4043882491399247,US
1981-12-31,1.080771303773196,0.6258126819392669,2.6735120557708427,2.1746330244205194,1.6288320987887754,1.1883135636765831,US
1982-03-31,1.197483101056466,0.7006787790640474,2.8138977328392523,2.2860580173376417,1.7416150329617988,1.408302255399523,US
1982-06-30,1.2983757091146324,0.8299649565345276,2.910536421145288,2.384088779668547,1.8411961333577591,1.5708820562734314,US
1982-09-30,1.0941626801230608,0.5900283517183653,2.691911844279652,2.1619471736012277,1.6274265768743068,1.4101594174794494,US
1982-12-31,0.6523974281727434,0.18298818785605375,2.2454073700503576,1.7212726224191373,1.1883816266951128,1.0533249167168681,US
1983-03-31,0.961407305064099,0.4699797628695328,2.5667912425990944,2.0241812839308313,1.4915863184825284,1.301083584205552,US
1983-06-30,1.315287931019367,0.8193130759346452,2.910751412469323,2.382996007945036,1.8504918717545105,1.5682854598293572,US
1983-09-30,1.5836274314204946,1.1007341856331336,3.2126705427579516,2.685412580020925,2.1277854901666156,1.7245915125812854,US
1983-12-31,1.6716125025684536,1.1812853412697515,3.269040066201971,2.742410124467955,2.2052909187196703,1.7856361924526927,US
1984-03-31,1.9061900840547503,1.3918734906778552,3.515385598306839,2.9849708145500347,2.4395844637633295,1.91853017648852,US
1984-06-30,2.1760578111350064,1.6623335672835864,3.769951625747483,3.2536092075176297,2.7083143985359084,2.114950320618627,US
1984-09-30,1.8819213905102643,1.420128312902985,3.487363337361383,2.9570394762280685,2.419263743908118,1.963863707380995,US
1984-12-31,1.7324241424471856,1.258578001554018,3.3551400647679133,2.8277368535320067,2.279689066299631,1.8385092484085779,US
1985-03-31,2.2317293684131307,1.7692428575155728,3.8547649253124554,3.3122830484398786,2.7671225657993084,2.3530018610114745,US
1985-06-30,1.9229431517522453,1.4661643775876059,3.522963715280601,2.9828945995229135,2.4517646963741635,2.121969959677221,US
1985-09-30,2.1203399364595628,1.628038795474727,3.7322085536704916,3.2024174721798833,2.658056957128643,2.271636814836143,US
1985-12-31,1.698745314506344,1.2383577370325367,3.3121442212163963,2.7693469034912805,2.2328529333676874,1.9474388961208864,US
1986-03-31,1.5450815920157428,1.0658936618708852,3.137009375756267,2.5996826270167164,2.0697612184257297,1.9511133200799655,US
1986-06-30,1.0752074581339182,0.6030873065865494,2.653869464780559,2.1133050417642485,1.594778544352796,1.566799049201397,US
1986-09-30,1.0628200941026198,0.5966545635210525,2.650399005094295,2.1016142772772537,1.5886557337840592,1.5705951094610424,US
1986-12-31,1.0234735699873332,0.5763756302878877,2.568909463061927,2.0551237234405475,1.5419216071300939,1.53236881746387,US
1987-03-31,1.3369347891738528,0.8741257740114934,2.90436861177797,2.369902071435611,1.8544109851369242,1.7364919010028224,US
1987-06-30,1.620369815185137,1.1535997800564626,3.2145881958131284,2.6582304281156928,2.1400347781387503,1.9083383877475653,US
1987-09-30,1.7086789948986691,1.2456796385521938,3.2780874455434685,2.741010207942277,2.2309506939683588,1.9277140572959963,US
1987-12-31,1.4892458291024295,0.993933615931174,3.0029175756922144,2.502007413356022,1.996055738098152,1.7472292644118432,US
1988-03-31,1.6361745501356468,1.1902149871184362,3.1744288788622006,2.655550502037255,2.1503130545533096,1.8994560532465186,US
1988-06-30,1.6866849969101243,1.2321504243299843,3.207973415639656,2.703867585397658,2.194566903194206,1.8998862513032684,US
1988-09-30,1.7912621407232023,1.333077313284559,3.311078994230762,2.7904893493387313,2.295761502963969,1.9856340206755576,US
1988-12-31,2.0347230712960713,1.5905193494301302,3.53862031654334,3.034021437716504,2.5355053504187746,2.164686849665854,US
1989-03-31,2.0636539951942177,1.6049740126298997,3.5597190922042863,3.0523162164669566,2.555632043714057,2.1732866135811513,US
1989-06-30,1.8550968481373762,1.4138816420075755,3.35629487931042,2.854067748451499,2.354792569712782,2.0252589631588402,US
1989-09-30,1.7013162169782894,1.2628980924182351,3.1705190115798567,2.6844148681903834,2.1923065282260703,1.8699244923762857,US
1989-12-31,1.6748442254541764,1.220496990905437,3.1405638966278357,2.647229643097663,2.1609036016089114,1.8493614076676916,US
1990-03-31,2.019383905624829,1.5736982551937164,3.488370569452737,2.9963108258270528,2.506048955780411,2.1814384050984574,US
1990-06-30,2.056599116648685,1.6072972195613335,3.5495738775136543,3.0383817392574857,2.548963589966331,2.2176356721167743,US
1990-09-30,2.0253979676771348,1.5918357484128047,3.484971764776142,3.005229701600798,2.5182370904146034,2.1768175652694204,US
1990-12-31,1.734948458269168,1.2925573463126232,3.1538424241457896,2.6952257376210516,2.216228432550797,1.9674416288217103,US
1991-03-31,1.7379987879883514,1.2956383848867394,3.1485452740449724,2.6715473735611837,2.2049096159689223,1.9578116793282663,US
1991-06-30,1.9384266863572268,1.4856538745022159,3.384083332913364,2.8859313935247313,2.413802077934559,2.108212295473426,US
1991-09-30,1.8678889106454635,1.4283528716411396,3.2973808124021344,2.8202075562459363,2.3474701898782624,2.072974682169062,US
1991-12-31,1.7278108473697273,1.3171350670339423,3.1491726819221264,2.6661371327081484,2.198246977281889,1.9725043501578359,US
1992-03-31,2.143438520292243,1.7141706841515385,3.5341092554783025,3.063438678916203,2.5990503652132437,2.3334222364041377,US
1992-06-30,1.9778555845186605,1.5332802712055518,3.355835025291766,2.893309792325748,2.4328113251910852,2.1733772392402892,US
1992-09-30,1.8106120973329343,1.3682579621275202,3.172875492681834,2.7161398406333674,2.263910024763952,2.0600274634466755,US
1992-12-31,1.7251657485883212,1.2704487497334016,3.077309952928741,2.6319082303134476,2.1700066030159433,2.001030967041033,US
1993-03-31,1.5570911032257002,1.1126932119891357,2.9262002686143367,2.458188558843428,2.0109252778326274,1.863285928394197,US
1993-06-30,1.4836348620213529,1.044565765595016,2.8367544162060563,2.3943509669945797,1.9403128507849878,1.7796512035170597,US
1993-09-30,1.5875936737102225,1.174319244654479,2.940944147449517,2.490152339407955,2.046343999663617,1.8756134678698408,US
1993-12-31,1.8154884491491283,1.3897844502518093,3.1788689154805647,2.7181525343995374,2.2719621327512636,2.016106140709326,US
1994-03-31,2.072469242919932,1.6444158051459483,3.426846153581758,2.980152772354721,2.526392230877301,2.155652634473549,US
1994-06-30,2.199343211972711,1.7562425992796447,3.525119673161301,3.0956803638214043,2.6453466743229064,2.222634340007833,US
1994-09-30,2.3098884435730964,1.87552177318693,3.638931144098539,3.199094230887587,2.752757610261086,2.2673426983408587,US
1994-12-31,2.327653073369788,1.9025532973863135,3.6383418314764007,3.2168377859151334,2.768177680421319,2.2525836657959384,US
1995-03-31,2.2646004366013064,1.842971232642612,3.5916805018505027,3.1454080636646307,2.7036598025033878,2.2183459341439904,US
1995-06-30,2.1738570234281247,1.7485051760915584,3.50921796734679,3.0689180867191967,2.6253414023570416,2.1372493909408017,US
1995-09-30,2.1741071354289874,1.7676579630308213,3.5011149298794857,3.072651920066791,2.6226151564815616,2.128262536895053,US
1995-12-31,2.125348303451976,1.7024717786512777,3.4583987145446775,3.022450323528296,2.5735176057555917,2.1131397219762476,US
1996-03-31,2.241482794816768,1.8290330635306251,3.592403779543347,3.1505584605877055,2.694293553320351,2.173266605258245,US
1996-06-30,2.442938859569121,2.0086928181139676,3.7737899441333824,3.342123171813201,2.8939532899302005,2.3224827390290357,US
1996-09-30,2.4727694477546467,2.068139843732091,3.825501149062241,3.377575496349581,2.927214646211815,2.343992028804673,US
1996-12-31,2.5260939501847615,2.121334753779867,3.879018780393555,3.428883255238988,2.9822112595697003,2.374306201151553,US
1997-03-31,2.650758558531478,2.2287667670405487,3.997105259847728,3.5450071757984754,3.09950455521171,2.4378995687654657,US
1997-06-30,2.6712868130608083,2.251571934601767,4.015558778759759,3.560457771793762,3.1191837806747325,2.46854508275615,US
1997-09-30,2.6174122846079344,2.2011950640338624,3.952616770857193,3.5112490959698124,3.0643279951830427,2.382026791546773,US
1997-12-31,2.7963340291553678,2.3543656566254123,4.118262645273367,3.688699609924958,3.2368643634427414,2.57856546938908,US
1998-03-31,2.681830996816305,2.2584085739418898,4.007419030812208,3.5705028497033044,3.1220287325121077,2.485033294463155,US
1998-06-30,2.677357678484997,2.2759886322380556,4.019155599181666,3.580146141095843,3.130251917187382,2.5024133085818487,US
1998-09-30,2.44243161402151,2.046228079529256,3.8021322974917027,3.348688142785829,2.8965142474727683,2.3412444003780317,US
1998-12-31,2.305956333932428,1.898124286107077,3.6357825956961953,3.1979551882578567,2.7471792425772845,2.204607675646983,US
1999-03-31,2.527853936219058,2.134209137598095,3.8791305691540936,3.41786621266615,2.97689085016917,2.4184559751806414,US
1999-06-30,2.467671095215297,2.057400956952919,3.815319480736771,3.3612696097821866,2.9115026059402496,2.3060198863837846,US
1999-09-30,2.3339864306169096,1.938981972031861,3.6995552020971507,3.2320734998254013,2.7838166356912653,2.2003701822917177,US
1999-12-31,2.4952834507586097,2.06467491891178,3.8370642808326343,3.4010183098301012,2.938387402960467,2.336039362375779,US
2000-03-31,2.249573253688851,1.8206172886880283,3.5865935788581256,3.1460928027269253,2.695358226313809,2.208617877290208,US
2000-06-30,1.7750920892538549,1.3640509125770361,3.105244408982249,2.66729646271246,2.218593599994474,1.816730450625748,US
2000-09-30,1.7006511171600278,1.283738561219676,3.01476316967249,2.5914385861790414,2.144301355872497,1.782708548699366,US
2000-12-31,1.4646832350670222,1.0277658730293553,2.790493272966786,2.3546477954552962,1.9075991691725045,1.6164135150282122,US
2001-03-31,1.4745310954382695,1.0448502559240578,2.7781406690756922,2.359261763545903,1.9151666674214838,1.6636513507347739,US
2001-06-30,1.4548975154530233,1.0354276360375547,2.762148583571024,2.349667762763263,1.8970457585910203,1.626830148663071,US
2001-09-30,1.1394208994556836,0.7159219012647207,2.4496126670374854,2.0235643277126494,1.5781655115554223,1.3777996197059006,US
2001-12-31,1.2937828031643412,0.8791451498809257,2.5971584829410705,2.1561527253808035,1.7225061145671199,1.483883959266404,US
2002-03-31,1.498462793928113,1.0705828797006802,2.8072286989154045,2.372853732369041,1.9374319773251774,1.6665420235818753,US
2002-06-30,1.429032126614267,1.0069700871260405,2.7421631703069917,2.295462894334513,1.862580648048805,1.6303665371818095,US
2002-09-30,1.1417694053629366,0.7204682837178287,2.4424570217413852,2.0139126589172895,1.5765694079154011,1.4226089185787423,US
2002-12-31,1.0221990878770755,0.6022428520099015,2.3258345699538987,1.8988111614696082,1.4631571618923525,1.3079251615976797,US
2003-03-31,1.1685102316231581,0.7534043407233704,2.4718886960291133,2.0404514331681205,1.6084926377127817,1.3956836221400186,US
2003-06-30,1.3742736735067766,0.9479298837486834,2.6810497806568225,2.254334844067497,1.8147183133087028,1.5809703283691614,US
2003-09-30,1.5736266928529012,1.175178483702152,2.891258619528222,2.4549667942123388,2.0149842005331946,1.7362301778631415,US
2003-12-31,1.6486348008323917,1.2314680465808578,2.948322352405373,2.5252196810654244,2.088401356489562,1.8086884892989308,US
2004-03-31,1.664027696960143,1.2408692380794855,2.969761746735011,2.5283445938560187,2.093792470408981,1.792714752221496,US
2004-06-30,1.6198971771113033,1.218822683383204,2.899687846934351,2.4768263589647512,2.0520155618022726,1.755216690001404,US
2004-09-30,1.5661693716977987,1.1546180392000394,2.8417124721294273,2.4173876646376096,1.9881266610629773,1.7346130605242063,US
2004-12-31,1.5496806211441128,1.1299863134109414,2.818531082382828,2.4011650054531657,1.9720304115552285,1.7087804079953324,US
2005-03-31,1.5247978180538364,1.120883985715484,2.807733414084254,2.3775340973691463,1.9538668682035505,1.6915990107638932,US
2005-06-30,1.3552149900315817,0.9392122699128188,2.629130128470727,2.2106051108664753,1.7817881803758793,1.5608641672703005,US
2005-09-30,1.3780136997376846,0.975620190915158,2.663074068865267,2.226887227118554,1.8040400353052284,1.5764749046057616,US
2005-12-31,1.3248790934004293,0.9238866923660927,2.6028806246617266,2.1663073166999345,1.7463203716377573,1.5366072832048614,US
2006-03-31,1.378677100739519,0.9780685562622524,2.6226908876134805,2.205316404921205,1.7901078477415104,1.5830246411057733,US
2006-06-30,1.524680791500908,1.1310093107726853,2.7743695350791246,2.3543656370628234,1.9367667450774402,1.6944542155734017,US
2006-09-30,1.4559761143632817,1.0605303008998734,2.686978859876048,2.274974208682236,1.8621659603029352,1.6327880452366061,US
2006-12-31,1.5498972629198968,1.152450542162362,2.7602226334388327,2.3623104697829214,1.9580007401878274,1.723462293631568,US
2007-03-31,1.7423497506999912,1.34090887120641,2.941805420524731,2.53271063719614,2.1393215248524915,1.9297152007431633,US
2007-06-30,1.6617165557652616,1.2496119879336627,2.834641019361267,2.4482877819507425,2.0509991315193927,1.8135681012037392,US
2007-09-30,1.502901454149126,1.1318285648900275,2.633919250806983,2.2611894645727073,1.8815054931001536,1.6880190210719985,US
2007-12-31,1.397351618411172,1.0280703334056134,2.4909306147777013,2.128758501773837,1.7624329587819054,1.6248599859055455,US
2008-03-31,1.0796634511085388,0.7321967816725014,2.117789570684673,1.7870404537874085,1.429860882413674,1.3700013477772512,US
2008-06-30,1.1564910190859634,0.839569244267238,2.126629803609519,1.803655661674355,1.4812938306562589,1.3936077273267116,US
2008-09-30,1.0296370454682524,0.7319693407066883,1.9025819786744012,1.6094446563863156,1.3154160754666866,1.2857520417176485,US
2008-12-31,0.034028362999164674,-0.19647468233955845,0.7417061469227528,0.5026418504676002,0.2685853065094791,0.5392272276544632,US
2009-03-31,0.22024895880105322,-0.040559317584221155,1.0032094326335599,0.7555207870449252,0.4899198655837968,0.7186435276391696,US
2009-06-30,0.48703796539686905,0.20053086573742163,1.3003353442902386,1.0433602122573509,0.7661429288194236,0.955974747627223,US
2009-09-30,0.5339838728254247,0.26764648455194506,1.3288580622382993,1.0682672232381671,0.8014229026269352,1.0460797079855972,US
2009-12-31,0.6028660542552833,0.32728351875006534,1.4061146188557947,1.1466683892146476,0.8742504880006342,1.1196012963672581,US
2010-03-31,0.3981624570876727,0.13042580345446653,1.204499673930713,0.9481498533597217,0.6733673024616558,0.963691834561963,US
2010-06-30,-0.1767533840625628,-0.439323937102738,0.6118693654448668,0.357254236042331,0.0867783742723413,0.546677919603991,US
2010-09-30,-0.2562905267778728,-0.522337745743978,0.5551043818968444,0.2812498496423843,0.011739275573123823,0.4774996269167502,US
2010-12-31,-0.22285930182798097,-0.4760481684231115,0.56674767737114,0.31964047022556374,0.04487025923655426,0.4621717601102673,US
2011-03-31,-0.012662111055667946,-0.27201570005006914,0.8000097921801312,0.5458061887950918,0.26402119418192865,0.6376131041724518,US
2011-06-30,-0.5318267681549913,-0.7901177296738928,0.27100722673273925,0.004706334914172272,-0.26282924593676416,0.18987923506496074,US
2011-09-30,-1.0470594064315328,-1.2999103738161382,-0.24921124589732413,-0.504929939602575,-0.7786383886358975,-0.2279156125608537,US
2011-12-31,-1.154558097040776,-1.4019041982608398,-0.3626418827884357,-0.6287248347703152,-0.8891355078699749,-0.397413525631678,US
2012-03-31,-0.9638998521271152,-1.215737398526655,-0.17420552034905157,-0.4394202033359589,-0.7029895770749577,-0.20027948324260092,US
2012-06-30,-1.2051850058942364,-1.4700276431035353,-0.42788143564302983,-0.6791702345680077,-0.9411895815711184,-0.4312657367035766,US
2012-09-30,-1.0947209186412277,-1.3546455662853276,-0.29056818149157015,-0.5653497062419386,-0.8266442185954959,-0.3088158603291695,US
2012-12-31,-0.9872544158719885,-1.25068250317528,-0.18008287843341808,-0.4471708296721726,-0.7180973085417484,-0.18465997404447632,US
2013-03-31,-1.0499887508012615,-1.3095162912122484,-0.23508240373354106,-0.5159932807128547,-0.7837804275468848,-0.2964554366247383,US
2013-06-30,-0.9247947703393571,-1.1923536654428304,-0.12727027902536125,-0.3846820781007385,-0.656612915223343,-0.21867549640128026,US
2013-09-30,-0.9341744797901308,-1.1944921333632639,-0.12061089901591249,-0.38587618346893704,-0.6593959437934441,-0.19160810574898002,US
2013-12-31,-0.9117529165613734,-1.1832490255041113,-0.058048463565683495,-0.35135607135481717,-0.6310017966704339,-0.17824691280119898,US
2014-03-31,-0.8372219695405034,-1.1285979064924434,0.08543583782444619,-0.22030972395310888,-0.5261842567327781,-0.0681924794753126,US
2014-06-30,-0.8371168576434798,-1.1477352811538477,0.1530840362576591,-0.16410392159044163,-0.5019660607096031,-0.07141865914693768,US
2014-09-30,-0.8440495639689374,-1.1696707673185607,0.21200040780934604,-0.13756862187980667,-0.4925880784025744,-0.07240185075302397,US
2014-12-31,-0.9083987855773947,-1.2500646984051147,0.18969929598720703,-0.18038328372359635,-0.5408120617062186,-0.09659392756401863,US
2015-03-31,-0.921802336647906,-1.286158405220188,0.20469739826354383,-0.16570562435577374,-0.5458593633533815,-0.07462307757649311,US
2015-06-30,-0.8499505672696901,-1.2247187471648586,0.31480801089476795,-0.0702018285407453,-0.4599190132347366,-0.010280459353206428,US
2015-09-30,-1.0715607659151707,-1.45168742631861,0.12050475821671491,-0.27977571014851543,-0.674521951467016,-0.17296236447039415,US
2015-12-31,-1.0578342501589288,-1.4311730920969414,0.1473626736152458,-0.24891580295047877,-0.6521204550705577,-0.1602484368676811,US
2016-03-31,-1.1839078142597472,-1.577175823491566,0.030547395400763122,-0.38281800664233767,-0.7835986344085628,-0.2642001843701203,US
2016-06-30,-1.0195200605522445,-1.423794306011163,0.19064560698144795,-0.2148631855788432,-0.6219208607889049,-0.14716911151815038,US
2016-09-30,-0.9057411248985403,-1.3149114138419633,0.2979484667106833,-0.09576277082410645,-0.5041379293715657,-0.0698135851833237,US
2016-12-31,-0.6550971356274666,-1.0567833628507688,0.5670886820834933,0.15490728902644735,-0.25162869131480564,0.10402422846191772,US
2017-03-31,-0.507990665101973,-0.9079693948707237,0.7185990090963643,0.3086146893120789,-0.10071451902562435,0.21927535391750186,US
2017-06-30,-0.4699686793770721,-0.8675366867175356,0.7184076479063704,0.3418304941554864,-0.06679763867739122,0.24329997595259645,US
2017-09-30,-0.3082848212364331,-0.6977396547877386,0.9174611450659569,0.5081044728079795,0.10158455460194318,0.3910501792510981,US
2017-12-31,-0.18352100079780964,-0.5699518358418216,1.0262395981496049,0.6276582654711289,0.22520677845931042,0.5071324625734817,US
2018-03-31,-0.09097067666238567,-0.47117887353251975,1.1213177662158456,0.720396263274105,0.3163753868612952,0.5762805736526067,US
2018-06-30,-0.20021239502013044,-0.5747411773105764,1.002381733741351,0.5797490054446994,0.19430801803742953,0.4706313080819806,US
2018-09-30,-0.1234195176062185,-0.4973905815511439,1.0467081286401452,0.6489543333907866,0.26027336125079464,0.5324004501322095,US
2018-12-31,-0.2278579003739596,-0.5786236390956576,0.9094250072165846,0.5234085684900782,0.1509199311859376,0.4536322011635239,US
2019-03-31,-0.3127594059116281,-0.6666385286515335,0.789660495028607,0.4300846467271644,0.05613968129049475,0.4204954139129182,US
2019-06-30,-0.4284764552471265,-0.7880481160313195,0.6218508052448735,0.2803111581573918,-0.07597663054069581,0.3017316493594555,US
2019-09-30,-0.4713163925995323,-0.792987842314548,0.5419769038950164,0.2040119418272528,-0.13363246388786218,0.2541125399689095,US
2019-12-31,-0.3228482479536181,-0.6176300681255982,0.6001775230064996,0.30603806443906767,-0.01142350085455804,0.3872453393520161,US
2020-03-31,-0.8118770490751324,-1.0933649394419942,0.032211103644502304,-0.2500768131903932,-0.5311460074156946,0.04409990651920048,US
2020-06-30,-0.895057755723808,-1.1646006760921996,-0.06230948192143737,-0.33913573475034386,-0.6189021935643609,-0.051358780486623345,US
2020-09-30,-0.7045684221356852,-0.9802162326572645,0.15034593870489155,-0.13672535728185187,-0.42445086589456416,0.2048463887601879,US
2020-12-31,-0.6948553231208159,-0.965181741421127,0.16109388462862695,-0.1370362475338407,-0.41606242114533026,0.21792843979537357,US
2021-03-31,-0.4817048471367289,-0.7435718111987364,0.3633838196672008,0.07130956989523751,-0.20391171839944036,0.3937145959844268,US
2021-06-30,-0.3440534524358676,-0.6081655670281898,0.485854236040967,0.21237496535801226,-0.06319775527185836,0.5107106320626245,US
2021-09-30,-0.41737505313449796,-0.6806385917481852,0.41768527687740575,0.13337505035992803,-0.141429829614741,0.4447689524226963,US
2021-12-31,-0.2060072632056591,-0.464413624536935,0.6221432620466398,0.33800263487027293,0.06626214258734214,0.5502210386656514,US
2022-03-31,0.3103081006048338,0.060941306283452956,1.0920264502129955,0.8351756904842609,0.5762055327699138,0.7696953751542928,US
2022-06-30,0.33563877200940295,0.0780775149195656,1.1149871151787587,0.8582481620599216,0.5954158820258798,0.7420894648406622,US
2022-09-30,0.9132231818440992,0.6473405110223782,1.732685224284301,1.4662957696186965,1.1885446309418897,1.1101261390390125,US
2022-12-31,0.8459064076038516,0.5805101567652184,1.6517466940694079,1.3862524796102167,1.1182979278651723,1.0629498259230243,US
2023-03-31,1.0611612123567569,0.805489548185697,1.8415217807243422,1.589155872870218,1.3234950617061256,1.344772482124682,US
2023-06-30,1.3475346620712296,1.085261845169077,2.1585106953697895,1.888674936773708,1.6213434759370553,1.4932604889427412,US
2023-09-30,1.67289222988999,1.41026422591985,2.5005808745650704,2.2256935862389455,1.948475636438079,1.7698789753317894,US
2023-12-31,1.3530291927717546,1.1076358956810561,2.1534917178340476,1.8921682395226394,1.6215015855077966,1.6037467262965712,US
2024-03-31,1.5749430926802857,1.3256356412083772,2.3815591121357564,2.1229439862852315,1.8476237306720211,1.792440404443218,US
2024-06-30,1.5971721205863947,1.344088508024337,2.421747337233825,2.1579677317490074,1.878123746344651,1.7739433130431623,US
2024-09-30,1.167241381175428,0.9133226243287569,1.977838296324306,1.7141594448069208,1.4404588858434781,1.5115732993930442,US
2024-12-31,1.656514573569967,1.3763754619285524,2.5160538026741692,2.239950375115584,1.952855056179396,1.8563444424001945,US
2025-03-31,1.2578455305528606,0.9781249019183282,2.117342550014112,1.8304835043414767,1.54443333291406,1.6121996977047484,US
2025-06-30,1.2411232952181417,0.9200672826491847,2.189004922250674,1.8808684348733211,1.5638139530024968,1.64551166080736,US
1972-06-30,2.769797990013987,2.13541514558435,4.647185195493202,4.026598440603292,3.4002716349804425,2.7902940326482137,EA
1972-09-30,2.9647568515703,2.3646957447360286,4.853609089323118,4.23133534968545,3.5980076806377936,2.9480391784222153,EA
1972-12-31,3.3007721848599507,2.695318065069185,5.177267733699576,4.557118871064988,3.9288383815945873,3.1121419658199896,EA
1973-03-31,3.3663926440996343,2.7660438299017134,5.224994968078151,4.614301336951641,3.9964233842665626,3.1762550787843216,EA
1973-06-30,3.715427232911569,3.1054535214272674,5.551082161500026,4.9638846230480995,4.33654849959362,3.3874469140643293,EA
1973-09-30,4.028424870652875,3.4345999305491106,5.879046031344809,5.277341029409348,4.648467611969846,3.555090013615418,EA
1973-12-31,4.243043588407131,3.657412930946002,6.113127519557001,5.4855953906175285,4.862018125159207,3.717925342733515,EA
1974-03-31,4.344120024992378,3.7323011732150833,6.188746055702685,5.5764861325173305,4.96144780300293,3.805549817932592,EA
1974-06-30,4.538894123514175,3.940675516366512,6.379265037719093,5.760430790909785,5.152060691055565,4.010032040173154,EA
1974-09-30,4.653041933383184,4.047385146016326,6.45761993723977,5.868430124079091,5.261348066336332,4.0568542945534745,EA
1974-12-31,4.266399838636798,3.630443708398717,6.073867833438091,5.485614082480805,4.868286735557875,3.9102686096525794,EA
1975-03-31,3.9056704487535354,3.278799274854273,5.711664468441186,5.122426117210802,4.507843498911442,3.7032822759228936,EA
1975-06-30,3.841891838950515,3.2157309591365926,5.637471882572464,5.043887266576853,4.43686124385335,3.691291809542338,EA
1975-09-30,3.8730153664443936,3.2430653675216456,5.664559381592161,5.072703517477645,4.468956522668788,3.6926114180456238,EA
1975-12-31,4.003173015188791,3.386677761396925,5.795979257624865,5.211841862610221,4.603709364966219,3.7392504796438697,EA
1976-03-31,4.097051469325942,3.4904118472929726,5.874480085612522,5.30190434678692,4.69457535980811,3.8230772153718435,EA
1976-06-30,4.35118376729363,3.7437297701081955,6.106480080829481,5.550231764471372,4.940177000318364,3.9504411538053197,EA
1976-09-30,4.437648671457811,3.8336590989283934,6.203451180528167,5.630588560202705,5.031032257867606,4.011868868476957,EA
1976-12-31,4.624461374951594,4.008578951061472,6.388957317520826,5.818496341810922,5.211295050664112,4.083847927612141,EA
1977-03-31,4.561492304344398,3.9715350139028054,6.322323327272373,5.759321911018621,5.156784605326007,4.0382457315258,EA
1977-06-30,4.349754030658599,3.7525142714456816,6.126326309790053,5.538469265534925,4.94123917695409,3.9876522227215645,EA
1977-09-30,4.397703133334819,3.816834507780529,6.179339626567142,5.590856484096847,4.995249082820383,3.980343339219961,EA
1977-12-31,4.41458637672797,3.839365000138247,6.198100439362085,5.600050042769707,5.007309439486222,3.957214534230999,EA
1978-03-31,4.1123714494873695,3.5513374349487523,5.8905030023004885,5.302074045289764,4.711557499874379,3.7954228204869414,EA
1978-06-30,4.197571695580045,3.6438998205785404,5.978447323874588,5.398738741917114,4.804556279677947,3.8335760739210194,EA
1978-09-30,4.398677475287644,3.8342667794455814,6.173214729671354,5.59950101323209,5.002770364707387,3.9354065703208274,EA
1978-12-31,4.514525786004121,3.9531588603822274,6.296577813345525,5.709598875694948,5.118265609566299,4.008688855613507,EA
1979-03-31,4.281321411395535,3.7200180479277214,6.065314418057938,5.475829065027662,4.884960461482961,3.9521975417845483,EA
1979-06-30,4.9247408781832025,4.367165083438325,6.707091617182991,6.125256963890049,5.527458171260639,4.241760067749096,EA
1979-09-30,4.959513435268897,4.401227365954563,6.73931248363639,6.1534373260464035,5.560085076969451,4.292883246765459,EA
1979-12-31,5.424048947099386,4.821497575179955,7.179260917934963,6.626039638933065,6.022230271141687,4.559172773734058,EA
1980-03-31,5.600150402254365,5.012573810285285,7.367034523226799,6.792225708423336,6.193086533239381,4.703602588430493,EA
1980-06-30,5.38194181757332,4.822160853262546,7.1742290058687725,6.588173170580491,5.986413371947801,4.611188390646241,EA
1980-09-30,5.384183519513545,4.808220636567368,7.1485207470265015,6.581475076642748,5.976679792579777,4.630560311641418,EA
1980-12-31,5.5987860530629945,5.029041943006073,7.386903255336284,6.810270097419416,6.199124670268346,4.791082937117368,EA
1981-03-31,5.742018436902246,5.163490858515621,7.565943071658046,6.975665549256507,6.359329451308273,4.897389915899394,EA
1981-06-30,6.2712803739100575,5.6994288614442254,8.094000118230023,7.495006202879032,6.881693893766467,5.2259076140887695,EA
1981-09-30,6.333617950874617,5.738655881951064,8.170342184524651,7.556923324922603,6.9462948467843795,5.311127124830878,EA
1981-12-31,6.093809532362487,5.533215439440546,7.941644871412152,7.324432671544008,6.71252628694558,5.210070212162695,EA
1982-03-31,5.9050139638572565,5.329319342779057,7.756476811852254,7.1380790218152175,6.5201332279330835,5.034072796203886,EA
1982-06-30,5.809052932922526,5.232103943711888,7.643709483450737,7.038203007227585,6.422968173459872,4.948513864647683,EA
1982-09-30,5.541905393725876,4.94415374445758,7.377286555094246,6.776668332106516,6.1585097158648825,4.811637497535374,EA
1982-12-31,5.372310298280654,4.783839684377698,7.165399927216047,6.5776092146749665,5.9719014097213465,4.695003422353991,EA
1983-03-31,5.153271543713434,4.5730907982352935,6.936306055332847,6.360484795719462,5.758459674077924,4.513455550943353,EA
1983-06-30,5.214545090878621,4.645791999984175,6.970700560948808,6.410534288793723,5.8117964761551635,4.53023056043192,EA
1983-09-30,5.229775138192322,4.681574880492296,7.035415470168486,6.446235019774731,5.843954762013546,4.534322283357862,EA
1983-12-31,5.19900362528541,4.639546377696901,6.987605888068115,6.407718141495643,5.809309216882035,4.529051409606995,EA
1984-03-31,5.060075773592191,4.49442498114632,6.8093854228885595,6.249286261032127,5.652164096907765,4.400600268054928,EA
1984-06-30,4.786281136518222,4.24554968850339,6.553332318521415,5.970212948496121,5.381182171428101,4.2647833143725284,EA
1984-09-30,4.827660678608634,4.2709577670879035,6.601717396949365,6.020886333866153,5.426271703446553,4.2333629287305135,EA
1984-12-31,4.71635923795862,4.172169140566734,6.4703173549757675,5.889954038649746,5.3048027233461585,4.132048940245558,EA
1985-03-31,4.531316187354563,3.9885909794866206,6.286776331805923,5.711920277147689,5.126491973471162,4.059963141440762,EA
1985-06-30,4.567409541084152,4.008842687987921,6.3102487410906605,5.735246949614906,5.152108417932189,4.0091550983075255,EA
1985-09-30,4.453473105390502,3.894705542741659,6.19667142985693,5.627932839349939,5.033847635875418,3.9349414411669335,EA
1985-12-31,4.237119894061904,3.657282898709174,6.002719172509431,5.417791891920826,4.829172347596577,3.8002971913071173,EA
1986-03-31,3.983118712504676,3.4118375608347598,5.705693428343325,5.165910680819126,4.5757172968063315,3.664196470292681,EA
1986-06-30,3.865614809356899,3.276566247685289,5.593717131382573,5.037345795840117,4.453494893849767,3.474187790233416,EA
1986-09-30,3.7595532882576155,3.176404561557233,5.494061738181182,4.93277698572232,4.344111068742759,3.414815842570336,EA
1986-12-31,3.910483682892484,3.3114591577132684,5.636482932985607,5.054173007505631,4.482586401952518,3.509399119719702,EA
1987-03-31,3.8666031721557963,3.2631326194223753,5.622435674361509,5.037970510682102,4.4426163935607335,3.541009620638433,EA
1987-06-30,4.231924559686498,3.6102885148352857,5.958164395018596,5.3922116568417735,4.797846164613859,3.695758132101039,EA
1987-09-30,4.349870014878294,3.7514922443499246,6.07874104716385,5.518094859739955,4.920616896908559,3.8062828279739094,EA
1987-12-31,4.31337595983388,3.7461081099427225,6.073841663141383,5.480218444059352,4.900663551436528,3.794861201305438,EA
1988-03-31,3.9969018293629563,3.4048589759300043,5.752206219670986,5.170079161913963,4.580608144618665,3.5924021497760092,EA
1988-06-30,4.054770562247076,3.49779082250533,5.80863897941318,5.243379785052641,4.6495628863636895,3.6148263630623347,EA
1988-09-30,4.272310051317418,3.694483162817334,6.000136884488061,5.444677869509873,4.861240779957007,3.7299643502123674,EA
1988-12-31,4.259781672173168,3.6934075348449023,6.014601491175945,5.429709878919591,4.843689072337215,3.7098520390280902,EA
1989-03-31,4.527352818709982,3.9567813887396843,6.266081403023496,5.683275092491076,5.112665217483676,3.8531182664290275,EA
1989-06-30,4.556272114522055,3.9796489979017244,6.271949246562597,5.714751363007598,5.138088646226925,3.900726367987156,EA
1989-09-30,4.568484336857197,3.9984811591199407,6.283388572356044,5.728294778857576,5.147437982708439,3.9289341680664625,EA
1989-12-31,4.759982156941666,4.171880431222389,6.485728992998893,5.907695657301851,5.332780173238591,4.012008293816695,EA
1990-03-31,4.877948470900592,4.304038146333813,6.618834157940633,6.0518046141063815,5.470097069563171,4.097964404061143,EA
1990-06-30,4.6745371479659905,4.069484106910433,6.405210975025671,5.83889922553003,5.253194584431813,4.0296551346450595,EA
1990-09-30,4.753022199922679,4.184037164433073,6.473387098202631,5.92959799766286,5.340353910717021,4.058845473657497,EA
1990-12-31,4.8648513706088785,4.277414434844317,6.582387491191928,6.037181130378857,5.447758512573008,4.124070586608054,EA
1991-03-31,4.6766057145763265,4.090097350724279,6.414705629469541,5.847635587974787,5.26229056694001,4.014797946201156,EA
1991-06-30,4.587071771753929,4.005799513860087,6.319325747155666,5.754598701315491,5.168029952026907,3.94832581082773,EA
1991-09-30,4.551061994942948,3.972956604505623,6.302705824961277,5.735747156695722,5.146523592619296,3.9357280404823216,EA
1991-12-31,4.555240198405498,3.9745821766339415,6.2882199293488386,5.719695095276385,5.131480770197896,3.9018570983740504,EA
1992-03-31,4.473496952361147,3.8847779667183784,6.184772298021969,5.634556430981402,5.051441741203771,3.7939942588424094,EA
1992-06-30,4.280916842732508,3.6978083558808064,6.00379168272846,5.442107703423634,4.860373050468082,3.737643894179114,EA
1992-09-30,4.394100468374848,3.810712027153641,6.115838593018364,5.557163702364843,4.973684378880491,3.7814818938790076,EA
1992-12-31,4.237008164420801,3.643851427903887,5.958391716149842,5.388412517652257,4.806985026703791,3.6758895978862447,EA
1993-03-31,3.668175992733628,3.086730673203393,5.355023303287149,4.821036924474284,4.237448588579035,3.32692771044035,EA
1993-06-30,3.439139371384763,2.8676528699533166,5.145919383293224,4.5890908253900005,4.009695149075687,3.1699032010928185,EA
1993-09-30,3.1440983428213687,2.5811829268318887,4.857275007292287,4.289704139765748,3.711896814412394,2.927475005835281,EA
1993-12-31,2.843473269560286,2.272370446381701,4.5388096333965,3.9804509981542098,3.4064342362378754,2.751689799383568,EA
1994-03-31,2.7536046529253198,2.1884929367491077,4.435412401723024,3.9031735608073936,3.3223491209033065,2.6359846228235897,EA
1994-06-30,2.8513174712719973,2.316616375979128,4.571486540362446,4.003916032613551,3.4310806229901276,2.7282123808272845,EA
1994-09-30,2.9716470359324045,2.4277789554164633,4.674293388183999,4.118519770652199,3.548334037970898,2.832470427094849,EA
1994-12-31,3.0338963361311433,2.502574517690512,4.735779151847931,4.17889721094127,3.607413835019048,2.845788246207177,EA
1995-03-31,3.0089646561230983,2.4502196523579203,4.691709359969681,4.141728245773132,3.5737699115756483,2.864864078183678,EA
1995-06-30,2.9769633138634757,2.4121356765249518,4.646403280906203,4.0962973095078485,3.535098252742636,2.796413248581181,EA
1995-09-30,2.6387173680394955,2.0936149619654882,4.340564552503874,3.789269883665482,3.2135649333276497,2.6094129286095264,EA
1995-12-31,2.5467703776361317,2.0086293731825546,4.258300452478689,3.7038473004489005,3.127938372225913,2.5195815782461253,EA
1996-03-31,2.3154173045579847,1.7683378918729178,3.995157200676548,3.448138844895359,2.879162720765728,2.384780995186272,EA
1996-06-30,2.2932451754252523,1.755576112289972,3.9809585857132292,3.42840582044988,2.859958040474342,2.3099831751568325,EA
1996-09-30,2.1866990334615632,1.6531186165857852,3.858961462807326,3.3214420567695546,2.7559390894255467,2.2818160132338674,EA
1996-12-31,1.9280429034791082,1.3913527307050777,3.6084773518544266,3.0564921009572097,2.495463645585374,2.1173377793556183,EA
1997-03-31,1.8401384088948118,1.2790431875282455,3.507427076487167,2.9673018065184036,2.401884907889708,2.0605460262990882,EA
1997-06-30,1.9214421733219744,1.3750569992116708,3.590310466586196,3.038179197866789,2.483828673321863,2.020357958026001,EA
1997-09-30,1.6665534093767986,1.1236220920937716,3.296459009106871,2.762562935837774,2.2189814327660224,1.8936634804859431,EA
1997-12-31,1.6474372471789875,1.1157232936380967,3.2789719160446245,2.7393808096276357,2.197545989152275,1.8195407427906791,EA
1998-03-31,1.4331359570125701,0.8979487724324657,3.032867166918224,2.512602592054268,1.9767316992478008,1.6479928164295976,EA
1998-06-30,1.2950329663597164,0.7552413310753217,2.8773256296949494,2.361953135745567,1.8289446730761412,1.5881233470982323,EA
1998-09-30,1.312108802531344,0.7915563248630293,2.893413340926509,2.3781776425363446,1.8432820789916546,1.551895620742654,EA
1998-12-31,1.1136329654479882,0.6114170937308234,2.6845182999906116,2.173914410118445,1.6440023630870169,1.4215068364182915,EA
1999-03-31,0.9783037765978275,0.48292101616247685,2.536348612556453,2.032502524062934,1.5022446292025677,1.314092383200336,EA
1999-06-30,0.9597264368164772,0.446594550590954,2.493440387420163,2.0042248090981243,1.482712522562196,1.3298854783957907,EA
1999-09-30,1.0292278602269789,0.5372300308140205,2.57034991596715,2.061824460736543,1.546773616210377,1.3624391000956804,EA
1999-12-31,1.026248301482888,0.5454686894192016,2.5183071093811193,2.0312560411910248,1.5311775458917978,1.347232375884279,EA
2000-03-31,1.063175284449697,0.5849633217150241,2.5329568727883025,2.0521562905943687,1.554878671989131,1.304988877421956,EA
2000-06-30,1.033304957613286,0.5744944914426269,2.4886297923260887,2.0077928364861504,1.5241404502204945,1.291405644290598,EA
2000-09-30,1.0608299638628682,0.5924107364490903,2.5264528529161403,2.0403355954755753,1.5552884936765499,1.285546647770703,EA
2000-12-31,1.1523926955944637,0.6900364174552784,2.6041305782829864,2.140439295717756,1.6463370382409992,1.3223671175368967,EA
2001-03-31,1.1162684401931633,0.6620287355227551,2.557503490727873,2.0993121787430464,1.6061183025046717,1.2915488522968777,EA
2001-06-30,1.1175273114490023,0.660326974962119,2.5772947741812415,2.0932461040247166,1.6062450620706805,1.338100322003545,EA
2001-09-30,1.1337520955822926,0.6733651420047174,2.5982509162210934,2.1056387008003346,1.6204491892790087,1.3715580654027155,EA
2001-12-31,1.1739361664341839,0.6898015747473761,2.6118586342508343,2.147788725369044,1.6562758388643986,1.4203712861866071,EA
2002-03-31,1.2899513459345364,0.8314426866366156,2.725764167561443,2.270451938966992,1.77839311789744,1.5808606349794996,EA
2002-06-30,1.3316284139919126,0.8718018509963983,2.796516412160209,2.301184845046068,1.8177568036368197,1.6043914657017493,EA
2002-09-30,1.0396185377045501,0.5722633262802728,2.4771264949795024,1.9976349166764136,1.5190369475317724,1.352710627407789,EA
2002-12-31,0.8081438160028732,0.349936164592178,2.251505901777132,1.7902888597046358,1.2936982863399646,1.1682482280860391,EA
2003-03-31,0.30583653345855755,-0.16801040754413776,1.75362826471272,1.2743482941515705,0.7853301399720853,0.8510375221553472,EA
2003-06-30,0.08418155284283091,-0.3850810362503607,1.5384885717692347,1.0527630270381723,0.5688973275797343,0.7279975319676926,EA
2003-09-30,0.3063898102540684,-0.160466958088044,1.7935704730632303,1.276464788044589,0.7918384811978213,0.8967615211125034,EA
2003-12-31,0.514857645826131,0.05101252537677703,1.9836961013895913,1.4835361898534316,0.9974218890265388,1.095069690655541,EA
2004-03-31,0.578912702456049,0.1002923251348602,2.0378664951818353,1.5483132078045665,1.0600149016376152,1.156086267977794,EA
2004-06-30,0.7520717897682534,0.2934039917198916,2.201726345450393,1.717761983963263,1.2349756529121072,1.2993069431946125,EA
2004-09-30,0.7080647067205679,0.22704577791480862,2.142786041259477,1.6697301414665189,1.189711835219777,1.2734111411809799,EA
2004-12-31,0.48599640609905703,0.025978825782584147,1.9064311624736532,1.4344913773233412,0.9609308028126167,1.094316934553106,EA
2005-03-31,0.2075972865224679,-0.27096035853968714,1.60369355078839,1.1528782478670339,0.6720217884399154,0.8855334841674031,EA
2005-06-30,0.0622371837941591,-0.41022690540644025,1.4492704774734486,0.9952626679672872,0.525355479266788,0.6652459460023115,EA
2005-09-30,-0.4000592865710071,-0.8495861069836164,0.9931765735495179,0.5282892605021201,0.06571037116435144,0.33947794916475016,EA
2005-12-31,-0.5793351816074106,-1.023723413963646,0.8091231546436776,0.34029109183801953,-0.11870613894897931,0.18631347190702907,EA
2006-03-31,-0.3618817173664832,-0.7976237057752043,1.013129136081929,0.5460891846621504,0.08811410976885704,0.2673308272842836,EA
2006-06-30,-0.26501392083299846,-0.6969666471091571,1.098862022178003,0.6485137951685986,0.18991430586392505,0.3778563396747402,EA
2006-09-30,-0.17904996305554444,-0.6212682049169358,1.1581079708799518,0.7022012274548481,0.26404983473935845,0.4388832505836876,EA
2006-12-31,-0.11169701194369375,-0.5258130940977783,1.204889218007365,0.7628763010139574,0.32621679714998186,0.4385187135634946,EA
2007-03-31,-0.16072735086173462,-0.5940038663754226,1.1472773506374419,0.7068247342667593,0.2707591843319831,0.36316385655017325,EA
2007-06-30,-0.23895128191587123,-0.6459539601783213,1.0472734901545535,0.6253310277569053,0.19178785569669385,0.34171435511918014,EA
2007-09-30,-0.1927216227353412,-0.5951865164532912,1.0741887055696366,0.6463521570153905,0.22730345641600883,0.33578205747693257,EA
2007-12-31,-0.3618283679880656,-0.7804007195317986,0.8536571047933652,0.4504848552761286,0.040228942965557735,0.12990182790488758,EA
2008-03-31,-0.3513823040242485,-0.7431705888157196,0.857295630473911,0.4511786062621588,0.04978678091737018,0.15822598914047092,EA
2008-06-30,-0.5303839366937246,-0.9078889602783315,0.6557038389280322,0.26138413598574783,-0.13199295765175717,0.027106993868002638,EA
2008-09-30,-0.4207724820861838,-0.7855951429216588,0.7140463900926253,0.32957090487321694,-0.04327947104327147,0.11246735883983527,EA
2008-12-31,-0.4534905731032286,-0.7805698815705158,0.5989429865088259,0.2582166497957944,-0.09534845938449796,0.09578027525854749,EA
2009-03-31,-0.8052519665435189,-1.0955612700812454,0.14361994276921786,-0.16845908517613406,-0.48430552366099267,-0.04226616590757604,EA
2009-06-30,-0.7461586732753578,-1.055818358530547,0.1917363935115337,-0.13011786712115692,-0.4365914940037017,0.009226874436738974,EA
2009-09-30,-0.720474758034042,-1.0337122305747548,0.2134773458668806,-0.10862753162324745,-0.4155050263030041,0.07874479579068838,EA
2009-12-31,-0.8450520166637698,-1.1552590506584042,0.07384770684956665,-0.2281287829308376,-0.5388224620302366,0.03008756862368811,EA
2010-03-31,-0.803661041684506,-1.106997350944534,0.12176230031150159,-0.18483802769722657,-0.4963396531802632,0.0893407745049486,EA
2010-06-30,-0.7944790287883317,-1.114433875341458,0.1229811187629688,-0.1790857758542126,-0.48886704777452855,0.030409249471526234,EA
2010-09-30,-0.9493173458480211,-1.2534118743107903,-0.03320876737306011,-0.3408575280401427,-0.6493139160192244,-0.010043417552191736,EA
2010-12-31,-0.9742043925641586,-1.2720571363136908,-0.06626291972053178,-0.36714426808713374,-0.6694421850466576,-0.0606492450914522,EA
2011-03-31,-0.7724530143723474,-1.0712687431782713,0.11504947448694125,-0.16420869346128164,-0.46896401036252144,0.060650851878894074,EA
2011-06-30,-0.6876900748060382,-0.9848696357980173,0.19302348077829545,-0.08760755681090537,-0.38694341155295287,0.15660418875518545,EA
2011-09-30,-0.7638063298528919,-1.0765271861017842,0.12950789570336163,-0.16085063553843892,-0.46710166744396225,0.1384574464077737,EA
2011-12-31,-0.8322021635823846,-1.1327511542737496,0.07917244156056347,-0.22779745489414416,-0.5327828215334023,0.10039207116993232,EA
2012-03-31,-1.0146158406510026,-1.3068725092154985,-0.09800250705019331,-0.40685263149589246,-0.711636572777034,-0.013152628975371394,EA
2012-06-30,-1.0590800600218913,-1.3566674918356973,-0.13932907579858878,-0.44609791530709164,-0.7525383988609549,0.009868925334702183,EA
2012-09-30,-1.250105128787105,-1.5323988290460586,-0.339591675607267,-0.642434654875798,-0.9447012235892354,-0.11777991072576222,EA
2012-12-31,-1.4884211232675488,-1.7662871718562858,-0.5767944104610894,-0.8842198275949449,-1.1855702085648177,-0.29954043723785007,EA
2013-03-31,-1.4711825446694724,-1.7592111466643137,-0.5765783091969432,-0.8725938765486485,-1.1740552759118656,-0.23014632863935636,EA
2013-06-30,-1.4065829166825519,-1.7027746449123704,-0.5235139823976354,-0.8083960204673142,-1.1079758504182475,-0.2498752986505448,EA
2013-09-30,-1.4103457400305506,-1.7034535540292652,-0.5141988123978465,-0.8072395708561722,-1.1124031664082352,-0.2760412784729176,EA
2013-12-31,-1.5393198635700736,-1.8271602159042715,-0.6590223041237537,-0.9455807751653307,-1.2448608217171082,-0.371335490132332,EA
2014-03-31,-1.7016642094488685,-1.9944986516357757,-0.8053106641984435,-1.1048065218941687,-1.4040003748848668,-0.47882046283608704,EA
2014-06-30,-1.928486157435247,-2.2258410329314957,-1.0418530683227458,-1.3435873094872672,-1.6356975026456186,-0.6301208641773011,EA
2014-09-30,-1.8205384233680362,-2.1137976651757064,-0.9388420804018249,-1.2303971734995773,-1.5226662330544058,-0.6129550860976842,EA
2014-12-31,-1.9778185072139989,-2.272443039729295,-1.0831891427316933,-1.3943216061289414,-1.6838495619557352,-0.7096073470103579,EA
2015-03-31,-2.099975172298499,-2.396358966611805,-1.2133809619043472,-1.5030603258450985,-1.8038246783521177,-0.8183294986553244,EA
2015-06-30,-1.9735354423318046,-2.2657913622775663,-1.0709396388930497,-1.377062233053504,-1.6782294537238818,-0.8394297384317937,EA
2015-09-30,-2.1711913489795647,-2.4504644291677344,-1.2744712484596659,-1.5748956311838382,-1.8726208522285896,-0.7988699925020906,EA
2015-12-31,-2.0318498192534413,-2.3133628626868754,-1.1340326954327078,-1.4345627136064962,-1.7335752515835225,-0.8314056963736716,EA
2016-03-31,-2.098126029843989,-2.3854418386621847,-1.2103782762926367,-1.4975871437603625,-1.7986912142210936,-0.8334517219119375,EA
2016-06-30,-2.057606453027653,-2.352156840576977,-1.1607806860027554,-1.4617260005233423,-1.7596965062821959,-0.766674973667351,EA
2016-09-30,-1.9933775535574192,-2.2843349432643283,-1.0978109570530452,-1.398571193956474,-1.6976692275942296,-0.7534438773458418,EA
2016-12-31,-1.8980378266212252,-2.192008146353982,-1.020661522760054,-1.3008393528160147,-1.6036955196048739,-0.6432306852193728,EA
2017-03-31,-1.8143210203534479,-2.1025758365943035,-0.931379185589877,-1.2262650209885797,-1.5208973197751647,-0.6013706655361453,EA
2017-06-30,-1.8505628809337842,-2.1257826896306002,-0.9508041719153826,-1.2594495438734543,-1.5521893468164445,-0.68552726384096,EA
2017-09-30,-2.0566477039386144,-2.3347186603967804,-1.1718916866312594,-1.4632430453125314,-1.7602772857439395,-0.7273532921416699,EA
2017-12-31,-1.9570572431844946,-2.2396992104488267,-1.066787339591242,-1.3621911087258738,-1.6615719761697982,-0.6610128247757294,EA
2018-03-31,-1.825493067807333,-2.119128824641716,-0.9261785026861802,-1.2272232134067278,-1.5276284080328537,-0.6556833846182295,EA
2018-06-30,-1.8130516488254358,-2.1073826047584165,-0.9156624474285664,-1.210240364455661,-1.5090828647869503,-0.5765997971128236,EA
2018-09-30,-1.6940189107287038,-1.961909147877527,-0.8089906294651867,-1.0848737706180982,-1.3907813122752397,-0.5432201394415106,EA
2018-12-31,-1.6417331516316023,-1.9245441686876985,-0.7322439562603158,-1.032637623614281,-1.3354410868958335,-0.48600942338016395,EA
2019-03-31,-1.7723438384340566,-2.0808691311686647,-0.875552801360324,-1.1634268268651882,-1.4700039052120064,-0.6203949729405198,EA
2019-06-30,-1.7560696493977423,-2.0568680637085297,-0.8535850431915999,-1.1435790416696712,-1.4538124108209016,-0.6904773116004073,EA
2019-09-30,-2.164027095120852,-2.458916676654357,-1.2478032185872143,-1.552445473292234,-1.8606867771970237,-0.8485769731414292,EA
2019-12-31,-1.9867768984770295,-2.2880368695021036,-1.0603756898802614,-1.3610792507219855,-1.675087590329229,-0.8640097322313915,EA
2020-03-31,-2.1227023082401324,-2.43917068904166,-1.187612400703867,-1.4868961144687396,-1.8084205774163424,-0.887989943858555,EA
2020-06-30,-2.1688243907283593,-2.4803468597069087,-1.231309054276267,-1.5323327590010778,-1.851618609298826,-0.8743898031741051,EA
2020-09-30,-2.160226418089239,-2.4925626176238,-1.199413645514845,-1.5147316312076868,-1.8392428557355367,-0.8501401629987024,EA
2020-12-31,-2.1622069484130213,-2.480133023405834,-1.1828175024646157,-1.4973288057192433,-1.8309457350434293,-0.8764265732013188,EA
2021-03-31,-2.177208549951238,-2.4883015152939922,-1.1698189200239928,-1.505304637529969,-1.8408988875545256,-0.9058222580617323,EA
2021-06-30,-1.731189241938675,-2.0353727121561915,-0.7242421532138132,-1.0673753372451005,-1.3976524514281137,-0.6199470916546916,EA
2021-09-30,-1.7780949949530407,-2.118299218219483,-0.7710568492387155,-1.1069951648738434,-1.4404816823604145,-0.6148966324689416,EA
2021-12-31,-1.7791068117960283,-2.154028887782483,-0.7023815696865026,-1.0595198037983917,-1.418322023566293,-0.5980523609746953,EA
2022-03-31,-1.5487640986269442,-1.9344460007069149,-0.3841232598865467,-0.7822434896278683,-1.1614183361292474,-0.4512796131533565,EA
2022-06-30,-1.174483421420903,-1.583977873527278,0.03344890431794878,-0.34938444880554553,-0.7636321624899118,-0.16683340784688894,EA
2022-09-30,-0.9101661617767205,-1.3312587503061586,0.37480147097419914,-0.0449929238403437,-0.4751238038898393,0.02591975920195666,EA
2022-12-31,-0.8795122786525988,-1.2911662031975486,0.45896609049980364,0.024479668705852276,-0.42632628516190635,0.09981337161324888,EA
2023-03-31,-0.709142142352694,-1.1229617384136703,0.6548299584873596,0.21994653190818558,-0.24003564131715568,0.12286871344028283,EA
2023-06-30,-0.6115643061763651,-1.0458804969785724,0.7901594054145935,0.34746880658635015,-0.12910511439658318,0.2509720594728393,EA
2023-09-30,-0.44672568041406047,-0.8832343111913694,0.9767743237422711,0.5245228228917305,0.038648396945197616,0.3897476355120193,EA
2023-12-31,-0.39965931487639494,-0.8628791322266116,1.073693121158069,0.5913352605394241,0.09960496728393158,0.42243985471801504,EA
2024-03-31,-0.6000655119509566,-1.087243477569999,0.8860641731430277,0.3885636456999485,-0.10747222498576178,0.29357266543252103,EA
2024-06-30,-0.6080676900666446,-1.099601999430241,0.9432446179335161,0.4315116044066438,-0.08696052906093496,0.2970929550039393,EA
