date,g_sh,b_liqtil_sh,b_liqp_sh,b_safetil_sh,b_safep_sh,mu_sh,z_sh,lambda_f_sh,lambda_w_sh,rm_sh,sigma_omega_sh,mu_e_sh,gamma_sh,pi_star_sh,lr_sh,zp_sh,tfp_sh,gdpdef_sh,corepce_sh,gdp_sh,gdi_sh,BBB_sh,AAA_sh,rm_shl1,rm_shl2,rm_shl3,rm_shl4,rm_shl5,rm_shl6,dettrend,detrendedMean
2007-03-31,-0.04435217607040387,0.0014290253636057677,-1.9714327197236896,2.033789444901197e-7,1.687131177341148,-0.027804705547436817,-3.370312156925835e-5,-0.027321771528158158,-0.005468909065297891,-0.0022869210652099663,0.006745747339528386,0.0,0.0,-0.004662686496842219,0.0,6.748782472791455e-5,0.0,0.0,0.0,0.0,0.0,0.0,0.0,0.0,0.0,0.0,0.0,0.0,0.0,1.261960272914812,0.8739703215441654
2007-06-30,-0.03870102652026422,0.00124387707163986,-2.235884263555711,2.0733288695275452e-7,2.313789044205246,-0.02774420481756888,-6.137974158204811e-5,-0.02783548459076849,-0.005807922173924988,-0.01861533833327295,0.007240690311097821,0.0,0.0,-0.004680106899088113,0.0,0.0001812720735956798,0.0,0.0,0.0,0.0,0.0,0.0,0.0,0.0,0.0,0.0,0.0,0.0,0.0,1.2488344388139432,1.2119598031762344
2007-09-30,-0.0404599616744753,0.0014155987130611272,-2.4323970519006086,1.9999362241877496e-7,2.6124926757052958,-0.025988681507890746,-3.955353994007603e-5,-0.02519889414034314,-0.005506706000055775,-0.004668537383737894,0.0076049326182035075,0.0,0.0,-0.0045332565770194655,0.0,0.0003656436913275092,0.0,0.0,0.0,0.0,0.0,0.0,0.0,0.0,0.0,0.0,0.0,0.0,0.0,1.235845677227535,1.318932085224981
2007-12-31,-0.03563681557377882,0.0011046319982672703,-2.589898879857391,1.723210104574028e-7,2.829250285951816,-0.024849807069703456,-2.0748007684882372e-5,-0.027774733138182763,-0.005690820028768323,-0.017762950413742894,0.007219246526726521,0.0,0.0,-0.0051440056061281365,0.0,0.00045417991156480457,0.0,0.0,0.0,0.0,0.0,0.0,0.0,0.0,0.0,0.0,0.0,0.0,0.0,1.2229924790886073,1.3542422361026185
2008-03-31,-0.036511917871663115,0.001357213628829678,-2.630803682574286,1.3030396578561433e-7,2.833342944327606,-0.02258024818671256,-0.0001559021526765662,-0.025297704670473334,-0.0048944714301406966,-0.03786482339800415,0.008764086629587282,0.0,0.0,-0.005104358676715165,0.0,0.0005687516267483471,0.0,0.0,0.0,0.0,0.0,0.0,0.0,0.0,0.0,0.0,0.0,0.0,0.0,1.2102733549807463,1.2910933725368199
2008-06-30,-0.034750164118400775,0.001479550545463714,-2.749327199833676,8.215278095115037e-8,3.120278096484516,-0.023469856663813495,-0.00015302202524762753,-0.0278075051806314,-0.0057959345136974795,-0.011775524544212206,0.008093614659369298,0.0,0.0,-0.005689236418747237,0.0,0.0008665447533196596,0.0,0.0,0.0,0.0,0.0,0.0,0.0,0.0,0.0,0.0,0.0,0.0,0.0,1.1976868346281402,1.4696362799251723
2008-09-30,-0.02860092283129877,0.0019112184757170982,-2.80840179171406,6.704808998793178e-9,3.2940385225818276,-0.02081096468944001,-0.00011831925008936078,-0.0257458836011953,-0.004004450670355228,-0.00542552909222305,0.008270847543732193,0.0,0.0,-0.0055873646002538285,0.0,0.001007706115282345,0.0,0.0,0.0,0.0,0.0,0.0,0.0,0.0,0.0,0.0,0.0,0.0,0.0,1.1852314664224899,1.5917645413949533
2008-12-31,-0.039399992878007564,0.002967016310585879,-3.0608589680356317,-4.447558118784282e-8,2.787605788777607,-0.009437599459059155,0.00010662292069884522,-0.024390697753058292,-0.0038709441968687165,0.008924183451472818,0.010133350462108894,0.0,0.0,-0.005829992295133263,0.0,0.0010042647087431405,0.0,0.0,0.0,0.0,0.0,0.0,0.0,-0.005252226847788091,0.013048144133288397,-0.010550607517614023,0.0011045380134148289,0.0025446997084579938,0.005702777397551382,1.1729058169842925,0.8464561294094914
2009-03-31,-0.04238434885039711,0.0035370948167823594,-2.8669694026809625,-6.46209324228486e-8,2.6479338351248383,-0.011187321125693563,0.00019370123245666365,-0.026534856857248785,-0.003875980675021172,-0.03396851710482708,0.009679303517851429,0.0,0.0,-0.00652934644034186,0.0,0.0005621233538212946,0.0,0.0,0.0,0.0,0.0,0.0,0.0,0.15291278763008928,-0.00731507709607352,-0.009014663836550989,0.003956364534211701,0.007344073767310262,0.023946061214445993,1.1607084707559319,1.0029942366597018
2009-06-30,-0.04280997125083552,0.004527195331076623,-2.547848960123457,-5.784592062570494e-8,2.2214792899521636,-0.0163806678106518,-2.1045277788563185e-5,-0.02687488099519452,-0.0026470640913825896,-0.20645408467923174,0.007133791548878569,0.0,0.0,-0.007113196327396392,0.0,0.00013125062622964935,0.0,0.0,0.0,0.0,0.0,0.0,0.0,0.30277492955771235,-0.02537948359409531,-0.006870052434999502,0.008905079647143481,0.006842052413245049,0.046232106241662,1.1486380296240213,0.8642642605111899
2009-09-30,-0.04271710972033481,0.005525838620960295,-2.0092463142193706,1.8438745533164805e-8,1.733156637874922,-0.0237720041684094,-5.750684529059296e-5,-0.02448904393068702,-0.0012865509145964084,-0.3268555224298554,0.004843699191963355,0.0,0.0,-0.007514358119658427,0.0,0.00019266797676064894,0.0,0.0,0.0,0.0,0.0,0.0,0.0,0.38112094120071316,-0.027974841109135246,-0.0018499550111063297,0.017217442631058906,0.012767924197030397,0.07683344419185574,1.1366931125684736,0.9025885204240485
2009-12-31,-0.03709495948117021,0.005721553350130794,-1.7158792669771405,1.413126613855122e-7,1.6655793785436668,-0.027535070761811456,2.319599743339292e-6,-0.02728504129625743,-0.0013852837866826298,-0.38895750911558785,0.0036741056184047363,0.0,0.0,-0.008378246783770126,0.0,0.0002111849813587435,0.0,0.0,0.0,0.0,0.0,0.0,0.0,0.43958700740104195,-0.0388532522769729,0.0001770871543571495,0.020801892566979327,0.010720387885258965,0.10435270990556858,1.1248723553358335,1.130331493175622
2010-03-31,-0.03490834320212058,0.006079927563022357,-1.5995060615633667,2.433454540027561e-7,1.365018716102843,-0.029471929308388153,-3.45682700830535e-5,-0.027402141635573182,-0.0022057504293740357,-0.4710157946750302,0.0032644657758780695,0.0,0.0,-0.008917667794241805,0.0,0.00012625343253337047,0.0,0.0,0.0,0.0,0.0,0.0,0.0,0.47299529477548424,-0.057256426485393315,-0.009765421547626713,0.015743655518420913,0.003853951492569067,0.12374317904981383,1.1131744101345185,0.8635159922793496
2010-06-30,-0.0315360689362846,0.006226026437387069,-1.5310370965564388,3.293200501068923e-7,0.8851972821059747,-0.029521209449382625,4.62658661657128e-5,-0.027345346244645137,-0.0019390856871078163,-0.5178124367903235,0.002315326574434035,0.0,0.0,-0.009475831739880916,0.0,7.226104828211605e-5,0.0,0.0,0.0,0.0,0.0,0.0,0.0,0.5158282907881734,-0.07438462548025823,-0.027042086725034147,0.00018762892928483527,-0.009304811924483633,0.1298315270699607,1.1015979453497045,0.3819042839555866
2010-09-30,-0.03101552790280834,0.006344268791408705,-1.4698612588442324,4.227391144949012e-7,0.9500535446078341,-0.030358872687492777,4.0880202929701765e-5,-0.02447121281734149,-0.0026543561385564862,-0.5568739972296199,0.0032669498417047505,0.0,0.0,-0.009718355439763177,0.0,-7.961976262911693e-5,0.0,0.0,0.0,0.0,0.0,0.0,0.0,0.5819974358941327,-0.0796405276628954,-0.026149628556638455,-0.0020216426037335685,-0.01224155018558105,0.1323858698474995,1.0901416452757435,0.5191444673690837
2010-12-31,-0.02648919055504648,0.006243781471168447,-1.578543962556462,5.047974303576091e-7,1.5786179382926753,-0.030776002213572365,-3.894697744362563e-5,-0.02736641411360961,-0.0031429474728013776,-0.6271120312954851,0.0027190651237622154,0.0,0.0,-0.010413605630953563,0.0,-0.0002134051548895827,0.0,0.0,0.0,0.0,0.0,0.0,0.0,0.6807333351663691,-0.08522822393951675,-0.02257936453672803,0.0010738259462652856,-0.007636495849665034,0.1393349552523175,1.0788042098641142,1.0679870256179376
2011-03-31,-0.03517178948153502,0.006653915372232088,-1.7076599250325093,6.190184886193098e-7,2.544231880713881,-0.030370872969618552,-0.00010276734930440547,-0.02563660562759492,-0.002136560354711786,-0.7179297115506968,0.0023336426635408632,0.0,0.0,-0.01064666814854854,0.0,-0.00015768233003805556,0.0,0.0,0.0,0.0,0.0,0.0,0.0,0.807606822735019,-0.07496292852161494,-0.0014292978036528456,0.0187086902186114,0.007924503928026839,0.1596812162094017,1.0675843544850783,2.0085208361744624
2011-06-30,-0.02831419409886077,0.0060949119986398025,-1.5859057897002753,7.778689112223292e-7,3.000626623204206,-0.03015372929356875,6.925631436628519e-5,-0.02603854975773242,-0.0019140492001378277,-0.8207589672519608,0.0032792004496936273,0.0,0.0,-0.011079582764864239,0.0,-0.00010288617286129889,0.0,0.0,0.0,0.0,0.0,0.0,0.0,0.9784049216470794,-0.08472146306731589,0.0027899833176635077,0.02017227742729221,0.008189297172458313,0.17697972470521478,1.0564808097013392,2.664098572499296
2011-09-30,-0.03417871033566257,0.006089849046471523,-1.5156811702622741,9.115910106442302e-7,1.3205210299531118,-0.029666210669590236,-7.669729980634959e-5,-0.024254340963057983,-0.0026283991845402308,-0.9783876725507847,0.0035489660670156823,0.0,0.0,-0.011860934359328116,0.0,-0.0002788297443095618,0.0,0.0,0.0,0.0,0.0,0.0,0.0,1.0858603864144092,-0.13590677778573323,-0.02668489573299875,-0.005436180214969747,-0.01222993352137275,0.17416261973928107,1.0454923210521656,0.8584053312390434
2011-12-31,-0.032484379818339626,0.0063754523643837855,-1.4163183895266933,1.0158356899434614e-6,0.25032441558078006,-0.02967970776680963,3.2011875065035104e-5,-0.022957515637436084,-0.0022805464576139143,-1.0954854561358198,0.0038234790675350013,0.0,0.0,-0.012569301632503927,0.0,-0.00016016755407498675,0.0,0.0,0.0,0.0,0.0,0.0,0.0,1.143931861089122,-0.15767239273507888,-0.033122997687543426,-0.013507042897512856,-0.017703121822175788,0.16919264604729306,1.0346176488465846,-0.22564248896514055
2012-03-31,-0.03358692670104371,0.00629435054518327,-1.139372642968709,1.097908846794044e-6,-0.4845160065781588,-0.03217765992866271,-2.4015221424895566e-5,-0.021806663844941232,-0.0023902002434843576,-1.1485545244160302,0.0037622059176965323,0.0,0.0,-0.01332032705694421,0.0,-0.0002382193909689785,0.0,0.0,0.0,0.0,0.0,0.0,0.0,1.1823754603317356,-0.15907187893248168,-0.03122873737660696,-0.014714409381174952,-0.020336217201882067,0.16384374487457243,1.0238555679643884,-0.7212060017000838
2012-06-30,-0.03290951531902977,0.006096289134703733,-0.7738003942769508,1.1621908913585649e-6,-1.1384643357412532,-0.032959774665515355,-2.6365391844844287e-5,-0.020846351756021397,-0.0017298189223471517,-1.1444580381179819,0.00302984049261187,0.0,0.0,-0.013975951603738148,0.0,-0.0002143142687061086,0.0,0.0,0.0,0.0,0.0,0.0,0.0,1.2092188545069376,-0.16186870200746162,-0.03151957417123285,-0.016694591541600412,-0.02263179721431472,0.15814183865665082,1.0132048676638457,-1.0024066723523501
2012-09-30,-0.03577392417932278,0.00601283228176118,-0.5623971480760741,1.2122067455396108e-6,-1.8200004650390997,-0.03482876974961411,1.5439476242860204e-5,-0.01962365142756075,-0.00161982206416054,-1.1470338677001115,0.0033007245821461972,0.0,0.0,-0.014660998672712422,0.0,-0.00019187007784395,0.0,0.0,0.0,0.0,0.0,0.0,0.0,1.197963620377777,-0.1604690169260939,-0.03233446713575458,-0.019164495110677384,-0.02505311198674843,0.15191568260247723,1.0026643513951343,-1.5112777452234831
2012-12-31,-0.03240526569840957,0.005724529062046774,-0.4649774340029844,1.2335884871102202e-6,-1.98223346479283,-0.03680618182261934,1.6760878372135493e-5,-0.018800756527840815,-0.0012221294296846249,-1.1125232659119637,0.0028909136851519657,0.0,0.0,-0.01524519987242658,0.0,-0.0002698528951295629,0.0,0.0,0.0,0.0,0.0,0.0,0.0,1.1811750824842326,-0.15741129640161752,-0.03006114804202811,-0.01923952587168357,-0.025611092328034036,0.14667097557174696,0.9922328366186376,-1.568094281708571
2013-03-31,-0.037113319895967126,0.005699432397455682,-0.4074384435081976,1.239327029042447e-6,-1.8415650977389681,-0.038044113302322435,1.3916030623067492e-5,-0.01822921394962858,-0.00045004754007677407,-1.053435185245917,0.0031662649556035132,0.0,0.0,-0.01588305571239171,0.0,-0.0003136852133167546,0.0,0.0,0.0,0.0,0.0,0.0,0.0,1.173066625064957,-0.146941192163435,-0.02371089609579072,-0.014608339842280516,-0.022275206778047955,0.14477090560016226,0.9819091546273638,-1.3113802589831414
2013-06-30,-0.04253965433477488,0.005751694432989776,-0.6104351117271036,1.2427684757596377e-6,-1.7016868499009379,-0.03819747877891683,-0.0001205640587102744,-0.017613413377105126,4.980084830916973e-5,-1.0333469167656633,0.002328907181087702,0.0,0.0,-0.01635500720581166,0.0,-0.0003337152249794188,0.0,0.0,0.0,0.0,0.0,0.0,0.0,1.147450454978371,-0.14784590156628472,-0.025773460972496203,-0.016814493343169937,-0.024098837575903025,0.14151500268672912,0.9716921503728575,-1.4063721515630316
2013-09-30,-0.03788246862894638,0.005773980335218145,-0.8760421722161722,1.2359738639859017e-6,-1.1909139201315295,-0.03808780883515951,4.266759552019376e-5,-0.017306879038044464,0.0002697670099452642,-1.019086832648507,0.0030218442444112626,0.0,0.0,-0.016805455907349106,0.0,-0.00016639722562572002,0.0,0.0,0.0,0.0,0.0,0.0,0.0,1.1292431263386866,-0.1450733107322795,-0.022960978145710263,-0.013266896864371366,-0.021146909219396316,0.14131748695769747,0.9615806822940643,-1.1574892388436793
2013-12-31,-0.04338186091166499,0.005519025486807355,-0.9526106502762923,1.200463844310116e-6,-1.148729335706189,-0.03926734866502523,-6.038878290482478e-6,-0.019554415915046162,7.901939213912649e-5,-0.992706148811024,0.003138066272624733,0.0,0.0,-0.017587381967348915,0.0,-0.00031113201380010097,0.0,0.0,0.0,0.0,0.0,0.0,0.0,1.117566551380457,-0.1465108229819722,-0.02555290637106884,-0.016253605770192383,-0.023890820314431502,0.13862266957875838,0.9515736221487102,-1.2098623138589997
2014-03-31,-0.050591633633221895,0.00529380013211659,-0.8719792355387408,1.155695384289226e-6,-1.3477805669878264,-0.040674367849383206,-4.816059222841873e-5,-0.019372623492848986,0.0007461520728328871,-0.9375755398962595,0.003916586224558738,0.0,0.0,-0.01823565043023767,0.0,-0.0003336251238636635,0.0,0.0,0.0,0.0,0.0,0.0,0.0,1.1190408263072493,-0.14686799738732234,-0.026436514135537173,-0.018426311921797334,-0.025863200114121448,0.13437002285126978,0.9416698548468235,-1.2991470289731477
2014-06-30,-0.04994771249889309,0.00477847815747993,-0.7402927943740891,1.098960535984164e-6,-1.5527758308729154,-0.04123034008144349,1.810583323186262e-5,-0.02212854271752112,0.0005834619157038656,-0.9354998107900241,0.004369701221962928,0.0,0.0,-0.01888264087913062,0.0,-0.0002949934835199016,0.0,0.0,0.0,0.0,0.0,0.0,0.0,1.1083322041792862,-0.1488625001054668,-0.025754953668290743,-0.01859190762075106,-0.026148925867399836,0.12958088574367033,0.9318682782861168,-1.4008787386614503
2014-09-30,-0.0500867944601046,0.004635316208365118,-0.5483914608992566,1.0376909934507173e-6,-2.011867063416182,-0.04087210109259473,2.9629929565870743e-5,-0.019466583929433706,0.0009768957985229114,-0.9354468494045612,0.004468704050316355,0.0,0.0,-0.019076324638886463,0.0,-0.00033975559854541263,0.0,0.0,0.0,0.0,0.0,0.0,0.0,1.0829778701488995,-0.14377305480005548,-0.026443067925813253,-0.020147106822156705,-0.02618347076804278,0.1241278995127585,0.9221678031889992,-1.7027084772272063
2014-12-31,-0.054579621120368564,0.004100747422754399,-0.33388208810522185,9.812685636694817e-7,-2.361794640832445,-0.0406758390912826,2.0290755838997864e-6,-0.021923772118834502,0.0009051255024201379,-0.9043763269122611,0.005176516830570703,0.0,0.0,-0.01978663521435994,0.0,-0.00040792959298384645,0.0,0.0,0.0,0.0,0.0,0.0,0.0,1.0489123647746927,-0.13825423112550597,-0.025653580442978767,-0.020435028068629034,-0.024569025364729758,0.11932581821123217,0.9125673529410406,-1.8553477819627344
2015-03-31,-0.05600913275389856,0.0036434335241647088,-0.15313305445480133,9.114598280537791e-7,-2.7683558042132597,-0.04114863462987281,-3.765845738132009e-5,-0.0218583403159176,0.0010027449910016844,-0.8475679726068536,0.00559151703215543,0.0,0.0,-0.020321903398626752,0.0,-0.0003863305943172245,0.0,0.0,0.0,0.0,0.0,0.0,0.0,1.0119281901953072,-0.13336514449788237,-0.024164032185935044,-0.020210104375042982,-0.023207068194279368,0.11483666800198847,0.9030658634307795,-2.0696958520428352
2015-06-30,-0.050772424786401045,0.0034952557907646444,-0.2999032688726849,8.53472555082938e-7,-2.5968434158329337,-0.040007057272005875,-1.0397521453626556e-5,-0.022065218330809204,0.0006984004700014203,-0.8352178103782681,0.0030432710121142117,0.0,0.0,-0.02057075504917967,0.0,-0.0002852227068100297,0.0,0.0,0.0,0.0,0.0,0.0,0.0,0.9594303751312191,-0.12589057184079916,-0.021081976648341536,-0.017694497132293874,-0.01996305415731827,0.11269279260349507,0.8936622828907816,-2.0772824391583598
2015-09-30,-0.06123960968044693,0.003370868579115587,-0.39708135535084244,7.675489858956074e-7,-2.5428923636680296,-0.04122276621733125,-2.8207161947093088e-5,-0.019213444841090898,0.0003587360446775242,-0.7768306783951361,0.008830611262656522,0.0,0.0,-0.020431006510490752,0.0,-0.0002842654075592233,0.0,0.0,0.0,0.0,0.0,0.0,0.0,0.903242970437346,-0.12385795771749607,-0.02519946298780159,-0.022040161924432405,-0.023016414437031275,0.1073557724759383,0.884355571739909,-2.1458223962109995
2015-12-31,-0.06039072424260305,0.0033200166236623885,-0.3604092112637147,6.67544163602111e-7,-2.861196695605359,-0.03985916653808179,-1.1249342710963122e-5,-0.018564674071067187,0.0010659372265446995,-0.7302411805879125,0.005336145801520737,0.0,0.0,-0.020754682613721962,0.0,-0.00022186683823190284,0.0,0.0,0.0,0.0,0.0,0.0,0.0,0.8352540655724401,-0.1182172396285333,-0.02534975718326123,-0.02192375824776473,-0.022092949574474014,0.102313233106924,0.8751447024267854,-2.4567983874353874
2016-03-31,-0.07361954683254755,0.0029612865657607803,-0.19885015907419634,5.729065362711229e-7,-3.3027008501076427,-0.039943847099018555,-3.8575726740272645e-5,-0.020685878379400172,0.0007827726560635577,-0.6657526776666333,0.007444914970082482,0.0,0.0,-0.02129387274623128,0.0,-0.00022701258619795076,0.0,0.0,0.0,0.0,0.0,0.0,0.0,0.7508820032211749,-0.11396691587328546,-0.029779052617280467,-0.025332309569751944,-0.023071883289607818,0.09585319669609388,0.8660286592744629,-2.7913091752783505
2016-06-30,-0.07228467429997314,0.0026773217592227557,0.0028079676685097152,4.5534428195707234e-7,-3.4927910094797876,-0.04107103390619946,6.000416239315954e-5,-0.0207622532856005,0.0004969341038618209,-0.5965885802733215,0.00691603065248853,0.0,0.0,-0.02145705337578875,0.0,-0.00017570775681859793,0.0,0.0,0.0,0.0,0.0,0.0,0.0,0.667616438078368,-0.10243090795662975,-0.029190862728611117,-0.026418178210806244,-0.023531569803035272,0.08865294022942055,0.8570064383263141,-2.800467300751703
2016-09-30,-0.07251128080384278,0.00238580789771972,0.15547023969426027,3.4055173489497205e-7,-3.6948760643242338,-0.04159626848924036,-1.9128141754081404e-5,-0.020771424725232197,0.0007271307772877388,-0.5145558091681889,0.006589140111539337,0.0,0.0,-0.02169996607133661,0.0,-0.0002978308575187624,0.0,0.0,0.0,0.0,0.0,0.0,0.0,0.5854416504992515,-0.09358350019146687,-0.02847300950729339,-0.02605923700873502,-0.02328088029292814,0.08136879417469614,0.8480770471932007,-2.8576642486820703
2016-12-31,-0.06400511969007192,0.002270274592667471,0.1023985864557254,2.393891427859464e-7,-3.38931247694179,-0.04135444711371457,3.6179622492965005e-5,-0.021170664195664754,0.0006556708129841844,-0.4642359066117657,0.006646976944684805,0.0,0.0,-0.021793546255559494,0.0,-0.0002560172276701585,0.0,0.0,0.0,0.0,0.0,0.0,0.0,0.5004826238963538,-0.08243456601069368,-0.025618591733912788,-0.022776343433805964,-0.020031671407600243,0.07691880213109656,0.8392395049019575,-2.6243404918751336
2017-03-31,-0.0684654382373525,0.002180270763995902,0.02903626611816374,1.160686998686763e-7,-3.1792762276299715,-0.041914489370987774,5.53763611058833e-7,-0.02133198014896284,0.0002269483312459518,-0.3939949993394382,0.007788010739539503,0.0,0.0,-0.02186005504576629,0.0,-0.0002885123053834934,0.0,0.0,0.0,0.0,0.0,0.0,0.0,0.41690708685007594,-0.07310239154554901,-0.0244540037279644,-0.021043985262591196,-0.018443722009738706,0.07397745312997775,0.830492841745266,-2.50356625711312
2017-06-30,-0.06767817748322594,0.0021177131012673272,0.0031718194508469485,-8.181591836141446e-10,-3.173084214406645,-0.04071060931500694,-2.280454670343566e-5,-0.02117000375872658,-0.00017957190239459086,-0.32120540607326625,0.004026011216250157,0.0,0.0,-0.02203500068434276,0.0,-0.00020462173223403577,0.0,0.0,0.0,0.0,0.0,0.0,0.0,0.33729875033800866,-0.06075792155570076,-0.020711245133509935,-0.016673526728876915,-0.014971998451829421,0.07398584142694895,0.8218360991329678,-2.516968867924321
2017-09-30,-0.07413378705146527,0.0019172798545675253,-0.0018102817618748793,-1.1600601224904079e-7,-3.067527419116792,-0.042625793189698453,-3.0346030442955398e-5,-0.02144924227282983,-6.036877345675945e-5,-0.24824828117345113,0.009321027069247173,0.0,0.0,-0.02188864917250351,0.0,-0.0001429120780701663,0.0,0.0,0.0,0.0,0.0,0.0,0.0,0.252797423160373,-0.05605545969044988,-0.025485713507521924,-0.02024079893426393,-0.018184352580370777,0.07115969127115218,0.8132683294448942,-2.4494197705389604
2017-12-31,-0.07714441662695125,0.0019756479073567037,0.022198909840428587,-2.337972787491715e-7,-3.098488349653413,-0.04166421939148785,-8.885737332274746e-5,-0.018691064703557712,0.0003199109862074453,-0.1911489026723042,0.0068772326536429085,0.0,0.0,-0.021632085271647183,0.0,-5.0210457106914015e-6,0.0,0.0,0.0,0.0,0.0,0.0,0.0,0.17292032393095944,-0.04863958329402002,-0.025974363345783454,-0.020372387731620374,-0.01860017940658955,0.06854786247777853,0.804788595885276,-2.484821180632029
2018-03-31,-0.07014703850539093,0.001884607743394324,-0.006682389235094074,-3.517625380191288e-7,-2.9886935294737564,-0.04099482737968622,1.03243666285026e-5,-0.01805672126983161,-0.0006694154232164004,-0.1370452264040183,0.006845848366454827,0.0,0.0,-0.021670249345859042,0.0,0.00017355772401441962,0.0,0.0,0.0,0.0,0.0,0.0,0.0,0.09674311796994431,-0.040923553069954925,-0.02642694060478452,-0.020418273333357214,-0.018023312591326224,0.06855622109062406,0.7963959723387901,-2.419142178798954
2018-06-30,-0.07738048163707813,0.001959820231838558,-0.005836099242994622,-4.760417495711332e-7,-2.982520198823066,-0.03981013834502411,-5.829667569303157e-5,-0.01773954526155338,-0.0001669065647171462,-0.08352128075157515,0.00629008371819015,0.0,0.0,-0.021586181963439324,0.0,0.0001440097363342383,0.0,0.0,0.0,0.0,0.0,0.0,0.0,0.019535753464743687,-0.03365123643576072,-0.027539500646643338,-0.022037622177203547,-0.020650673773637634,0.06741982392724362,0.7880895432283183,-2.449059604033459
2018-09-30,-0.07989091246341219,0.0020089201377618293,0.043916852853894066,-5.857523097107494e-7,-3.041507467732191,-0.03930912659109991,4.0969223643391966e-5,-0.017343533858061824,0.00020126164256039383,-0.008156251471893387,0.006771051165531222,0.0,0.0,-0.021571303249591983,0.0,0.00022419410911422342,0.0,0.0,0.0,0.0,0.0,0.0,0.0,-0.05138574695742472,-0.02531876197096065,-0.028615115695174147,-0.023941830844356828,-0.022936051283347584,0.06590932587276853,0.7798684033744592,-2.461035709490081
2018-12-31,-0.07879504150565973,0.002132690295642465,0.04259477144345429,-6.742300240128889e-7,-3.0127586230127545,-0.03737977687603077,-2.9510070378448532e-5,-0.016788828224837123,-0.00042783667102842175,0.04538145134846713,0.005145194785210435,0.0,0.0,-0.02149408055602797,0.0,0.00015849793925809975,0.0,0.0,0.0,0.0,0.0,0.0,0.0,-0.12163770859532634,-0.017262808700352617,-0.026859736457861896,-0.022815213208498587,-0.02260739828677146,0.06613501890989723,0.7717316578568579,-2.445577953816755
2019-03-31,-0.09204604538175025,0.0019921428802529254,0.07598436635462831,-7.753193005191801e-7,-3.004703399785586,-0.038084784574176384,3.310174768779568e-5,-0.019305561430161496,-0.0005740669105762342,0.1179413754184114,0.007887797115264298,0.0,0.0,-0.02153655218295194,0.0,0.00018219884477291544,0.0,0.0,0.0,0.0,0.0,0.0,0.0,-0.1882950767098404,-0.011910976502248196,-0.02888591193728105,-0.025399076388449338,-0.026482610551713453,0.0628261341810057,0.763678421877391,-2.4266992992546137
2019-06-30,-0.07757956769341222,0.00204153488377671,0.22096379949436715,-8.496924974957323e-7,-3.281435609667971,-0.037065286230686854,-5.921885996671786e-5,-0.019483474888726905,-0.00014021093970323668,0.16296686293938256,0.0035764454940595547,0.0,0.0,-0.021537435339347426,0.0,0.00017461072321588045,0.0,0.0,0.0,0.0,0.0,0.0,0.0,-0.2573800692191749,-0.007965002837386267,-0.0306490478848207,-0.027135742585254443,-0.028268384605626678,0.057560489429144816,0.7557078206252478,-2.585708336855374
2019-09-30,-0.08441727325282077,0.0017670698600542791,0.3501301050049561,-9.206147033822239e-7,-3.690905530874715,-0.03924388380547087,-2.7291060370707785e-5,-0.022334609075408948,-0.0004992520939210969,0.22822486727820507,0.00881554054840574,0.0,0.0,-0.021531748057456997,0.0,0.00030029815934828284,0.0,0.0,0.0,0.0,0.0,0.0,0.0,-0.34102911539444897,-0.01492382355377067,-0.042294323336169524,-0.03695340796851085,-0.036147599636678296,0.045178272880589454,0.7478189891439438,-2.948073635848938
2019-12-31,-0.07649882974537825,0.002099367472091483,0.325278447014025,-8.855252628061075e-7,-3.4898075662823804,-0.03623453717442748,-7.709922266395086e-5,-0.02280741660564531,-0.0009672975882779883,0.3166664443362298,0.0016804076705852408,0.0,0.0,-0.02137880090376781,0.0,0.00047364879975347803,0.0,0.0,0.0,0.0,0.0,0.0,0.0,-0.40145201700024963,0.005110029774122343,-0.033742543870795054,-0.029979308506967502,-0.02926968138612593,0.039484889983364246,0.7400110722002919,-2.711411676561474
2020-03-31,-0.09608288657998021,0.0006333181475532628,0.3129932764887873,-7.216948022734307e-7,-2.308711554749131,-0.03331504955669168,-8.240924672569611e-5,-0.02722208717216292,-0.0025794725624981646,-0.17600433220740802,0.003927735910221805,0.0,0.0,-0.020948083566885167,0.0,0.0005082628589126005,0.0,0.0,0.0,0.0,0.0,0.0,0.0,-0.6052059482884395,-0.035182220893757235,-0.055798868625608754,-0.041755246135684196,-0.03535305664714979,0.029299381731982335,0.7322832241553441,-2.3585967386341182
2020-06-30,-0.11524086494064942,-0.0009246061466639716,0.234688282695923,-5.80341747818651e-7,-1.4265226745613502,-0.03052125017553258,-8.310843850900079e-5,-0.031068669359832313,-0.004776294941315198,-0.511290968759172,0.006544646597367242,0.0,0.0,-0.020687362044542336,0.0,0.0005552710411414295,0.0,0.0,0.0,0.0,0.0,0.0,0.0,-0.770734230519616,-0.06183882363398758,-0.07231284996793647,-0.052099489535833945,-0.04215236163527251,0.014961523370331067,0.724634608837332,-2.1588698024598627
2020-09-30,-0.1340387841662368,-0.0024251529771651685,0.42439776047309963,-5.150985635320197e-7,-0.9879327836164951,-0.03231448383852114,-6.992270711665674e-5,-0.03740447665971178,-0.0070098093030486475,-0.6999803647780124,0.008940194899736739,0.0,0.0,-0.01996793777086917,0.0,0.0006470297783359675,0.0,0.0,0.0,0.0,0.0,0.0,0.0,-0.8969851334793845,-0.07754496684587026,-0.0830892393465895,-0.058439690949477346,-0.04645608458092833,-0.0008697009973954051,0.7170643994165967,-1.933479662547614
2020-12-31,-0.16550103241966124,-0.0026545162536930783,0.40938180646807715,-4.900937393606923e-7,-1.537556872920076,-0.03569880325877092,-3.199793107764014e-5,-0.03414441155709553,-0.011059016498992855,-0.39018449700331703,0.01197948934211789,0.0,0.0,-0.019500238819901844,0.0,0.0008134655302694808,0.0,0.0,0.0,0.0,0.0,0.0,0.0,-0.9120838079553945,-0.05113802739854983,-0.07709522297009022,-0.05671003813293719,-0.04574261257743058,-0.0144731361812992,0.7095717782825268,-2.221828182349034
2021-03-31,-0.18370665224990426,-0.0032725248379550814,0.32359546414261164,-4.452908730438974e-7,-1.375231434444949,-0.03673210371229808,-2.4512319433676537e-5,-0.03472041936489401,-0.013574571089952865,-0.32912886490473914,0.010740933054797319,0.0,0.0,-0.01925800888443498,0.0,0.000787973954907406,0.0,0.0,0.0,0.0,0.0,0.0,0.0,-0.9785008963450867,-0.041875121453738416,-0.07473677382009417,-0.05540008847594043,-0.044733673788649245,-0.025996922575509108,0.7021559369224832,-2.1796127054836507
2021-06-30,-0.17974965913615126,-0.004054709222692015,0.226872487764912,-4.177353039863007e-7,-0.9200915189081511,-0.035779773584560526,1.9727953563569573e-5,-0.03620436348702905,-0.016932795053237314,-0.43342785982658955,0.007456934314313395,0.0,0.0,-0.018550921001348072,0.0,0.0007500893136549727,0.0,0.0,0.0,0.0,0.0,0.0,0.0,-1.077991737262766,-0.04642526674495792,-0.07983522650017791,-0.05770051966661747,-0.04478358638555981,-0.036202836512174555,0.6948160758027188,-2.057815875878153
2021-09-30,-0.15752298842555632,-0.0048569254416040855,0.18510234688685342,-4.6174841446979765e-7,-0.8112001597184509,-0.03560737862913565,-6.477956327688835e-5,-0.034347138222155134,-0.019328682393111488,-0.46185230717721487,0.006517310590634546,0.0,0.0,-0.018102905589672813,0.0,0.0006549905406712691,0.0,0.0,0.0,0.0,0.0,0.0,0.0,-1.1605773911601058,-0.045004229442563305,-0.0828200006627545,-0.06034343274535804,-0.04567401795689071,-0.04600887182534746,0.6875514042512682,-2.1034856184321855
2021-12-31,-0.15946116308576355,-0.004935209997490534,0.0020636831758655025,-5.148840441058736e-7,-0.6035084198463143,-0.03388140990489819,-5.899062302524886e-5,-0.03140742142558492,-0.020533985721280422,-0.382324157290491,0.002108313000942412,0.0,0.0,-0.01737628951685063,0.0,0.0008011535399010295,0.0,0.0,0.0,0.0,0.0,0.0,0.0,-1.2137517099972184,-0.03209292232628942,-0.07771997638952623,-0.05688438138970106,-0.03942119572537251,-0.04129070917553402,0.6803611403427955,-2.0293141672398836
2022-03-31,-0.15993802118251352,-0.005069234827332839,-0.35989283848716075,-5.442715681684269e-7,0.0483274397466942,-0.032914788731307335,-1.0755660026114881e-5,-0.028261450911822143,-0.022682943385032194,-0.36352808589535285,0.002337812472103103,0.0,0.0,-0.01660656941595397,0.0,0.000877925101393136,0.0,0.0,0.0,0.0,0.0,0.0,0.0,-1.2824802687464258,-0.022770664257569805,-0.07089157195042524,-0.05323665846972286,-0.03829422226427711,-0.04219409411815239,0.6732445107853773,-1.7739850244690774
2022-06-30,-0.1447312844792395,-0.005367563705600419,-0.8317928797616798,-5.928404422637508e-7,1.1046239509659255,-0.030415587252367454,-6.532272826926267e-5,-0.024901460154484276,-0.024808176036102542,-0.35419755225237776,0.0002948127854288284,0.0,0.0,-0.015807652449053317,0.0,0.0008508867549868308,0.0,0.0,0.0,0.0,0.0,0.0,0.0,-1.2791363492200896,-0.023521342399061253,-0.0712703830051471,-0.05536186719651885,-0.041769419619654906,-0.04780818584795514,0.6662007508091978,-1.1789852176325089
2022-09-30,-0.1289881255180803,-0.00564809414800362,-1.160634263431606,-6.475746111843044e-7,1.7721720781656167,-0.028745463554850463,-0.00015886406463715754,-0.021308127324161718,-0.025319919681861633,-0.3800327585359042,1.4514860788178165e-5,0.0,0.0,-0.015044138395146454,0.0,0.0009299571764010159,0.0,0.0,0.0,0.0,0.0,0.0,0.0,-1.2629204366516398,-0.027984401847213076,-0.07368000824336099,-0.05888241014021157,-0.04619071740199975,-0.05471976581612585,0.6592291040571265,-0.857912488069485
2022-12-31,-0.13681449775921822,-0.005961981612921399,-1.47135991402889,-6.955600599997972e-7,2.4404441902324754,-0.028647533287954167,-0.00014050324641654236,-0.01989945971200884,-0.025976222199803094,-0.32011003232736274,-0.0005441627114898631,0.0,0.0,-0.014710236805242834,0.0,0.0011418460164482104,0.0,0.0,0.0,0.0,0.0,0.0,0.0,-1.2411930095429384,-0.03186067961350429,-0.07534327106151682,-0.06133080755146791,-0.04965671144634939,-0.060202293755501145,0.6523288224771548,-0.44983715349657266
2023-03-31,-0.15049025787977463,-0.00649548586313634,-1.5708476215376737,-7.509552983556148e-7,2.7760320344500884,-0.02937104929001988,-6.496063206260274e-5,-0.021494775192269555,-0.02688300805971146,-0.28522795893709196,-0.0014209150104368658,0.0,0.0,-0.014545602827090474,0.0,0.001246161337315692,0.0,0.0,0.0,0.0,0.0,0.0,0.0,-1.2335244520110324,-0.03564586167075292,-0.07647192940138185,-0.06332649019270525,-0.052495937506105414,-0.06580448240084327,0.6454991662166493,-0.2113341773633407
2023-06-30,-0.14622664362127197,-0.006797071925440795,-1.6296406750750871,-8.284100069692106e-7,3.109175074630013,-0.02882785297829467,-8.947907878862392e-5,-0.021111284014813717,-0.0276138037164081,-0.2703109158603841,-0.0012965534358367733,0.0,0.0,-0.013679220106077762,0.0,0.001182093647327427,0.0,0.0,0.0,0.0,0.0,0.0,0.0,-1.2359941666282444,-0.03978129943130809,-0.07818661763136418,-0.06592752726885474,-0.056889524706665445,-0.07071849206759576,0.6387394035184012,0.05600461583929117
2023-09-30,-0.14659930083881983,-0.006957479667042155,-1.6260918809905567,-9.140955625674431e-7,3.3997766683785002,-0.028661447945608192,-6.689669963538163e-5,-0.02109495246074895,-0.026902253085065265,-0.24509304569717674,-0.0015048859609115479,0.0,0.0,-0.0129243072521169,0.0,0.0011224447662990691,0.0,0.0,0.0,0.0,0.0,0.0,0.0,-1.2303689485651084,-0.04394919584485032,-0.07997927424632172,-0.0694596180332421,-0.05997475974208167,-0.07415443159940632,0.6320488106184279,0.3591643310389663
2023-12-31,-0.15380091970945695,-0.006990388398588681,-1.6036509236472918,-9.61673224209749e-7,3.4659155682487595,-0.028193999982817766,-2.375632558864314e-5,-0.02073198847177959,-0.02638469192968089,-0.2001887182933012,-0.002096850861619666,0.0,0.0,-0.012315760374441282,0.0,0.0010097190318121205,0.0,0.0,0.0,0.0,0.0,0.0,0.0,-1.2109105005578673,-0.046718412256232966,-0.08192174357351509,-0.0708362553720699,-0.06113455590856523,-0.07529034589512,0.6254266716454965,0.49116118569489986
2024-03-31,-0.15324658780798164,-0.0072553511186653815,-1.532986631385229,-9.900288732822192e-7,3.4429412701270876,-0.02965982704518612,-3.443621039921877e-5,-0.023433263092535378,-0.0266982887162828,-0.2181758852058826,-0.00041280883020001835,0.0,0.0,-0.012009797924714141,0.0,0.0007962796224387029,0.0,0.0,0.0,0.0,0.0,0.0,0.0,-1.2215067951578114,-0.05246722564585825,-0.08268937340542108,-0.07115238443802191,-0.061300933770551264,-0.07522368224969865,0.6188722785223284,0.49435556623853705
2024-06-30,-0.15863054483496364,-0.007123557962582812,-1.5914879916694373,-1.0240477705042012e-6,3.583353995375978,-0.029687684729353545,-5.5646626673981585e-6,-0.02369071172046786,-0.026671889231151363,-0.17743409707619662,-0.0004825424289825182,0.0,0.0,-0.011406191524089818,0.0,0.0006365157074913185,0.0,0.0,0.0,0.0,0.0,0.0,0.0,-1.2208557687948818,-0.053375742182341125,-0.08138424713433799,-0.06997484544199864,-0.06030609160994724,-0.07396197207907543,0.612384930868456,0.6098949748216729
2024-09-30,-0.15691540626394695,-0.0069326310263172885,-1.575165765921195,-1.0424901900678155e-6,3.5461895010504234,-0.029705424766422076,-7.489351019579322e-6,-0.023536601775506105,-0.02681553101892044,-0.171836127486783,-0.0004208539528601323,0.0,0.0,-0.010863277528880652,0.0,0.00044612528105691354,0.0,0.0,0.0,0.0,0.0,0.0,0.0,-1.1836313213059206,-0.051807868613831964,-0.078924705672021,-0.06787045716633036,-0.058501947663712216,-0.07175651232697922,0.6059639359046856,0.6379065979053218
2024-12-31,-0.15523398598230637,-0.006714975437522258,-1.5590451227635855,-1.0415280102576256e-6,3.5095143322575253,-0.02974004638246261,-8.986422137804372e-6,-0.02336203465944185,-0.026972551623536144,-0.16642517998162307,-0.00023776121773713154,0.0,0.0,-0.010339103490715817,0.0,0.00028006450725448734,0.0,0.0,0.0,0.0,0.0,0.0,0.0,-1.1474169468950588,-0.050277784566796734,-0.07653169857302006,-0.06582170759619287,-0.05674456562186846,-0.06960301916458861,0.5996086083591359,0.6649264932173036
2025-03-31,-0.15358311301922167,-0.006479321785732363,-1.543119621559293,-1.0248283584372093e-6,3.4733100833172106,-0.02979213478839209,-1.0104447717035097e-5,-0.023168689796029263,-0.02713599304747455,-0.16119550288137474,4.197386079098292e-5,0.0,0.0,-0.009833067005197533,0.0,0.000137118238819171,0.0,0.0,0.0,0.0,0.0,0.0,0.0,-1.1122065699272583,-0.04878538821202268,-0.07420452539086685,-0.06382811888022413,-0.05503359454073563,-0.06750209332463378,0.5933182703748162,0.690928582357099
2025-06-30,-0.151959913754595,-0.006232812908167302,-1.5273832500504418,-9.956335573036256e-7,3.4375596740390097,-0.029861702846525527,-1.088972647645145e-5,-0.022958142431001704,-0.027299870793047278,-0.1561412663726134,0.00039615931745962346,0.0,0.0,-0.009344582423470355,0.0,1.58862408779161e-5,0.0,0.0,0.0,0.0,0.0,0.0,0.0,-1.0779914264539592,-0.04733053300487116,-0.07194238062868138,-0.06188912407821961,-0.053368614387207525,-0.06545413166052569,0.5870922514187037,0.7158943338626824
2025-09-30,-0.1503618056255571,-0.005981228838569931,-1.5118304155512619,-9.567871717870764e-7,3.4022473155838417,-0.029948291563241237,-1.1385952786831886e-5,-0.02273187217155406,-0.02745910325218878,-0.15125661575907273,0.0008051004578207765,0.0,0.0,-0.008873080873923259,0.0,-8.516168649167589e-5,0.0,0.0,0.0,0.0,0.0,0.0,0.0,-1.0447603189612895,-0.04591302174237017,-0.06974436068256762,-0.06000407087404282,-0.05174913672368073,-0.06345933510099563,0.5809298881922861,0.7398121420871755
2025-12-31,-0.14878648736772374,-0.005729184775851346,-1.4964559314239905,-9.107616465253196e-7,3.367358462949007,-0.030051061361045923,-1.1633979871301397e-5,-0.02249127048948758,-0.027609439107742342,-0.14653571707708055,0.001251500208534041,0.0,0.0,-0.008418010207052724,0.0,-0.00016763799088694072,0.0,0.0,0.0,0.0,0.0,0.0,0.0,-1.0124998750094103,-0.04453260300770121,-0.06760947185023479,-0.05817222663194096,-0.05017460692615403,-0.06151771897728213,0.5748305245435384,0.7626767007559674
2026-03-31,-0.14723192650110126,-0.005480305013562405,-1.481254999903362,-8.596868064442656e-7,3.3328797572422912,-0.030168874206247653,-1.1671665574713725e-5,-0.022237647314332344,-0.02774738427846208,-0.1419727956862079,0.0017203383854920544,0.0,0.0,-0.007978834872341375,0.0,-0.00023319651692078476,0.0,0.0,0.0,0.0,0.0,0.0,0.0,-0.9811948045901548,-0.04318896960963312,-0.06553663906044083,-0.05639278445155207,-0.048644407604236765,-0.059629125106084244,0.5687935113802954,0.7844883809410477
2026-06-30,-0.14569634469897894,-0.005237375438610541,-1.466223192199774,-8.05378611311456e-7,3.2987989604990395,-0.030300366799698806,-1.15337894202048e-5,-0.021972236831263422,-0.027870129668388144,-0.13756216844844169,0.0021987351494349335,0.0,0.0,-0.007555035735664042,0.0,-0.00028349798104898734,0.0,0.0,0.0,0.0,0.0,0.0,0.0,-0.9508281520007786,-0.041881758664474245,-0.06352471503066179,-0.05466486992423671,-0.04715786293339236,-0.057793235096257826,0.5628182065849865,0.8052526216137492
2026-09-30,-0.1441782016081693,-0.005002476921420412,-1.4513564266857606,-7.493676616656433e-7,3.2651048854150093,-0.030444015144655504,-1.1252030446690863e-5,-0.02169620258754488,-0.02797548073897752,-0.13329827010126752,0.0026758033172525025,0.0,0.0,-0.007146109845311855,0.0,-0.0003201812325394495,0.0,0.0,0.0,0.0,0.0,0.0,0.0,-0.9213815388925464,-0.04061055300645452,-0.06157248960742526,-0.05298754833682608,-0.04571424364836597,-0.05600958442503986,0.5569039749307033,0.8249793394825402
2026-12-31,-0.14267617762137244,-0.004777101671853532,-1.4366509458548853,-6.929270487114842e-7,3.231787322018231,-0.03059819089006603,-1.0854996128069755e-5,-0.021410642000662762,-0.028061789707917163,-0.12917567441389338,0.003142493619387022,0.0,0.0,-0.0067515701542457795,0.0,-0.0003448397680988432,0.0,0.0,0.0,0.0,0.0,0.0,0.0,-0.8928353959102479,-0.03937488364880842,-0.059678699086118135,-0.05135983210846141,-0.044312772482333534,-0.05427757690046321,0.5510501879985662,0.8436823634935646
2027-03-31,-0.1411891560379587,-0.0045622544191016,-1.422103292636702,-6.370992251504377e-7,3.1988369629848092,-0.03076120991184303,-1.0368293496236049e-5,-0.021116590351312955,-0.02812789099026614,-0.12518911069321081,0.003591436444952759,0.0,0.0,-0.00637094520567267,0.0,-0.0003590029794218086,0.0,0.0,0.0,0.0,0.0,0.0,0.0,-0.8651691809993378,-0.03817423305198645,-0.057842035344967936,-0.04978068828198805,-0.04295262986883958,-0.052596499190709085,0.5452562240963601,0.8613788981700665
2027-06-30,-0.13971620498855303,-0.004358540084113724,-1.407710286555803,-5.827216481172157e-7,3.1662453290159833,-0.030931373641167464,-9.814634410975221e-6,-0.020815024335038377,-0.028173040333710615,-0.12133347617851645,0.004016783100339447,0.0,0.0,-0.006003778788494523,0.0,-0.0003641216292011807,0.0,0.0,0.0,0.0,0.0,0.0,0.0,-0.8383615830283112,-0.037008038987239256,-0.056061154661513464,-0.048249045923473316,-0.04163295975311361,-0.050965535158647844,0.5395214681784097,0.8780890188917603
2027-09-30,-0.13825655944190277,-0.004166239445580154,-1.39346900013697,-5.304510100745044e-7,3.1340046954358107,-0.031107003679754962,-9.21396772801468e-6,-0.02050686523759372,-0.028196857958441433,-0.11760384483283273,0.004414049126990405,0.0,0.0,-0.005649629568628656,0.0,-0.00036155707139669594,0.0,0.0,0.0,0.0,0.0,0.0,0.0,-0.8123907098623908,-0.035875698813209705,-0.05433468610946593,-0.046763803312009446,-0.04035287538593613,-0.04938377979102456,0.5338453117666662,0.8938352012635757
2027-12-31,-0.13680960355978133,-0.003985374151562922,-1.37937673588164,-4.80785929386166e-7,3.1021080209393053,-0.031286470259363014,-8.583631901848654e-6,-0.0201929817910649,-0.02819927589162108,-0.11399547300503235,0.004779961781517987,0.0,0.0,-0.005308070701643753,0.0,-0.00035257375517161715,0.0,0.0,0.0,0.0,0.0,0.0,0.0,-0.7872342604377952,-0.03477657401011147,-0.05266123945968064,-0.045323834827216136,-0.039111464996985174,-0.04785025255698281,0.5282271528729744,0.9086418858902969
2028-03-31,-0.1353748536173636,-0.0038157622956972634,-1.365431004072879,-4.340880200531959e-7,3.0705488792181796,-0.03146821510856305,-7.938522314280149e-6,-0.01987419276038892,-0.02818048958474953,-0.11050380240186292,0.0051123133772471244,0.0,0.0,-0.004978689431612834,0.0,-0.00033833457820015977,0.0,0.0,0.0,0.0,0.0,0.0,0.0,-0.762869680730925,-0.033709994840581,-0.05103941253128127,-0.043927997463982946,-0.03790779726566295,-0.04636391007025494,0.5226663959224991,0.9225350791535689
2028-06-30,-0.13395194166258026,-0.0036570656571888295,-1.3516295016062951,-3.906013004687785e-7,3.039321394013914,-0.03165076928574029,-7.291268336607382e-6,-0.01955126930319666,-0.028140913817650923,-0.10712446077321328,0.005409821820809069,0.0,0.0,-0.004661086680556771,0.0,-0.0003198986833540384,0.0,0.0,0.0,0.0,0.0,0.0,0.0,-0.739274303800588,-0.03267526502841931,-0.04946779795809049,-0.04257513692320456,-0.03674092652593615,-0.044923657963764296,0.5171624516782795,0.9355419899735709
2028-09-30,-0.13254060004842377,-0.0035088295957417712,-1.337970091992256,-3.504699347294048e-7,3.008420177993909,-0.03183276652509247,-6.652415808286182e-6,-0.019224937139817634,-0.02808114282353259,-0.1038532606782512,0.005671999350049961,0.0,0.0,-0.0043548766323463295,0.0,-0.0002982213224522865,0.0,0.0,0.0,0.0,0.0,0.0,0.0,-0.716425474310586,-0.03167166636626878,-0.04794498935169536,-0.04126409324378429,-0.035609897657887815,-0.04352836191498988,0.5117147371668906,0.9476907020219651
2028-12-31,-0.13114064693695715,-0.003370516494565696,-1.3244507866298751,-3.1375432770733015e-7,2.9778402757141427,-0.03201295262358617,-6.030611244399324e-6,-0.018895878564819567,-0.02800191451393224,-0.10068619666495263,0.005899030189261719,0.0,0.0,-0.004059686314450869,0.0,-0.00027415544121108063,0.0,0.0,0.0,0.0,0.0,0.0,0.0,-0.6943006581207823,-0.03069846318090152,-0.046469586855995976,-0.03999370595524212,-0.034513750632647375,-0.04217685778563388,0.5063226756051871,0.9590098804274498
2029-03-31,-0.12975197284269466,-0.0032415335555021105,-1.3110697274148546,-2.8044561739738814e-7,2.9475771108192967,-0.03219019137277734,-5.432784666265997e-6,-0.018564734326573788,-0.027904078638778557,-0.09761944116148309,0.006091657583159857,0.0,0.0,-0.003775155180471346,0.0,-0.0002484546702236953,0.0,0.0,0.0,0.0,0.0,0.0,0.0,-0.6728775376731703,-0.029754906600349743,-0.04504020209921371,-0.038762818742084766,-0.03345152468931567,-0.0408679608603177,0.5009856963281012,0.9695285116724468
2029-06-30,-0.12837452825592013,-0.00312125566908373,-1.2978251707108972,-2.504786256170383e-7,2.917626437536828,-0.032363467511355735,-4.86432848299573e-6,-0.018232105397010045,-0.027788568683748696,-0.09464933934524135,0.0062510804503400925,0.0,0.0,-0.0035009346959757326,0.0,-0.00022177743726365187,0.0,0.0,0.0,0.0,0.0,0.0,0.0,-0.6521340940009199,-0.028840238580714293,-0.0436554625583335,-0.037570283620897475,-0.0324222621326088,-0.039600474186592544,0.49570323471748134,0.9792756751109604
2029-09-30,-0.127008312363156,-0.003009044008173589,-1.2847154726874153,-2.2374334154400213e-7,2.887984296443237,-0.032531887143297314,-4.329270336603597e-6,-0.01789855464991215,-0.027656377283223926,-0.0917724032243902,0.006378859708147518,0.0,0.0,-0.0032366879297675826,0.0,-0.0001946919460314042,0.0,0.0,0.0,0.0,0.0,0.0,0.0,-0.632048676258022,-0.027953695662282726,-0.0423140153580644,-0.036414964639109135,-0.03142501174838624,-0.038373196032876325,0.4904747321319431,0.988280344335525
2029-12-31,-0.12565336286214684,-0.0029042609260431893,-1.271739076004137,-2.0009502236336418e-7,2.8586469744171192,-0.03269467603361553,-3.830438260083862e-6,-0.017564608462774443,-0.02750853491113781,-0.08898530513757638,0.006476834161784642,0.0,0.0,-0.0029820891523639585,0.0,-0.00016768179531806757,0.0,0.0,0.0,0.0,0.0,0.0,0.0,-0.6126000597096338,-0.02709451243471545,-0.04101453053185407,-0.03529574111076977,-0.03045883184116917,-0.03718492649237246,0.4852996358377134,0.9965712164776899
2030-03-31,-0.12430974685213407,-0.002806281677770869,-1.2588944978054153,-1.793630019666923e-7,2.829610968642803,-0.03285117615967209,-3.3696168878442516e-6,-0.017230758254347788,-0.027346091602703286,-0.0862848708504041,0.006547045718766301,0.0,0.0,-0.0027368234431366712,0.0,-0.00014115204016259687,0.0,0.0,0.0,0.0,0.0,0.0,0.0,-0.5937674931428403,-0.026261924699657945,-0.03975570377650384,-0.03421151040964905,-0.02952279290336009,-0.03603447326993215,0.4801773989404504,1.004176567434424
2030-06-30,-0.12297755276658652,-0.002714503427187119,-1.2461803189730518,-1.6135830265959103e-7,2.8008729544889963,-0.033000840861609225,-2.947693802886436e-6,-0.01689746196751678,-0.02717010145632815,-0.08366807240214887,0.006591673583136332,0.0,0.0,-0.0025005863072805816,0.0,-0.00011543552271562215,0.0,0.0,0.0,0.0,0.0,0.0,0.0,-0.5755307366581203,-0.025455172326352273,-0.0385362587346962,-0.033161190343696696,-0.02861597993029711,-0.03492065669551107,0.47510748031801503,1.0111241309649275
2030-09-30,-0.1216568833046547,-0.0026283519498450252,-1.2335951745758296,-1.4588014660956838e-7,2.7724297570574064,-0.033143228901264345,-2.5647954072346954e-6,-0.01656514550502867,-0.026981609666016444,-0.0811320208332026,0.0066129769998188115,0.0,0.0,-0.002273083303513062,0.0,-9.079932503248076e-5,0.0,0.0,0.0,0.0,0.0,0.0,0.0,-0.5578700907867904,-0.024673501801786527,-0.03735494884145091,-0.03214372113756662,-0.02773749439865989,-0.033842314012637154,0.4700893445541805,1.0174409995925573
2030-12-31,-0.12034784930918034,-0.0025472863952842478,-1.2211377454462216,-1.3272146368151802e-7,2.744278326175452,-0.03327799770546116,-2.2204119638116492e-6,-0.016234204123803293,-0.026781641839345584,-0.0786739589028208,0.006613246055736572,0.0,0.0,-0.002054029683178664,0.0,-6.745121878752454e-5,0.0,0.0,0.0,0.0,0.0,0.0,0.0,-0.5407664178521879,-0.02391616848177071,-0.03621055877133461,-0.031158067051647646,-0.02688645592822602,-0.03279830299342591,0.4651224618732577,1.0231535452683276
2031-03-31,-0.11905056453280521,-0.002470802428858762,-1.2088067508095308,-1.2167349070246137e-7,2.7164157145936896,-0.03340489603721417,-1.9135116819000995e-6,-0.01590500379205747,-0.026571195363935256,-0.07629125388784773,0.0065947599986069475,0.0,0.0,-0.0018431500412307165,0.0,-4.554600786382944e-5,0.0,0.0,0.0,0.0,0.0,0.0,0.0,-0.5242011564550505,-0.023182438553185386,-0.0351019055233127,-0.030203217667005098,-0.02606200364867902,-0.03178750493340063,0.46020630807562235,1.028287357800755
2031-06-30,-0.11776514122940009,-0.0023984340343163406,-1.196600941887637,-1.1252955437225651e-7,2.688839059141369,-0.03352375630749957,-1.6426439073101901e-6,-0.015577882512243907,-0.026351232595511195,-0.07398139053616769,0.006559752504419563,0.0,0.0,-0.001640177979385399,0.0,-2.519167889684658e-5,0.0,0.0,0.0,0.0,0.0,0.0,0.0,-0.5081563299188175,-0.0224715907206381,-0.034027839179584324,-0.02927818886594706,-0.02526329729420865,-0.030808827079925005,0.4553403644741227,1.0328671991262572
2031-09-30,-0.11649168650536298,-0.0023297542228789226,-1.1845190963982402,-1.0508812625901864e-7,2.6615455645915067,-0.033634486711049225,-1.40603163526283e-6,-0.015253151611802416,-0.02612267565262145,-0.07174196423357607,0.006510383308419779,0.0,0.0,-0.0014448557815919226,0.0,-6.4552921409459305e-6,0.0,0.0,0.0,0.0,0.0,0.0,0.0,-0.49261454948053124,-0.02178291763298715,-0.0329872433737038,-0.028382023537697806,-0.024489518049124612,-0.0298612045476383,0.4505241178313577,1.0369169715805624
2031-12-31,-0.11523029936412443,-0.0022643748625252457,-1.1725600138706886,-9.91552338201889e-8,2.6345324899891778,-0.03373706334231988,-1.2016536916898115e-6,-0.01493109700292224,-0.025886402616275585,-0.06957067442948486,0.006448715609999385,0.0,0.0,-0.0012569341018328665,0.0,1.0631439485078352e-5,0.0,0.0,0.0,0.0,0.0,0.0,0.0,-0.47755901295932746,-0.02111572706676207,-0.03197903550186957,-0.027513792037994082,-0.023739869167718655,-0.028943601773083645,0.44575706029780177,1.0404596984305945
2032-03-31,-0.1139810683772349,-0.002201945812283094,-1.1607225117009143,-9.454630637470252e-8,2.607797137202527,-0.0338315224224931,-1.027317029995787e-6,-0.014611980411890225,-0.0256432449468071,-0.06746531835526497,0.006376698667391542,0.0,0.0,-0.001076171664159662,0.0,2.606692157933447e-5,0.0,0.0,0.0,0.0,0.0,0.0,0.0,-0.46297349957883577,-0.020469342884514803,-0.03100216670954674,-0.026672592430405418,-0.023013576391245263,-0.028055013558895236,0.4410386893507683,1.0435175150344254
2032-06-30,-0.11274406991644635,-0.0021421535203732024,-1.1490054218703685,-9.10875295923221e-8,2.5813368414645694,-0.0339179527451317,-8.807196681165247e-7,-0.01429604057812768,-0.025393985944736738,-0.06542378505896204,0.00629615501179811,0.0,0.0,-0.0009023349747776077,0.0,3.987482600936651e-5,0.0,0.0,0.0,0.0,0.0,0.0,0.0,-0.44884236156324625,-0.01984310578666533,-0.03005562168366482,-0.02585755053589808,-0.022309888184218966,-0.027194465755607654,0.43636850773419206,1.0461116691111347
2032-09-30,-0.1115193668831315,-0.0020847192217978584,-1.137407588257023,-8.861677651060439e-8,2.5551489636845237,-0.03399648842700622,-7.595048476309327e-7,-0.013983494422675293,-0.025139360097025106,-0.06344404977148738,0.006208771730983135,0.0,0.0,-0.0007351980459210594,0.0,5.209963110856901e-5,0.0,0.0,0.0,0.0,0.0,0.0,0.0,-0.4351505130705604,-0.019236373875535284,-0.029138418278563224,-0.025067819815682204,-0.021628075811316438,-0.02636101562649107,0.43174602339921675,1.0482625287199827
2032-12-31,-0.11030700787395249,-0.002029396850230139,-1.125927864470207,-8.698417746205474e-8,2.5292308843196945,-0.03406730203157437,-6.613070353069963e-7,-0.013674538185650972,-0.024880053164592644,-0.06152416861205106,0.006116095298055902,0.0,0.0,-0.000574542131200482,0.0,6.280256120957522e-5,0.0,0.0,0.0,0.0,0.0,0.0,0.0,-0.421883416971354,-0.018648523050066774,-0.028249607001708442,-0.024302581110763624,-0.020967433275080577,-0.02555375193790801,0.42717074944557554,1.0499895966669728
2033-03-31,-0.10910702672483051,-0.0019759707606408234,-1.1145651121451907,-8.605238569650221e-8,2.503579998612284,-0.034130598115614676,-5.837904102072467e-7,-0.013369348532061499,-0.024616702881142465,-0.0596622736344658,0.006019529450876199,0.0,0.0,-0.00042015547205746773,0.0,7.205792481527296e-5,0.0,0.0,0.0,0.0,0.0,0.0,0.0,-0.4090270699280072,-0.018078947249261297,-0.02738827038302208,-0.02356104225991651,-0.02032727713340105,-0.024771794814622224,0.4226422040637489,1.0513115301746843
2033-06-30,-0.10791944237877134,-0.0019242533428134203,-1.1033181996378025,-8.569658999999652e-8,2.478193713009517,-0.03418660723452827,-5.246804886143394e-7,-0.013068083625279345,-0.024349900146983933,-0.057856568210870485,0.005920335660130455,0.0,0.0,-0.00027183305492979603,0.0,7.994984439310922e-5,0.0,0.0,0.0,0.0,0.0,0.0,0.0,-0.396567986178281,-0.017527058561702762,-0.026553522249483066,-0.022842437616043054,-0.019706946214438196,-0.02401429539634614,0.4181599104778854,1.052246164766565
2033-09-30,-0.10674425902690726,-0.001874082591566559,-1.0921860010639426,-8.580432030819543e-8,2.453069442599863,-0.03423558042870964,-4.817895366636543e-7,-0.012770884167486196,-0.024080190614592302,-0.056105322745308536,0.005819635758666031,0.0,0.0,-0.0001293763787047693,0.0,8.65693656290856e-5,0.0,0.0,0.0,0.0,0.0,0.0,0.0,-0.3844931803787649,-0.016992287217696696,-0.02574450692453301,-0.022146027479129658,-0.019105801245297125,-0.02328043532865379,0.4137233968894759,1.052810541428475
2033-12-31,-0.10558146647607586,-0.0018253196869584898,-1.0811673956334253,-8.62750872407762e-8,2.4282046094125302,-0.03427778420208528,-4.5303640862008474e-7,-0.012477874406422782,-0.023808076574960226,-0.054406870706324675,0.005718416340282633,0.0,0.0,7.406767976036117e-6,0.0,9.201192988260153e-5,0.0,0.0,0.0,0.0,0.0,0.0,0.0,-0.37279014981835024,-0.016474081479608445,-0.02496039836974671,-0.0214710974622729,-0.018523224409381006,-0.022569426118265658,0.4093321964217644,1.0530209362170528
2034-03-31,-0.10443104070031177,-0.0017778466268307542,-1.0702612672321536,-8.70198916824716e-8,2.4035966414416325,-0.03431349599427636,-4.3646142897035255e-7,-0.012189163107858688,-0.023534019065333065,-0.05275960496522434,0.005617534572132846,0.0,0.0,0.00013870252000511453,0.0,9.637519043204497e-5,0.0,0.0,0.0,0.0,0.0,0.0,0.0,-0.3614468562696876,-0.01597190744495285,-0.024200399284252022,-0.02081695780555895,-0.01795861884598017,-0.021880508379672692,0.4049858470648851,1.0528928915856643
2034-06-30,-0.103292944537682,-0.0017315639446053134,-1.059466504211104,-8.796063603303113e-8,2.37924297227028,-0.03434300013976341,-4.302369105109369e-7,-0.011904844493297111,-0.023258440129630423,-0.051161974424769434,0.005517725100559388,0.0,0.0,0.00026469114013626544,0.0,9.975715078709181e-5,0.0,0.0,0.0,0.0,0.0,0.0,0.0,-0.3504517077076758,-0.015485248775706947,-0.02346374017550983,-0.020182942650953998,-0.017411408104309224,-0.021212950997141874,0.400683891621713,1.052441248793771
2034-09-30,-0.10216712849789661,-0.0016863885371390353,-1.0487819993448944,-8.902946456037935e-8,2.35514104118312,-0.03436658430077465,-4.326738698193453e-7,-0.011624999142549622,-0.02298172517272191,-0.04961248092177959,0.005419607765083995,0.0,0.0,0.0003855472147925894,0.0,0.00010225460176461556,0.0,0.0,0.0,0.0,0.0,0.0,0.0,-0.3397935400884025,-0.015013606366213883,-0.022749678413306638,-0.01956840928981706,-0.01688103556290274,-0.020566050223363577,0.39642587765441734,1.0516801808540734
2034-12-31,-0.10105353165001443,-0.0016422516205266827,-1.0382066499268532,-9.016805642777796e-8,2.331288293668547,-0.03438453635525974,-4.4222546716556406e-7,-0.011349694860948117,-0.022704225358740466,-0.04810967638628738,0.005323695868943411,0.0,0.0,0.0005014398417889202,0.0,0.00010396183308388525,0.0,0.0,0.0,0.0,0.0,0.0,0.0,-0.32946159934961505,-0.014556497960940454,-0.022057497277177665,-0.018972737393188582,-0.016366963824036653,-0.01993912873337692,0.3922113574317023,1.050623225553568
2035-03-31,-0.09995208256329517,-0.001599096825902942,-1.0277393579713707,-9.132689142940046e-8,2.3076821822236826,-0.03439714171712884,-4.5748766116109565e-7,-0.011078987511099621,-0.02242626001179312,-0.046652160239480565,0.005230404786709472,0.0,0.0,0.0006125328103906471,0.0,0.00010496959484220336,0.0,0.0,0.0,0.0,0.0,0.0,0.0,-0.31944552376465135,-0.01411345773226223,-0.02138650500596907,-0.018395328233647607,-0.01586867409166399,-0.019331534649959452,0.3880398878767292,1.049283318159567
2035-06-30,-0.09886270027780401,-0.001556878442408203,-1.0173790304980066,-9.246450525624175e-8,2.284320167386406,-0.034404681062788614,-4.771975302186257e-7,-0.01081292180922946,-0.02214811898478952,-0.04523857701259598,0.005140060719884177,0.0,0.0,0.0007189847741165198,0.0,0.00010536428429958147,0.0,0.0,0.0,0.0,0.0,0.0,0.0,-0.3097353267556908,-0.013684035827392279,-0.020736033856867724,-0.01783560390627039,-0.015385665540249682,-0.018742640554397224,0.38391103051570424,1.047672823489875
2035-09-30,-0.09778529528470185,-0.001515559810443146,-1.007124579875179,-9.354674821796713e-8,2.26119971892899,-0.03440742843579242,-5.002296740343356e-7,-0.01055153208629636,-0.02187006496868253,-0.04386761416913722,0.0050529094397379825,0.0,0.0,0.000820949416676642,0.0,0.00010522733385248736,0.0,0.0,0.0,0.0,0.0,0.0,0.0,-0.30032138024906463,-0.013267797892553876,-0.020105439179973476,-0.017293006555065174,-0.014917454680861992,-0.01817184249446632,0.3798243514271238,1.0458035670877308
2035-12-31,-0.09671977049927043,-0.0014751118650430633,-0.9969749242044283,-9.454605875477727e-8,2.2383183171574026,-0.03440564970001044,-5.255910695081798e-7,-0.010294843014195407,-0.02159233572024209,-0.04253800011322715,0.004969124882939534,0.0,0.0,0.0009185756114189305,0.0,0.00010463477684092544,0.0,0.0,0.0,0.0,0.0,0.0,0.0,-0.2911943986350116,-0.01286432458153361,-0.019494098513358718,-0.01676699761020434,-0.014463574729931568,-0.017618558999554758,0.3757794211916634,1.0436868652971147
2036-03-31,-0.09566602221257994,-0.0014355118265619309,-0.9869289877290841,-9.544076077251905e-8,2.2156734542689565,-0.03439960131100672,-5.524147173699581e-7,-0.010042870297489934,-0.02131514619160526,-0.04124850236752271,0.004888817489640249,0.0,0.0,0.0010120075746385593,0.0,0.00010365696884579898,0.0,0.0,0.0,0.0,0.0,0.0,0.0,-0.28234542337652746,-0.012473211054843494,-0.018901410702550366,-0.016257057040420624,-0.014023574985223445,-0.01708223011113377,0.3717758148427058,1.041333554082748
2036-06-30,-0.09462394101032982,-0.001396742033783948,-0.9769857012537675,-9.621439180783919e-8,2.1932626357288267,-0.034389529375197465,-5.799523787597754e-7,-0.009795621331229,-0.021038690549308552,-0.039997925904873596,0.004812042195595177,0.0,0.0,0.0011013850130854074,0.0,0.00010235844333706684,0.0,0.0,0.0,0.0,0.0,0.0,0.0,-0.27376580829661484,-0.012094066474875117,-0.01832679504747337,-0.01576268262407893,-0.013597020212780999,-0.016562316435242384,0.3678131118174897,1.0387540164819984
2036-09-30,-0.09359341264976884,-0.0013587889129995248,-0.9671440025635141,-9.68550672606453e-8,2.171083381632965,-0.0343756689667374,-6.075666655026691e-7,-0.009553095825512371,-0.020763144074362194,-0.03878511161876244,0.0047388060096462195,0.0,0.0,0.001186843265985059,0.0,0.00010079788187652411,0.0,0.0,0.0,0.0,0.0,0.0,0.0,-0.2654472055601397,-0.01172651350164656,-0.017769690479107484,-0.015283389241673518,-0.013183490047893598,-0.01605829822227351,0.36389089590887663,1.0359582086132146
2036-12-31,-0.0925743188877223,-0.0013216420754235804,-0.9574028368333761,-9.735488439985552e-8,2.149133228031204,-0.03435824367288262,-6.347227141152819e-7,-0.009315286397558973,-0.020488664938218097,-0.037608934918488754,0.004669075125499497,0.0,0.0,0.0012685134418693796,0.0,9.902818051732213e-5,0.0,0.0,0.0,0.0,0.0,0.0,0.0,-0.25738155235541077,-0.011370187793025715,-0.017229554767421443,-0.014818708191828272,-0.012782578412507056,-0.015569674478133688,0.3600087552177203,1.0329556841972036
2037-03-31,-0.09156653825465552,-0.0012852935345336756,-0.9477611570212368,-9.770936853659825e-8,2.1274097281899036,-0.03433746533968977,-6.609796419074545e-7,-0.00908217913211678,-0.020215395852265065,-0.03646830443602661,0.004602781532276056,0.0,0.0,0.0013465225504935504,0.0,9.709659553671192e-5,0.0,0.0,0.0,0.0,0.0,0.0,0.0,-0.24956105827136965,-0.011024737512660638,-0.016705863761556753,-0.01436818653228855,-0.01239389295093566,-0.015095962109783003,0.35616628210583445,1.0297556175759046
2037-06-30,-0.09056994677135416,-0.0012497370344072309,-0.938217924238192,-9.791696264755658e-8,2.1059104537783018,-0.03431353399130661,-6.859819540460336e-7,-0.008853754111123019,-0.019943465590802206,-0.03536216083247342,0.004539829101890814,0.0,0.0,0.0014209936300979336,0.0,9.504495315561327e-5,0.0,0.0,0.0,0.0,0.0,0.0,0.0,-0.24197819335868648,-0.01068982284825839,-0.016198110662725675,-0.013931386446883787,-0.012017054485241882,-0.014636695107236752,0.3523630731495443,1.0263668252353713
2037-09-30,-0.08958441860626028,-0.0012149674798905936,-0.9287721080922873,-9.797856080140257e-8,2.084632995967009,-0.03428663789768036,-7.094510432259879e-7,-0.00862998591358195,-0.01967299038934418,-0.03428947569299525,0.004480099143028542,0.0,0.0,0.0014920458702551633,0.0,9.290990941037912e-5,0.0,0.0,0.0,0.0,0.0,0.0,0.0,-0.23462567685696178,-0.010365115542325633,-0.015705805329861298,-0.013507884639001025,-0.011651696491220963,-0.014191423763314894,0.34859872909381495,1.0227977858591775
2037-12-31,-0.08860982667273658,-0.0011809804593931126,-0.9194226870026302,-9.789708497494459e-8,2.063574966430682,-0.0342569537672312,-7.311768986886359e-7,-0.008410844086675669,-0.019404075221643672,-0.033249250500148236,0.004423455421455992,0.0,0.0,0.0015597947305258674,0.0,9.072324782513364e-5,0.0,0.0,0.0,0.0,0.0,0.0,0.0,-0.22749646656543196,-0.01005029843701488,-0.015228473617700928,-0.013097271751738252,-0.011297464595557112,-0.01375971393174872,0.34487285480694846,1.019056658953792
2038-03-31,-0.08764604316658259,-0.0011477718512273316,-0.9101686484819493,-9.76771042252944e-8,2.0427339982500237,-0.034224647042847646,-7.510101187394248e-7,-0.008196293589159827,-0.01913681496001921,-0.032240515676401814,0.004369748654767724,0.0,0.0,0.0016243520551301614,0.0,8.851220396835613e-5,0.0,0.0,0.0,0.0,0.0,0.0,0.0,-0.2205837488309388,-0.009745065034306635,-0.014765656746692868,-0.012699151814594672,-0.010954016094402714,-0.01334114632368624,0.34118505923583875,1.0151513020996847
2038-06-30,-0.08669294004500808,-0.0011153375046772487,-0.9010089893865715,-9.732449469331065e-8,2.0221077467108786,-0.0341898722814101,-7.688543006131976e-7,-0.007986295208123306,-0.018871295424493267,-0.03126232968759972,0.004318820496533259,0.0,0.0,0.0016858261838268583,0.0,8.629980734976244e-5,0.0,0.0,0.0,0.0,0.0,0.0,0.0,-0.21388092912427997,-0.009449119072396026,-0.014316910703882147,-0.012313141716297795,-0.010621019493364959,-0.012935315842166912,0.33753495536177625,1.0110892868912875
2038-09-30,-0.08575038944897571,-0.0010836729873401967,-0.8919427161335298,-9.684613853618791e-8,2.001693890000341,-0.03415277359891475,-7.846588634490808e-7,-0.007780805950207968,-0.018607594326910663,-0.0303137781999594,0.004270507030338412,0.0,0.0,0.0017443220591780758,0.0,8.410523241158482e-5,0.0,0.0,0.0,0.0,0.0,0.0,0.0,-0.20738162317428052,-0.00916217411883961,-0.013881805673748136,-0.011938870703159197,-0.010298154068663478,-0.012541830953754152,0.3339221601567959,1.0068779136357682
2038-12-31,-0.0848182640713995,-0.0010527733907284098,-0.882968844885133,-9.624965960864475e-8,1.98149012980158,-0.03411348516511119,-7.984123441822154e-7,-0.007579779408393652,-0.018345782116657904,-0.02939397328402736,0.0042246417985209155,0.0,0.0,0.0017999413303635883,0.0,8.194415158342546e-5,0.0,0.0,0.0,0.0,0.0,0.0,0.0,-0.20107964862788713,-0.00888395318074997,-0.013459925497828257,-0.011575979902185285,-0.009985109449041156,-0.012160313096208785,0.3303462945405552,1.0025242248852362
2039-03-31,-0.08389643747411935,-0.0010226331866113893,-0.8740864017018215,-9.5543193519191e-8,1.9614941917905064,-0.03407213173336067,-8.101361922295645e-7,-0.007383166105454191,-0.01808592273487073,-0.02850205265976886,0.004181058393618846,0.0,0.0,0.0018527824536970353,0.0,7.98290844964093e-5,0.0,0.0,0.0,0.0,0.0,0.0,0.0,-0.1949690172041734,-0.008614188332098555,-0.013050867161862793,-0.011224121868043141,-0.009681585217865447,-0.011790396120851029,0.3268069833377404,0.9980350178797601
2039-06-30,-0.08298478435689441,-0.0009932461271108886,-0.8652944226645293,-9.473518956795682e-8,1.9417038260385036,-0.034028829193150145,-8.198790768221855e-7,-0.00719091381518445,-0.01782807428412951,-0.027637178977678867,0.004139592642814723,0.0,0.0,0.001902940789984713,0.0,7.77697384869078e-5,0.0,0.0,0.0,0.0,0.0,0.0,0.0,-0.18904392731024416,-0.008352620357997567,-0.012654240309130114,-0.01088296015288779,-0.009387290534744309,-0.01143172576808259,0.32330385523598526,0.9934168559797336
