date,g_sh,b_liqtil_sh,b_liqp_sh,b_safetil_sh,b_safep_sh,mu_sh,z_sh,lambda_f_sh,lambda_w_sh,rm_sh,sigma_omega_sh,mu_e_sh,gamma_sh,pi_star_sh,lr_sh,zp_sh,tfp_sh,gdpdef_sh,corepce_sh,gdp_sh,gdi_sh,BBB_sh,AAA_sh,rm_shl1,rm_shl2,rm_shl3,rm_shl4,rm_shl5,rm_shl6,dettrend,detrendedMean
2007-03-31,2.2002269280301023,0.3031652225287118,-0.8420761046072811,-0.0019848449616999275,1.296852299350637,-0.4383494802521759,0.16906997796040102,0.03502350684667643,0.0038613550126465057,-1.6508346606293633,0.39133276048988197,0.0,0.0,0.04875948520304263,0.0,-0.19467967797943686,0.0,0.0,0.0,-0.6213481393558151,0.5904734964608416,0.0,0.0,0.0,0.0,0.0,0.0,0.0,0.0,-0.07662045509593263,1.1867926321419642
2007-06-30,-1.3707467693419906,0.684477238949377,-1.6250725303691094,0.0037574515475258252,3.3528710963567354,-0.3494682727610332,0.04536929393290645,-0.02719935323185485,-0.003186213609462918,0.4122176018505508,0.15697860299039856,0.0,0.0,0.06943254401896581,0.0,-0.4264808339834558,0.0,0.0,0.0,0.8295007205545435,-0.23945181668173499,0.0,0.0,0.0,0.0,0.0,0.0,0.0,0.0,-0.07632891468086767,1.3859975662965596
2007-09-30,0.46700363111236154,0.08387767993476292,-1.5413434555026195,-0.0027276813476029282,2.2677384269297107,0.1263026436952419,-0.0785355405009236,0.30113324553826537,-0.013409584668522267,-0.6612802269839513,-0.021083196960980377,0.0,0.0,0.09643346903505101,0.0,-0.7637488206236664,0.0,0.0,0.0,-0.2683496973643007,-0.07835335011658895,0.0,0.0,0.0,0.0,0.0,0.0,0.0,0.0,-0.0760390096159802,-0.2107893539099015
2007-12-31,-1.1690435265855004,0.9862569024740253,-1.341438462049116,0.003599874146908988,1.5057251630461455,0.3089317373975442,-0.05779816894724288,-0.2456262913476892,-0.0049103494354829635,0.5397854461854479,0.18365474167256757,0.0,0.0,0.053716219651178676,0.0,-0.8131126009911394,0.0,0.0,0.0,0.5178536937282985,0.16023770359343548,0.0,0.0,0.0,0.0,0.0,0.0,0.0,0.0,-0.07575070559270314,0.5239995589921165
2008-03-31,0.23878484551591583,0.08720930525012438,-0.7142679471807467,-0.002939576960492296,0.16267946939234612,0.8067746630438632,0.2867144968872193,0.2406668414218549,-0.013542117742615378,1.3362607117120229,-0.8062293333710335,0.0,0.0,0.09064840857047063,0.0,-0.9583523451214049,0.0,0.0,0.0,1.4731069305548017,-1.0315729228147275,0.0,0.0,0.0,0.0,0.0,0.0,0.0,0.0,-0.07546397017299533,1.1071477014977127
2008-06-30,-0.4187946100987827,0.28037727199654583,-0.9084314401211935,0.0026422900910150204,1.1198617644317066,0.4250094076341471,-0.06737076148131127,-0.24048520298890486,0.013820725535618195,-1.064587586316823,-0.44962135549702076,0.0,0.0,0.06020145194967075,0.0,-1.5200117417222714,0.0,0.0,0.0,-1.359519752879934,0.6749398866022327,0.0,0.0,0.0,0.0,0.0,0.0,0.0,0.0,-0.07517877270506457,-3.5733106081388466
2008-09-30,-1.5087356309180344,-0.13697135717742892,-0.6203786411710932,0.0026882216854096086,0.704501407042657,1.184792275292379,-0.1470115082319201,0.20648427401943614,-0.017520788922442687,-0.6996332247577008,-0.7719593410886016,0.0,0.0,0.10483851502771646,0.0,-1.6002544174991806,0.0,0.0,0.0,0.2404357992987327,-0.16315594650272436,0.0,0.0,0.0,0.0,0.0,0.0,0.0,0.0,-0.07489508423892399,-3.3454621799646977
2008-12-31,2.713323649180266,-2.1920771323969523,-1.4921644455040406,-0.003648432863367912,-3.8103091210657913,3.922678175446981,-0.5045598332385159,0.18793998800104017,0.010755044477983589,-1.013678932738593,-2.0376570075773426,0.0,0.0,0.09615979202417524,0.0,-1.4920585709674472,0.0,0.0,0.0,-2.9134513573732757,-1.1808886767196713,0.0,0.0,2.291107324762609,0.025213941009827323,-0.06065920151920867,-0.09346701165463545,-0.08734416388619382,-0.10506377375102405,-0.07461287744281453,-7.973841736775156
2009-03-31,0.6948253988267483,-1.838164064994996,0.40534147458162195,-0.000822834045011156,-3.7551233317774213,2.544270457672604,-0.07505877309843534,-0.20984303853689434,0.022609186024613592,-0.11515191837843108,-1.9128594459183468,0.0,0.0,0.05868731491822654,0.0,-0.47409702246393737,0.0,0.0,0.0,-6.148265783967566,-0.7456960512332911,0.0,0.0,-0.6694353277442389,-0.25588299290107974,-0.21398727947684604,-0.1982074400950773,-0.1774021718282004,-0.20849006640054624,-0.07433212652078192,-13.036575471790414
2009-06-30,0.022674450733028984,-1.3261069032428963,1.8066129983763002,-0.0011843330205985048,-2.732454243080007,1.4381398026435344,0.6032560786831009,-0.09278510591230749,0.008518185743611184,2.4353494362094885,-0.8534406701338204,0.0,0.0,0.06035579736243246,0.0,0.3225205411344412,0.0,0.0,0.0,0.08670136518704741,-0.34020390668004774,0.0,0.0,-1.5018246126771828,-0.3329372375076911,-0.2310074825408126,-0.21531153421636695,-0.19940036642630554,-0.2232174152469124,-0.07405280713114193,-1.478141292646673
2009-09-30,-0.0690222973318333,-0.690637044342568,3.3053131257817947,-0.0027304143019657445,-2.636478353958549,0.16120516873761037,0.0749875136363265,0.22465484557323556,0.011135651032878613,2.7099817466959664,-0.13495256985823767,0.0,0.0,0.07650871558313455,0.0,-0.12817496183347155,0.0,0.0,0.0,1.0116731868957674,0.382702740408547,0.0,0.0,-2.1443625270871736,-0.35309372633092195,-0.24438352806722685,-0.2348149317515924,-0.20661593226112274,-0.2239776431267937,-0.07377489630713274,0.6707500326304183
2009-12-31,-1.4204623927434934,-0.04828127302772822,2.358904263499406,0.0011875268373984227,-2.099738937854456,-0.1235851083740469,-0.17164063011266828,-0.28064461058001644,0.03967237987843042,3.4082291141796173,0.030690973577440772,0.0,0.0,0.03935559572187941,0.0,-0.3306702425504682,0.0,0.0,0.0,1.8399945567294074,0.24371437929733286,0.0,0.0,-1.2565118435720946,-0.30532107088820926,-0.25628910731887444,-0.25139526532225176,-0.21849182620712337,-0.2526268626647288,-0.07349837237948798,0.7441963087819969
2010-03-31,-0.6154564805399887,0.02789236680644791,1.5496400562187596,0.002180772209214865,-0.8659016462966851,0.01118733636222835,0.06140205066129667,-0.07583250380732709,0.051168124208400556,3.554770098953508,-0.04081548281896774,0.0,0.0,0.05199231358483658,0.0,-0.17806887141018635,0.0,0.0,0.0,0.8668715903737745,-0.02261408982077162,0.0,0.0,-0.69740725387617,-0.2593776052577601,-0.20797337494105061,-0.22303561298193664,-0.22689797026748115,-0.25022059552138876,-0.07322321490099704,2.4253319555180175
2010-06-30,-0.8915833737904166,-0.03683187041405578,1.1307131716733254,-0.0015446926713180709,-1.6176726846595102,0.31541545799949056,-0.18466535325242228,-0.007758640807775663,0.02994405758187657,2.803491313548556,0.343353485306519,0.0,0.0,0.05176819915952979,0.0,-0.168130330609495,0.0,0.0,0.0,1.8513431781712608,0.40944155680340266,0.0,0.0,-0.555223984411235,-0.16582218234706403,-0.13704117738777555,-0.17424314466959467,-0.19727453553158858,-0.23676670773434827,-0.07294940457384103,2.4786977990566728
2010-09-30,-0.17011034612131049,-0.08051092080350042,0.7660699531368165,0.0006424383537817491,-1.4076749754100448,0.03356514003522992,0.030243544833985503,0.34122548563004784,0.037421324067188344,1.7405469063639156,-0.2969178386753035,0.0,0.0,0.07225080927193428,0.0,0.11781937404444776,0.0,0.0,0.0,0.33853845716431685,0.20209836162183858,0.0,0.0,-0.364000279369614,-0.09682574844384062,-0.10527098284461855,-0.12404203837637073,-0.13695505153985543,-0.20015666736181714,-0.07267692317908248,0.6070594296169851
2010-12-31,-1.2010990073999306,0.008555339382754212,-0.23905799105472525,0.0022122500498378272,0.10143181078687835,-0.15750377783027014,0.19376873761078883,-0.241200696757915,0.030236835021946185,1.711889214241058,0.13107156222353922,0.0,0.0,0.04215334662858172,0.0,0.2752230733665373,0.0,0.0,0.0,0.30318128135990996,0.4197383332419813,0.0,0.0,0.4945963506328477,-0.045454487291418655,-0.050324569410364894,-0.05937934021111868,-0.08195319631455478,-0.1554627588317148,-0.07240575350955236,1.4201240462315745
2011-03-31,2.0396551177348954,-0.6357657270774641,-0.802932190315786,-0.0017039360911241808,1.5092107216005735,-0.16545132275062047,0.09884625448819406,0.21512150079587844,0.004165190715310629,0.13031819058930694,0.428708440927128,0.0,0.0,0.06572901960457678,0.0,0.038093869370281475,0.0,0.0,0.0,0.41309416273094257,0.08065741338389998,0.0,0.0,-0.12577705038309128,0.0017943825610045039,0.015695263314197128,0.002153405144045273,-0.03604372853537319,-0.10513045282768418,-0.07213587930501308,3.164806111965013
2011-06-30,-1.9184600511269578,-0.13601537969405442,0.18687732960684933,0.0009439826908819171,0.2428766867530907,-0.2043660385166235,-0.4042170780647836,0.026708653309959196,0.010682876653000939,-0.13695560094603154,-0.0049006290711250955,0.0,0.0,0.058269259633147996,0.0,-0.22013471241658644,0.0,0.0,0.0,0.9038361541371165,0.4156278872755603,0.0,0.0,0.15636334476754055,0.07497347343596861,0.048093828092876656,0.02012457383315791,-0.022401324642518095,-0.09369087909114615,-0.07186728519026353,-1.1081432498171617
2011-09-30,1.1677333561859626,0.13122752082004308,1.1580725802632585,0.0002523397536480232,-2.0292421892762924,0.5414355941837812,0.3613023295570672,0.04073540473652493,0.01673073570380712,-1.5242729523261223,-0.024892800732778664,0.0,0.0,0.049348388095671325,0.0,0.22342097064111943,0.0,0.0,0.0,-0.8841608085927155,-0.30047529114352045,0.0,0.0,0.16741239112385564,0.07238221024381541,0.03418471217349062,0.004065515515838669,-0.03334644735313308,-0.07924002037164035,-0.07159995661673024,-1.0464297894063002
2011-12-31,-0.5405423404334031,-0.14576863372819382,1.0037785250156528,-0.0009805775163074237,-1.9906415439261749,0.678862010852721,-0.24599835897027855,-0.005405265128166636,0.00022506426800017465,-0.9466126489619975,-0.17441868047844977,0.0,0.0,0.047327924499529495,0.0,-0.0970298659812463,0.0,0.0,0.0,-0.31174357916322615,-0.029576442852308205,0.0,0.0,0.5016212060922287,0.05829775508285895,0.01825630818366175,-0.01150706592124573,-0.026984544423513945,-0.05459356151111816,-0.07133387980623462,-2.397827777102046
2012-03-31,0.25545301600418124,0.12029291505339934,1.6594410712651664,0.0009356255804782165,-2.7255998611015686,0.05779635829568086,0.13490751468943074,0.001399169524129995,0.006689368523082884,0.007846329635130544,-0.15487048581036555,0.0,0.0,0.03516199956934418,0.0,0.12540397210885068,0.0,0.0,0.0,-1.5831735174562045,0.11970119940059032,0.0,0.0,0.023795100452361773,-0.02969792741553956,-0.039543067318847935,-0.03809455665289008,-0.04172675101646872,-0.08060807355527722,-0.0710690416985238,-2.298464812208556
2012-06-30,-0.1578235747767831,0.24709605006960622,2.4152287651093785,-0.0017031394334177108,-2.9315020852657914,0.13700514374053174,0.0065364190901417984,-0.01947745287704805,-0.00158263134850678,-0.7893982738527816,0.23420232228006377,0.0,0.0,0.033426556975335586,0.0,0.018082874333624765,0.0,0.0,0.0,-0.16674810959490527,0.013073705680310965,0.0,0.0,-0.9870022790339883,-0.12351927037880239,-0.06778330286344447,-0.05489947479464519,-0.06630394757847213,-0.10292554838523538,-0.07080542990095529,-2.5355025001649323
2012-09-30,0.7523594029082536,0.2729365196086464,1.998048925911844,0.000408328330658847,-2.921691872856902,-0.09631084881854823,-0.10209761731729827,-0.006235613540828133,0.007059579863422094,0.24686992566667065,0.011555873745550116,0.0,0.0,0.028236853977525733,0.0,-0.012728998169775352,0.0,0.0,0.0,0.060040703041153165,-0.2684871307409131,0.0,0.0,-1.2512107631266312,-0.12259948890833705,-0.06800276974403552,-0.08092677700775042,-0.0878861757478755,-0.11021259494664593,-0.07054303264154571,-1.9155467237644386
2012-12-31,-0.7694855233736697,0.07278366256340263,1.1076397487874923,0.0004020798242798662,-2.3690721921689972,-0.4674244194991961,0.012376467497876575,-0.013893240883033897,0.006704116358524637,0.563392746765401,0.29127598189717663,0.0,0.0,0.024736719867513024,0.0,0.15975263299847775,0.0,0.0,0.0,-0.4512003383687624,-0.0026890252402100856,0.0,0.0,-0.3735098617036581,-0.06483282621619901,-0.07330281719382103,-0.08556862627904227,-0.08742990766468228,-0.10341421123951644,-0.0702818387248838,-2.7514196255948753
2013-03-31,1.2239308704797613,-0.08021213983984143,0.7265836050988295,-0.00043367611987088495,-0.3166375306529856,-0.5387972513180794,0.016396393709872115,-0.048430555981493484,0.0030100960205725613,-1.784211120911794,0.18583117274149075,0.0,0.0,0.017347703050574204,0.0,0.24925149356889165,0.0,0.0,0.0,-0.3506091845688064,-0.10626159740845242,0.0,0.0,-1.165678188794761,-0.14312911070127887,-0.10027485648593792,-0.09296558323341753,-0.08221162675406957,-0.09798862912351325,-0.0700218374901862,-2.608663111115017
2013-06-30,1.403213098587508,-0.4695715896542163,-0.5978326725099459,-0.0007497720943994146,0.6446131583068171,-0.37368779712100286,0.2945603715123424,-0.05189547752006973,0.008403425219682958,0.43312427248431984,0.7915796552499632,0.0,0.0,0.023206525497942998,0.0,0.24846223704413362,0.0,0.0,0.0,-0.1319093683645467,0.3157004016421494,0.0,0.0,-0.8109283687300239,-0.10255184891168057,-0.06301273372211202,-0.055761973980950064,-0.05435587939828235,-0.07837338788506676,-0.0697630187728171,1.3115030597276922
2013-09-30,-1.1056674998551896,-0.5595877230110791,-1.4734860941717498,0.0008860886989481287,1.7429628958773646,-0.3416566462931536,-0.4018612154014223,-0.058060787422009597,0.015562354708786863,1.2932498782960877,0.4924245444593689,0.0,0.0,0.022020263827293718,0.0,-0.16399351578004762,0.0,0.0,0.0,0.9740695335740845,0.13721841143989888,0.0,0.0,-0.15691145524125982,-0.04030076819583339,-0.015962883221398716,-0.016028715160909535,-0.03105374943086492,-0.05375723522339504,-0.0695053728676287,0.14366361644866377
2013-12-31,1.3942900168112393,-0.00839531875632682,-0.6678573408290367,0.0012900116230563086,0.6912377863384167,-0.5651272800468288,0.12095588391463075,-0.3328412826638649,0.02042543233662375,0.18217750150337775,0.6641408502633617,0.0,0.0,-0.00659577003401246,0.0,0.2703785285936844,0.0,0.0,0.0,-1.5556588632201884,-0.014328892843817886,0.0,0.0,-0.12791365028802515,-0.0002777556326938324,0.0007380161737291502,-0.010334673944534245,-0.022123390228101503,-0.029893115430323913,-0.06924889049494398,-0.09834275850721941
2014-03-31,1.8314413728608425,0.09927653297485683,0.3350409726114556,-0.0016068489579690315,-0.6772442879744656,-0.768966535994664,0.10324911237877821,-0.06382369058838266,0.005940248654456859,-2.129636521944278,0.43777227775168015,0.0,0.0,-0.013689842897934845,0.0,0.27995248019929697,0.0,0.0,0.0,0.35746991882323886,-0.2931639394715302,0.0,0.0,-0.764475595630798,-0.0022259376261768438,-0.0018026384543734508,-0.005459713670530331,0.0032043527718794707,-0.016323109756499754,-0.06899356276942603,-1.4222091636640677
2014-06-30,-0.12938787508782745,0.49061683072000317,0.7789675907885707,0.0016110114486211913,-1.6068094766210295,-0.7814986548230984,-0.14853491510460337,-0.29934892410977687,0.015075642456419125,0.03224965273960212,0.4442877798114697,0.0,0.0,-0.025471110747399273,0.0,0.16003396104058432,0.0,0.0,0.0,0.5157779296438125,-0.14338036306187352,0.0,0.0,0.29285442970452547,0.022259307437333398,0.017449023189564095,0.02905567911204443,0.012408416812648149,0.01788352050264841,-0.06873938117011313,-0.40349665740782026
2014-09-30,0.058114751755411476,0.28188693550450505,1.3422532811216081,-0.001615191243797831,-2.0021312342764497,-0.5156565747064024,-0.014682216544059656,0.2671935441947104,0.006289281407445557,-0.07261810750323061,0.6134542340046956,0.0,0.0,0.0028651639388366235,0.0,0.32499643000369893,0.0,0.0,0.0,-0.3338251224252353,0.5325545284604161,0.0,0.0,0.17396638449487245,0.032497691774691084,0.049904322255489575,0.04123767131356537,0.04734793731417941,0.047926366667949694,-0.06848633751340705,0.7955537893091336
2014-12-31,1.1694321047774459,0.697705984477115,1.5167322617593681,0.0007145137970177018,-2.3500132566836918,-0.4755916742374633,0.08044558367266141,-0.20941559458308445,0.010427055470607627,-0.17039576588570027,0.3828622834558315,0.0,0.0,-0.03331444783201132,0.0,0.4715866241626232,0.0,0.0,0.0,-0.8871029707559042,-0.17073111172029032,0.0,0.0,0.09856226726101536,0.07119940386408619,0.030726734550490242,0.044040863482819326,0.04189098420155357,0.059586725247906536,-0.06823442392775991,0.26005611254444894
2015-03-31,0.40021605256337356,0.6040235925340198,1.4519542413034658,0.000210141229439742,-2.5601224140778145,-0.5739768606022988,0.09002950111678398,0.012690330354891977,0.006608445597522383,-1.629863432334977,0.34662723504501614,0.0,0.0,-0.04124277742910687,0.0,0.38646478841863896,0.0,0.0,0.0,3.06057030908351,-0.0013043454787031727,0.0,0.0,-0.048665803298875154,0.0037368528013947966,0.030719330141293355,0.02931881285841431,0.04169123083908044,0.057002744205081335,-0.06798363283004871,1.5295716311176433
2015-06-30,-1.253416588461853,-0.043390933511178176,-0.2832170415692614,-0.001591582485027665,-0.06520897703354844,-0.24208320839135267,-0.07893618641060529,0.03174855900933693,0.009464075882004153,0.6361340234078305,2.002120936453977,0.0,0.0,-0.029982509977100058,0.0,0.1682168178587462,0.0,0.0,0.0,-0.8756681413940037,0.14225675183210384,0.0,0.0,0.32584424700334846,0.08370719678911787,0.05004018767384988,0.05781037671037659,0.05247852201115677,0.06400159297335062,-0.06773395690405914,0.6617269399137093
2015-09-30,2.669725612452445,-0.3727969563164679,-0.45923270294473406,0.0036495903143585195,0.7603194490301002,-0.5591598938922138,0.035572556085416984,0.3401334329003136,0.005615615604814828,-0.6825719944442143,-1.351962377163285,0.0,0.0,0.0019289056195637144,0.0,0.22250807717529852,0.0,0.0,0.0,-0.7397760474278425,0.11446534665304764,0.0,0.0,0.4354398088783462,0.04996960376810744,0.05964646485263625,0.06511122492953714,0.06687451632674257,0.07711518697866016,-0.06748538908017965,0.6311070094777049
2015-12-31,-0.16650480746727148,-0.2551394316488098,0.09610978858864971,-0.0034636108905305996,-0.7716913412964432,-0.08047296986375407,-0.04419685863328304,0.09112379021454231,-0.012852346972935802,-0.5939721744291138,1.1542989597036257,0.0,0.0,-0.021252396659265926,0.0,0.13062945629658262,0.0,0.0,0.0,0.23480897765295605,0.09712311244123306,0.0,0.0,0.3976128409082902,0.1136187476053152,0.07084188990189588,0.0682176851522387,0.05833699805033454,0.06700256003793204,-0.06723792251708272,0.5613323748623555
2016-03-31,3.4170925095044824,0.3768233834076984,0.9546150626034144,0.0012868769146301418,-1.4808353815917052,-0.11245582761579831,0.05992196073070222,-0.269506839531386,-0.001403562179225215,-0.6255018256263845,-0.21839444507881778,0.0,0.0,-0.05109885514291701,0.0,0.20262369936754343,0.0,0.0,0.0,-1.6530792239458414,-0.5051735651421807,0.0,0.0,0.5346192164322972,0.06998036055980705,0.0507798395087411,0.036872845269142474,0.0358995433150433,0.040466080753498446,-0.06699155058442763,0.7191195768307512
2016-06-30,-0.23076195858058313,0.3826388457282004,1.3507764793795785,0.0003480271063116547,-1.06476081984751,-0.3940164155835313,-0.21957799072528372,-0.05064181918094102,-0.0004646086318782494,-0.265334153435548,0.2190884196835885,0.0,0.0,-0.0412850777577245,0.0,0.11934836415692374,0.0,0.0,0.0,-1.096221451824797,0.763494747785809,0.0,0.0,0.24335048896033662,0.05357272558430548,0.028268207354287256,0.030754522055098654,0.021435488550292092,0.03829332729152757,-0.06674626684723961,-0.20870544417537218
2016-09-30,0.1635343227121,0.28452596221368864,1.215990413617929,-0.0013629601857467755,-1.4550898702017645,-0.4529949709130676,0.2036716766661506,0.01876341511912738,-0.009525906953344876,-0.3307993493154915,0.379519898991898,0.0,0.0,-0.05063676607119927,0.0,0.4542830925237995,0.0,0.0,0.0,0.574474144284709,-0.6037230317477826,0.0,0.0,0.21349402168759912,0.012096472235079148,0.018112093396660534,0.014420935801773282,0.02515326519607619,0.03129526382763537,-0.06650206505112166,0.6257582700469833
2016-12-31,-2.0088312641906136,0.03838853122757335,0.10409858027136121,-2.7403987734597735e-5,0.6380630065106585,-0.36337108872955826,-0.1163556369636165,-0.002226489665779763,-0.006593206103289173,1.1034484843684078,0.31333693307902255,0.0,0.0,-0.04854124570190521,0.0,0.31668777594502373,0.0,0.0,0.0,1.1513898157163416,0.15725928445391446,0.0,0.0,0.4456748341985284,0.03429256810758563,0.009777326847615342,0.025440030472601016,0.030640547447058353,0.04162954218338566,-0.06625893910895408,1.8068728244195587
2017-03-31,1.175444835188566,0.009029275901362155,-0.27286647105753126,0.0025626916628995744,1.0654863090313826,-0.5161920071739434,0.08953355307970146,0.02048217886343462,-0.002462796204305562,0.456111750670396,-0.3474523772735716,0.0,0.0,-0.04992211298935345,0.0,0.41557338465436633,0.0,0.0,0.0,-0.368705725789531,0.3003180293163821,0.0,0.0,0.2662342168740617,-0.007329788229382128,0.01172277217722506,0.015385631533226807,0.02374312777528864,0.03362998804139483,-0.06601688308858211,2.300733588503845
2017-06-30,-0.15039306801504226,-0.0012619342846020842,-0.22269278260115266,-0.0030280122543024923,-0.25251183100152286,-0.22598857692742724,0.04601168184672488,0.06846779118847568,-0.005025212780740418,0.21677568832372263,1.8925204356235126,0.0,0.0,-0.06487415153315634,0.0,0.21978320504025817,0.0,0.0,0.0,0.6376663778332681,-0.2432785988772057,0.0,0.0,-0.05913768471672576,0.033328676861232864,0.01828968233736905,0.016236208284414744,0.007929098169623394,0.013433981104005177,-0.06577589120113636,1.9045706240473415
2017-09-30,1.646134577209657,0.02673542068041268,-0.0323723430736389,0.002565973483115158,0.23921502306896159,-0.815305558431989,0.00673020677608438,0.016134281272228712,-0.016224196423708648,0.2725520773343426,-1.4047879161291688,0.0,0.0,-0.05116441865361532,0.0,0.10575901879916749,0.0,0.0,0.0,0.41910279150725316,0.25719024892152387,0.0,0.0,0.6317188200293478,0.05477968965486024,0.03727417735834848,0.026973906903182687,0.02633472661450753,0.017570902328811755,-0.06553595779086319,1.4036521099437094
2017-12-31,0.779813180443556,-0.11558300402774169,0.15456779316971314,-0.0020045120170841813,-0.023353697614125757,-0.46052285312028207,0.1089254220797864,0.32054409002229,-0.021289983347405617,0.12085921820443879,0.3187585767465695,0.0,0.0,-0.037931194160134574,0.0,-0.13324508162807502,0.0,0.0,0.0,1.0368465814256878,-0.24409287667074286,0.0,0.0,0.6847841307053182,0.0817244158374919,0.041579290943527525,0.040640135028136015,0.021172191015250696,0.026206419197838393,-0.06529707732512158,2.6988093419778147
2018-03-31,-1.6957715263529738,0.11571121945761487,-0.11014228697173722,0.00218011648192018,0.3566641472226628,-0.3976087068187084,-0.2466091995988684,0.09133694893246336,-0.0012865634872016862,0.5241916232945787,0.13144034771324087,0.0,0.0,-0.058148481001985,0.0,-0.4348645073383506,0.0,0.0,0.0,-0.313667422924524,0.5388492950747503,0.0,0.0,0.714827026755338,0.05251903355310006,0.03527002037955196,0.015166763169527364,0.018462302154520494,0.0048841692675827275,-0.06505924438554578,-0.7546166266819032
2018-06-30,1.8423152364155593,-0.052046743463030065,-0.01639638113648534,-0.0012119287051914895,0.20845440489902778,-0.1951545430043944,0.15957187161830255,-0.005551258731806286,-0.021359957691335918,0.47198713279554827,0.33572749345185393,0.0,0.0,-0.05929529476412787,0.0,-0.2008077916322626,0.0,0.0,0.0,-1.9838935253895018,-0.09524907872413557,0.0,0.0,0.6708198260308995,0.08300053820500253,0.030211257106826928,0.032068024431586295,0.01593557485384256,0.03782671811545235,-0.06482245365985184,1.1762631513592359
2018-09-30,0.6647020869958498,0.03601410910123448,0.2531133595624624,-0.00029754481096766483,-0.1382825111141961,-0.21236804318351954,-0.2147158997958365,-0.013633945912361334,-0.020595681191004633,-0.587022348815347,-0.06987655392420855,0.0,0.0,-0.0690393462384864,0.0,-0.3353765970520062,0.0,0.0,0.0,-0.3914944657380848,-0.4124527209042772,0.0,0.0,0.2319244237877438,-0.002463743750380498,0.01772410366898125,0.0066625160820343865,0.024734235736079135,0.03324444757846212,-0.0645866999342215,-1.2838757728994787
2018-12-31,-0.21663132962810305,0.08862127730617786,0.04889699591927865,-0.0008119180153753902,-0.01217261012034232,0.1624269918025334,0.17820137754520626,0.007805787511472317,-0.0031034549930364363,0.41104180047779604,0.8132526097129444,0.0,0.0,-0.07272725713922679,0.0,-0.0761296987940363,0.0,0.0,0.0,0.8896415506543409,-0.300562898689416,0.0,0.0,-0.2838926455342117,0.014108957972736036,-0.006574499040756798,0.02255045430099578,0.026142087934966085,0.0322238982788603,-0.0643519780859636,1.6886818376865342
2019-03-31,3.4300578434144358,0.31351288076890693,0.122242907600012,0.003003192505479646,-0.4935188087419773,-0.25832626162038963,-0.13570733447675343,-0.30066677548552523,-0.00804842659786198,0.11341273034182198,-0.9406141634431875,0.0,0.0,-0.0910405199347486,0.0,-0.126605235274313,0.0,0.0,0.0,-0.5393520840857091,0.20028620696845856,0.0,0.0,0.22009725066951535,-0.027329533687192598,0.021657165672817058,0.02406473760305783,0.030577355038219345,0.04232462913751345,-0.06411828307746337,1.5034810753038919
2019-06-30,-3.412304221316076,0.4577162594010087,0.7925164331628709,-0.004471024300412019,-1.2490704756760507,0.027314178994486404,0.1987184137099307,-0.05950130513620033,-0.017554787505336122,0.4743356871904414,1.6383080100623504,0.0,0.0,-0.09911867355881787,0.0,0.023009495670356372,0.0,0.0,0.0,1.396891428298419,0.31684839298669054,0.0,0.0,-0.0032950236660500565,0.0697773612465813,0.03893528509641975,0.03815109288658469,0.03172069377432862,0.004754709059717754,-0.06388560994982084,0.5124901278900085
2019-09-30,1.925602924455183,0.9041119308503376,1.0982926524185865,0.005735435013720647,-1.8067308655312697,-0.5847007050070019,-0.12827812271923866,-0.28873029594446153,-0.006254634096569678,0.31760430578990917,-1.7456958898829367,0.0,0.0,-0.11000594235560657,0.0,-0.1398732962665461,0.0,0.0,0.0,-1.2286741508096277,0.008246062473005189,0.0,0.0,0.8924102632125841,0.0589469408426746,0.033579734713495846,0.029312315668561517,0.00047136619274468217,0.005813301067991716,-0.06365395381753292,-0.9072054409022812
2019-12-31,-1.5997122172895062,0.39054603572685753,0.4341618913461076,-0.000540969145068626,-0.9123090309187343,0.18685692409396992,-0.02286950536394272,0.01886935951440627,-0.000921282104748844,-1.682632758903102,2.6052334898333696,0.0,0.0,-0.11279999090140214,0.0,-0.14789482946748755,0.0,0.0,0.0,0.642572179436729,-0.6835510817283397,0.0,0.0,-0.416403545117805,0.014902746111755683,0.01451276390118661,-0.023027722312474186,-0.017805066447973417,-0.005366456551469945,-0.06342330986313094,-1.4656773540439483
2020-03-31,-1.1046812373970871,-0.3555964115224408,0.1931288847904611,-0.0011473565986519496,-1.1825221647919215,0.2053154824979142,0.009788771620500292,0.09655154063687998,-0.016414282512877687,-4.486337108764927,1.306619857108915,0.0,0.0,-0.09699016837692032,0.0,-0.044657632338274134,0.0,0.0,0.0,0.1078906446573713,-0.053147778421147596,0.0,0.0,-1.979556081116396,-0.07067833444694971,-0.05860718547190391,-0.03377081450655073,-0.011786946596470393,-0.026955601842926225,-0.0631936733325178,NaN
2020-06-30,-1.0783106257114983,-0.5266683498777791,0.06800930908397174,-3.6172931949796094e-5,-1.3670468210408404,0.5751006262331826,0.011804919736246866,0.11101471060388501,-0.015454519965674152,-4.806492760920511,0.9083837690021523,0.0,0.0,-0.10858278060379423,0.0,0.013683035841882685,0.0,0.0,0.0,-0.057520737451022264,-0.13220419515338477,0.0,0.0,-2.5213758689006105,-0.21453071131400936,-0.07557136508707929,-0.03054290845379004,-0.036469464546617925,-0.02990063824412914,-0.06296503953052701,NaN
2020-09-30,-1.025408742890177,-0.22929793785454455,1.334728241859029,0.0009009725350894726,-1.1316103465536353,0.09572390853886947,0.00851818774525448,-0.3157629737492451,-0.01897915823069196,-0.47130721624595306,1.1952457155255836,0.0,0.0,-0.08099614211640738,0.0,0.017966911704170307,0.0,0.0,0.0,-0.2289986379688913,-0.30835788013153786,0.0,0.0,-1.5793113494133815,-0.07595189304306915,-0.005824576977464524,-0.01756138643377314,-0.004153895019398668,0.017747879195995075,-0.06273740381681492,NaN
2020-12-31,5.310863459228354,-0.9848057331066751,0.7885856395650315,-0.008492651140734608,-2.03954231758825,-0.028356365249604387,0.0759838164137383,0.2955431820300891,-0.032238302624565396,-6.032667377129696,1.4995750331634916,0.0,0.0,-0.08864495849093545,0.0,-0.031521016924074274,0.0,0.0,0.0,4.83784293569276,0.450534969187677,0.0,0.0,-2.792273054951333,-0.1069188060713766,-0.0658660147060619,-0.03644856825595344,-0.006333859176355094,-0.009036115683258572,-0.0625107616020415,0.41977403497091004
2021-03-31,5.0127594466913505,-0.30509124956686895,-0.1800762337016204,0.00016637628366122925,-0.19420088861304974,-0.3924454295879509,-0.04161349337664655,0.1139085026126807,0.03541583242125945,-1.4872675859610607,-0.1713198763386936,0.0,0.0,-0.10438839977723324,0.0,-0.2324285424715744,0.0,0.0,0.0,0.6773312124482178,0.6154200073251292,0.0,0.0,-1.2027783236976286,-0.14254849897504807,-0.0640301153568612,-0.027909040046103506,-0.027012937028725315,-0.07517605800346772,-0.06228510834426215,1.6359467793163107
2021-06-30,-0.7051250823872923,0.6708028633545471,-0.5089265512213226,0.004248352392210997,2.511450813292959,-0.104887765921724,-0.10973481143763397,-0.009062044226004762,0.07930361882302339,8.092444463944592,0.1469637973320559,0.0,0.0,-0.07659575990721645,0.0,-0.3580636329893139,0.0,0.0,0.0,-3.9480682534017264,0.4563698419751461,0.0,0.0,2.1983933955843193,0.07605777157269067,0.05195647173341644,0.022403456087394247,-0.03318606769799892,-0.10828268006616293,-0.06206043954580798,8.275973866966456
2021-09-30,-5.210684529229692,1.0849302173720154,-0.40151604193475743,0.004405396144102625,1.4753283233062797,-0.18731204994874018,0.1912832557444455,0.3396679162811722,0.05945453510296517,6.166536364274489,-0.7479773068967077,0.0,0.0,-0.08634085088776722,0.0,-0.2999404877923717,0.0,0.0,0.0,1.0209106758452213,-0.08798618822848381,0.0,0.0,3.2894579370740473,0.1865114937327883,0.05832289405731661,-0.012955573483897087,-0.07737798495645043,-0.10072522604134271,-0.06183675075013273,6.496443917253969
2021-12-31,0.5828200383275028,0.12707524111463808,-1.117809447384177,-0.004164416370722179,1.508241148242928,0.14042340916877727,-0.03779521978609646,0.451450199953074,0.02115199689183278,-0.7590287532847961,0.6802116823164672,0.0,0.0,-0.06777838733389441,0.0,-0.7717408517413316,0.0,0.0,0.0,0.6580415914707594,-0.29005146237502943,0.0,0.0,1.0606268682156195,0.07200634248487603,-0.04754641009896421,-0.1061498128751781,-0.08934428037618014,-0.08702935763919006,-0.06161403753878192,1.8712237559951772
2022-03-31,0.15471128060389194,-0.05428663222978303,-2.196125617592093,0.0013213506776077466,3.3904353346334792,0.13980033470817332,-0.1283278739588556,0.40433746230212897,0.014473118505775595,1.695041570669864,-0.5902826824383256,0.0,0.0,-0.05646645165280351,0.0,-0.9631915415703518,0.0,0.0,0.0,-1.7193642197309678,0.08958097111937402,0.0,0.0,0.7920011553965489,-0.07241714455974435,-0.11508400457509449,-0.10023177398297278,-0.06413117061100371,-0.03421812481577691,-0.06139229552918346,0.4128090291510178
2022-06-30,-3.7637577822489776,-0.19340169240031901,-3.0617351284720207,0.0009662689244738232,5.447434176548116,0.5363631029580818,0.12404534864569605,0.33964824052405973,-0.0011610132508943494,2.9578906766047686,-0.054332135871193454,0.0,0.0,-0.048872358445117836,0.0,-0.9504053010044089,0.0,0.0,0.0,1.3587619272724227,0.0002462213321674511,0.0,0.0,-0.4154725443634488,-0.2140626979975968,-0.0928967793389246,-0.04640409798797318,-0.018886085768221594,0.0061630024441372555,-0.06117152037179441,1.5618516651647818
2022-09-30,-3.981844630620235,0.04041154223526355,-2.605432743950442,-0.0005015612340231179,4.374194881085303,0.6783097156267903,0.18847332664202465,0.26591694796793686,-0.038097215048737976,3.2876086477052313,-0.47944067374438015,0.0,0.0,-0.04243754296435753,0.0,-1.1862022985546061,0.0,0.0,0.0,1.2598032569438367,-0.19452264133733577,0.0,0.0,-0.5714888604111401,-0.04947034706406228,0.0026703439512720806,0.037929743770415136,0.053715342506155395,0.07655810005016139,-0.06095170774795822,0.7881561436702711
2022-12-31,1.763547118280706,0.2915851389336144,-2.404714704412525,0.00016013548449489434,4.279326627137081,0.4868002505443947,-0.0943580238791153,-0.05057634420249091,-0.04446958433491632,-2.120289266127018,-0.5045297199731902,0.0,0.0,-0.06934926026869181,0.0,-1.6659196798206266,0.0,0.0,0.0,-0.747978995780807,-0.5250851391779054,0.0,0.0,-0.7318088770414843,0.03333437715544729,0.0557034004956769,0.0683693699533805,0.08461647007922402,0.11908761701606707,-0.06073285336777312,-2.0305022767547865
2023-03-31,3.254019663810803,0.8434159927017237,-1.322703296168748,0.0011323144959662912,2.6890384522759714,0.23230365368942518,-0.2043399086315567,-0.4303421170440358,-0.04042395617972483,-2.7592637949705345,-0.24769403600438666,0.0,0.0,-0.09411639622096679,0.0,-1.7943053892082506,0.0,0.0,0.0,-2.3775813233437137,0.0046540467327771395,0.0,0.0,-0.0628319164743818,0.1413067149135916,0.1110888950847766,0.11590944875505826,0.11975057816622225,0.18329368457381534,-0.060514952968282465,-1.897076490012961
2023-06-30,-1.2356559221867403,0.4826564941548428,-0.80056602152766,0.0011608364886894762,2.3098303146389165,0.3948703992785685,0.05870758625372563,-0.2216874493291332,-0.040379137935298015,-2.2625878495976304,-0.4910143984821369,0.0,0.0,-0.05083041295329549,0.0,-1.5690222219833627,0.0,0.0,0.0,0.48586673107609,-0.0033373090850830067,0.0,0.0,1.0233389221040445,0.22482318943688462,0.18327464372394076,0.18683430652588484,0.20531034216970667,0.250581374828851,-0.06029800231128757,-1.0262130580423134
2023-09-30,-0.08292671200650359,0.11940898977620407,-0.3285924891598735,-0.0008481952452732422,2.033698000942774,0.38165890070864794,-0.04028825578706874,-0.19625382347171483,-0.05577602148922889,-2.7730482607814744,-0.3900599225086898,0.0,0.0,-0.03921580455151785,0.0,-1.47252222337646,0.0,0.0,0.0,-0.6885806126479044,-0.30706736482960517,0.0,0.0,1.1450858768316419,0.2683861811429322,0.21476960662807354,0.2551077294366211,0.24645174122821523,0.29694328290130745,-0.06008199718203766,-1.5711125347607435
2023-12-31,1.6307776544110641,-0.17070984448985804,-0.08268675191974717,-0.0029932804387566847,0.8504517824616364,0.4590140443953894,-0.07674835938633606,-0.13453207841603865,-0.043532271624124874,-4.02162079650219,-0.011819714867977726,0.0,0.0,-0.04146187772882115,0.0,-1.2959289629040693,0.0,0.0,0.0,0.3630062912802323,-0.3545566436493952,0.0,0.0,0.40761668119912997,0.23109475134985846,0.22768904275456414,0.23563786308626877,0.23992205713083692,0.30001411658124866,-0.059866933387353605,-1.4779087452582162
2024-03-31,-0.31254444016162175,0.2868926681606654,0.24372241324410737,0.0021095679575422466,0.08726153259186464,0.026664154593780687,0.057968646246675526,-0.4330861510327022,-0.01744925299721478,-0.9110355679305737,-0.8965529707518516,0.0,0.0,-0.06340692605868448,0.0,-0.941940415649456,0.0,0.0,0.0,0.05368244827956836,0.2599082958683496,0.0,0.0,1.4605031171225136,0.31947875927980096,0.2164771306796487,0.21098428260020174,0.21651605439017008,0.2907650231457559,-0.05965280675436224,0.07098830948917279
2024-06-30,1.164805673033431,-0.34851757032196007,-0.2989038667435162,-0.0008697940600321807,0.7266288303787949,0.10587487105915283,-0.028079737538644345,-0.15577825652938193,-0.010220554645523627,-3.1433644996289756,-0.5867641394113443,0.0,0.0,-0.04815419402374177,0.0,-0.805610495629272,0.0,0.0,0.0,-0.17356295747674721,0.15805326088476068,0.0,0.0,1.2495258741938908,0.20176544971950428,0.15333391790111062,0.16640816111186396,0.17891383171360076,0.2517905744436666,-0.059439613129153024,-1.39032111664954
2024-09-30,-0.2082917309722987,-0.2963396130995055,-0.0415019164051178,-0.00010858851388073631,0.2244829364766998,0.12000158309801723,0.02425025986030338,-0.0681272710377323,0.004791805505988123,-1.0776318365201543,-0.5448768888893119,0.0,0.0,-0.047201301854415956,0.0,-0.6041744185188103,0.0,0.0,0.0,0.28065490034299145,0.09547901976407758,0.0,0.0,0.5483868290613314,0.11961363009296289,0.09920027607375204,0.12236048486995443,0.14437742950337284,0.20757394142849606,-0.059227348375356925,-0.9802014247461965
2024-12-31,-0.20089762960691093,-0.25378537919589217,0.03998163449494552,-1.1347347517176587e-5,0.06512937639511218,0.10413671210518505,0.017926232477272208,-0.050098189942482385,0.010007986744642317,-0.4037858983159781,-0.5144320285194626,0.0,0.0,-0.045864168426823504,0.0,-0.4621430393740633,0.0,0.0,0.0,0.20152681440703812,0.06857743953350148,0.0,0.0,0.23057159615138545,0.05905053038319785,0.062207881212694716,0.08199734165568184,0.10775380294809622,0.16768911546773957,-0.059016008373158346,-0.7878705932950814
2025-03-31,-0.19859220462447036,-0.21803119630565693,0.06915075177615915,3.241577162249598e-6,0.007082342129027808,0.08147118235015682,0.010910986741663464,-0.04666997758847602,0.011884009532003859,-0.18966757852890703,-0.48514448607224203,0.0,0.0,-0.04444830489577223,0.0,-0.3553687750986634,0.0,0.0,0.0,0.14472426838787467,0.049257347764930515,0.0,0.0,0.11894120361599647,0.028402516357006746,0.03263838497593596,0.05118162684254468,0.07138458604627473,0.12374690096679242,-0.05880558901827371,-0.8087283798228206
2025-06-30,-0.1978488722125027,-0.1876494048040911,0.08230464774396928,4.978640366637421e-6,-0.020004918384719517,0.05823326880287638,0.006085626091323348,-0.04533587712027831,0.012717179456633865,-0.11753017685248723,-0.4546528746270595,0.0,0.0,-0.04304235880172591,0.0,-0.2732158544591856,0.0,0.0,0.0,0.10394044787833678,0.03538120281889601,0.0,0.0,0.08039446006335993,0.01698581994002968,0.016815350813192964,0.0276093548009948,0.043996406528368226,0.08089124970993566,-0.05859608622096335,-0.8448370754726264
2025-09-30,-0.19749153347223825,-0.16171230178015916,0.0901243991207501,4.23873105503958e-6,-0.03677803314060535,0.03611241832510714,0.0032270922386556933,-0.0438169247941933,0.013136208488706558,-0.0885721002880202,-0.42284381908963553,0.0,0.0,-0.04167146892006812,0.0,-0.2095083111562257,0.0,0.0,0.0,0.07465393884713567,0.025414563010461855,0.0,0.0,0.06519749226836513,0.012657575129826348,0.010713079960389393,0.01458420432673968,0.023995765672335523,0.04924573365121532,-0.05838749590504344,-0.8536635103184365
2025-12-31,-0.1971166800396884,-0.13951661998037324,0.0957887979851968,3.0398816130983164e-6,-0.04937305526462321,0.015545247825676789,0.001656872484412375,-0.04197230524579654,0.013318329173084287,-0.07310851273150121,-0.3901878196562736,0.0,0.0,-0.04034214098785904,0.0,-0.15995258957181013,0.0,0.0,0.0,0.053621476700094206,0.01825571279168159,0.0,0.0,0.057350095684971514,0.010656786076790326,0.008263423806265102,0.009453160527095328,0.012639676148107348,0.02695589221446415,-0.05817981400716432,-0.8377631304909094
2026-03-31,-0.19658665994615188,-0.12049118670484082,0.10027927926605784,1.8593463657623488e-6,-0.05968062189867229,-0.0033738727310050898,0.00083739898384394,-0.03996244060194831,0.013322939709992099,-0.062319169828572996,-0.3572535636846008,0.0,0.0,-0.039055393994424925,0.0,-0.12133223427256423,0.0,0.0,0.0,0.03851568898725066,0.013113521127006145,0.0,0.0,0.05196719245941228,0.009426474726081935,0.007034571757369434,0.007323144124926628,0.00809887944119847,0.01395356640558898,-0.057973036476166584,-0.805190380974552
2026-06-30,-0.1958602912865981,-0.10415978254638691,0.10393239263315479,8.143453023023994e-7,-0.06834617578526103,-0.020647825496078465,0.00042913309901138064,-0.037912444833920755,0.013180245481447805,-0.0535689894667013,-0.32456949589423356,0.0,0.0,-0.037810620342004775,0.0,-0.09118436857640244,0.0,0.0,0.0,0.027665964039758073,0.009419828383894213,0.0,0.0,0.0475804800386781,0.008486249707218008,0.006225029563555751,0.006209172988547174,0.006175239706807112,0.008690625092921955,-0.0577671592722484,-0.7643526364394138
2026-09-30,-0.1949333335824588,-0.09012160996073604,0.1068940385084094,-7.392690903884613e-8,-0.07564756117347526,-0.03631327283173391,0.00023684577921123662,-0.03588982637823257,0.01291347123220099,-0.04604222478453712,-0.2925882465994678,0.0,0.0,-0.0366067257852265,0.0,-0.06761599598897883,0.0,0.0,0.0,0.019872869439274687,0.006766575312378009,0.0,0.0,0.04374238772699712,0.007689054571535792,0.005585754492787309,0.005453859588766541,0.005147403220262525,0.0064292771687401995,-0.05756217836659916,-0.7226056822373206
2026-12-31,-0.19381630749356615,-0.07803819755143326,0.10925225676479133,-8.111264104826432e-7,-0.0817515907756805,-0.05042442338719644,0.00015387404173061725,-0.033926880924073366,0.012543743511317373,-0.03945640709795972,-0.26168173158287455,0.0,0.0,-0.0354424711692336,0.0,-0.049172738179437125,0.0,0.0,0.0,0.014275131450447454,0.004860673747519861,0.0,0.0,0.04030626170279383,0.006987704545080575,0.005039286395636111,0.004851760571100705,0.004442806886206796,0.005205771773253431,-0.05735808974063339,-0.6826897899219198
2027-03-31,-0.19252568122889446,-0.06762329925523725,0.11107591121857219,-1.4102275791572083e-6,-0.08678878805534751,-0.0630480831217195,0.0001238521404323123,-0.03203824977454639,0.012090786813656607,-0.033685244078085486,-0.2321454228292441,0.0,0.0,-0.034316579042892315,0.0,-0.03473733492930231,0.0,0.0,0.0,0.010254230512463103,0.0034916056646849825,0.0,0.0,0.03721347777347894,0.006364513460677124,0.0045596546389470305,0.004338055389929707,0.0038815351411480847,0.004364055947769785,-0.05715488938567992,-0.6454017991651018
2027-06-30,-0.19108012104982475,-0.058634625771147864,0.11242584028574587,-1.8857927108761885e-6,-0.09087490260420994,-0.0742609919152093,0.00011776488169079613,-0.03023027308212134,0.011572791637326496,-0.028648489705707103,-0.20420528123792359,0.0,0.0,-0.033227770304811166,0.0,-0.023450351667575475,0.0,0.0,0.0,0.00736594539489932,0.002508157151792645,0.0,0.0,0.03443102395253028,0.005810472299661029,0.004136135870846935,0.0038901841979077645,0.003406055204902003,0.0036968505936485485,-0.05695257330246006,-0.6108875196347618
2027-09-30,-0.18949877824399053,-0.050866930158299795,0.11335798140554854,-2.25222896999e-6,-0.09411689307950999,-0.08414750320634434,0.00012106222646579567,-0.02850536694837258,0.01100623405023704,-0.024280074775306915,-0.1780253158500833,0.0,0.0,-0.03217477942993874,0.0,-0.01464875307098934,0.0,0.0,0.0,0.005291218309766421,0.0018017100482214943,0.0,0.0,0.03193338316915817,0.005319161796180083,0.003762535421403257,0.003498147040503774,0.0029956759286520196,0.0031370051634560525,-0.05675113750088778,-0.5790929199202433
2027-12-31,-0.18780044721583566,-0.04414618741320764,0.11392418953439787,-2.523227571327169e-6,-0.09661443930712998,-0.09279734777473125,0.00012669339255477752,-0.026863967007151324,0.010405784488543013,-0.020519146648412256,-0.15371509117275695,0.0,0.0,-0.0311563626162914,0.0,-0.007818802530290547,0.0,0.0,0.0,0.0038008797919486526,0.0012942419995720655,0.0,0.0,0.029697404798190163,0.004885003299781587,0.003434061380858111,0.003155722827341556,0.002640703826872759,0.0026596334822492906,-0.05655057799959229,-0.5499070410977858
2028-03-31,-0.18600312206018543,-0.03832468773794506,0.11417242612301592,-2.7115689027468193e-6,-0.09846023060148257,-0.10030353952255044,0.00013143220043421167,-0.025305387760743425,0.009784302031090597,-0.017307784505182777,-0.13133692980732414,0.0,0.0,-0.030171303145776207,0.0,-0.002560236487048062,0.0,0.0,0.0,0.0027303196857397793,0.0009297076142500416,0.0,0.0,0.02770096602189298,0.004502778798554097,0.003146432635281471,0.002857912058917833,0.0023348028521885666,0.0022525279029572687,-0.056350890825629385,-0.5232049690054197
2028-06-30,-0.18412375026276573,-0.033276901032408546,0.11414680680386091,-2.8290517706253127e-6,-0.09973997926320255,-0.10676049232323237,0.000133971318372339,-0.023828221448085607,0.009152889219166127,-0.014590622536070352,-0.11091270069659709,0.0,0.0,-0.02921841529472946,0.0,0.0014408358171458246,0.0,0.0,0.0,0.001961297708241716,0.0006678478152055689,0.0,0.0,0.025922722438487256,0.004167518084274846,0.0028956385857537015,0.0026002094003496623,0.0020727705478229552,0.001907411749813015,-0.05615207201434824,-0.49885982763062664
2028-09-30,-0.18217809343931135,-0.028895993952082755,0.11388764604913781,-2.8864729939570566e-6,-0.1005324301010524,-0.11226238250546805,0.00013394617277562304,-0.02243054536302802,0.008520985910998036,-0.012314977984040354,-0.09243013841270242,0.0,0.0,-0.028296547257045113,0.0,0.004432362929529532,0.0,0.0,0.0,0.001408880024666992,0.00047974316006449413,0.0,0.0,0.024342154469558785,0.0038744883373187378,0.002677885737689678,0.00237840875467743,0.001849905770789917,0.0016173931230989425,-0.05595411760916935,-0.47674549215932505
2028-12-31,-0.18018065249799653,-0.025090898969137854,0.11343153375307224,-2.893633754830205e-6,-0.10090943584482037,-0.116901763983146,0.00013143985120311896,-0.02111004878467826,0.007896486728009577,-0.010431071333916186,-0.07584866517789113,0.0,0.0,-0.02740458328199802,0.0,0.0066117266387832885,0.0,0.0,0.0,0.0010120566907412254,0.0003446197701650888,0.0,0.0,0.02293967656361584,0.0036192085565600607,0.0024895949810810336,0.0021885599514659404,0.0016618386831535048,0.0013762401503747412,-0.055757023661584526,-0.45673675416058046
2029-03-31,-0.17814463554980398,-0.021783849842171854,0.11281144826689182,-2.859362635554419e-6,-0.10093610860469893,-0.1207684270525533,0.00012673405755947442,-0.019864124207569223,0.007285871388806875,-0.008892219496670073,-0.06110470311254668,0.0,0.0,-0.02654144514830925,0.0,0.008137308015343514,0.0,0.0,0.0,0.000727002512435071,0.0002475549803815369,0.0,0.0,0.021696741642718287,0.0033974663269153993,0.002327409871094588,0.0020269656678228998,0.0015044916357842553,0.0011781844453606638,-0.05556078623055738,-0.43870900730655915
2029-06-30,-0.1760819564355809,-0.018908310637322234,0.1120569017016404,-2.791550879344129e-6,-0.1006710400590416,-0.12394848379774226,0.00012018491331033943,-0.018689940511018577,0.006694340507285013,-0.007654971007964306,-0.04811647546392184,0.0,0.0,-0.025706093068034175,0.0,0.009137194078490118,0.0,0.0,0.0,0.0005222364222179365,0.00017782925407772154,0.0,0.0,0.02059592255638787,0.003205330704081355,0.0021882045846410847,0.0018901862949061154,0.0013740741972911863,0.0010178734522359179,-0.05536540138302293,-0.42253805662173516
2029-09-30,-0.17400325625739343,-0.01640723637033048,0.11119411115310118,-2.697196355150311e-6,-0.10016657843471277,-0.12652365946671518,0.00011216176627470986,-0.01758450499630415,0.006125951687363518,-0.0066791793247089615,-0.036788304284318674,0.0,0.0,-0.024897526101697043,0.0,0.009715744045091235,0.0,0.0,0.0,0.00037514445228037374,0.00012774231679113512,0.0,0.0,0.019620967255473687,0.003039159865037,0.0020690886127328056,0.0017750436944519166,0.0012670844262263614,0.0008903610986932264,-0.05517086519339909,-0.40810018590020647
2029-12-31,-0.17191794256768977,-0.014231612714776798,0.11024618935377983,-2.582454139421486e-6,-0.09946914976126653,-0.1285707680086512,0.00010301771020682082,-0.01654471708716354,0.005583752319915369,-0.005928018816470093,-0.027014418966175846,0.0,0.0,-0.02411478215837981,0.0,0.009958556384148665,0.0,0.0,0.0,0.0002694821411353132,9.17627458907333e-5,0.0,0.0,0.01875682903031972,0.0028956036490113135,0.001967407730307791,0.0016786216311626134,0.0011803086765072024,0.0007911050049713708,-0.05497717374387534,-0.3952724681122399
2030-03-31,-0.16983424210764708,-0.012339230256019906,0.10923334874912705,-2.452691061360923e-6,-0.0986196116106064,-0.1301613500588772,9.307606789743517e-5,-0.015567414942363467,0.005069906620969178,-0.005367950684842526,-0.01868229553972922,0.0,0.0,-0.0233569376470788,0.0,0.009936242557317954,0.0,0.0,0.0,0.0001935804587960277,6.591709127423684e-5,0.0,0.0,0.01798967458819245,0.0027716015530421245,0.0018807415269606054,0.00159826267842611,0.0011108181610097745,0.0007159616016050308,-0.05478432312402415,-0.38393325978887116
2030-06-30,-0.16775926374635874,-0.010693655639903987,0.10817311367352644,-2.312543390114996e-6,-0.0976536287103702,-0.13136145241727792,8.262494033406398e-5,-0.014649415679957034,0.004585815276803018,-0.004968646669811783,-0.011675550901812937,0.0,0.0,-0.022623106840113927,0.0,0.009707310940454406,0.0,0.0,0.0,0.00013905707396677514,4.735105778586046e-5,0.0,0.0,0.017306873122868716,0.0026643768645362442,0.0018068979856344924,0.0015315619787958923,0.0010559622245942535,0.0006611772743747579,-0.05459230943117843,-0.37396281339496795
2030-09-30,-0.165699068804126,-0.009263367826173319,0.10708053602186407,-2.1659755211622667e-6,-0.09660206111689051,-0.13223152919662473,7.191585509325193e-5,-0.013787549731736348,0.004132226673814188,-0.004702878257922816,-0.005876419313333159,0.0,0.0,-0.021912441002380767,0.0,0.00932038730971918,0.0,0.0,0.0,9.989061615645056e-5,3.401428498861492e-5,0.0,0.0,0.01669696952395494,0.002571427615682964,0.0017439056328782954,0.001476358382501708,0.0010133587619254314,0.0006233756081108766,-0.05440112877032055,-0.3652439477855429
2030-12-31,-0.16365874635839717,-0.008021032647276272,0.10596841052175066,-2.0163385516802634e-6,-0.09549135694383315,-0.132826446131451,6.116451876092555e-5,-0.012978689796883103,0.003709339148794122,-0.004546378626713032,-0.0011678407141335612,0.0,0.0,-0.02122412733579493,0.0,0.008815940382578269,0.0,0.0,0.0,7.175568614847805e-5,2.443391260431582e-5,0.0,0.0,0.01614964470308955,0.0024905150092680017,0.0016900037648648336,0.0014307235010724284,0.0009808823286050483,0.0005995413375092795,-0.05421077725404899,-0.35766272715460623
2031-03-31,-0.16164249148256093,-0.006942893116113069,0.10484748637111796,-1.8664283341074395e-6,-0.09434394289443704,-0.13319557096694856,5.055265015485588e-5,-0.01221977485215131,0.003316894034988138,-0.00447768392373149,0.002564808228489035,0.0,0.0,-0.020557387781117153,0.0,0.008227637553748224,0.0,0.0,0.0,5.154516904415374e-5,1.755192251540194e-5,0.0,0.0,0.01565566578252131,0.002419649907392518,0.0016436312131329345,0.0013929491789799187,0.0009566504828306677,0.000587001716856328,-0.0540212510027116,-0.3511091099158259
2031-06-30,-0.15965368467610874,-0.006008256524892008,0.10372667262048552,-1.7185416534282183e-6,-0.09317860701681946,-0.1333829343112769,4.023036477285302e-5,-0.011507829674151093,0.0029542595354703494,-0.004477959775406326,0.005432308781250228,0.0,0.0,-0.019911477714762427,0.0,0.0075834235771177205,0.0,0.0,0.0,3.702709383546221e-5,1.2608295252292123e-5,0.0,0.0,0.015206828617619905,0.0023570779168036182,0.0016034140638554462,0.0013615338336991911,0.0009390088525407236,0.0005834059943810033,-0.05383254614457211,-0.34547753926734703
2031-09-30,-0.15769497102360308,-0.005199062426186618,0.10261323522702259,-1.5745300063763068e-6,-0.09201086917479673,-0.13342744681046348,3.0318821031549703e-5,-0.01083998032170852,0.002620505641437454,-0.004530818201153863,0.007540488940005474,0.0,0.0,-0.019285684574144035,0.0,0.006906390798766537,0.0,0.0,0.0,2.659814164474028e-5,9.057076888474569e-6,0.0,0.0,0.01479589484285615,0.002301263535442466,0.00156815269805044,0.001335168065264014,0.0009265153692261663,0.0005867036143580862,-0.053644658815865665,-0.34066745619827365
2031-12-31,-0.15576833786982158,-0.004499518166090066,0.10151298420215671,-1.435851126885268e-6,-0.09085333569497367,-0.13336315995707837,2.0912967291231155e-5,-0.010213466014930006,0.0023144704493827106,-0.004622129399822761,0.008989375280799017,0.0,0.0,-0.018679326438864052,0.0,0.006215491585082056,0.0,0.0,0.0,1.910658051773595e-5,6.506085070689949e-6,0.0,0.0,0.014416525357674459,0.0022508737681059543,0.0015368084657518821,0.0013127198790652272,0.0009179240492596108,0.000595121690727396,-0.0534575851608432,-0.33658372324902874
2032-03-31,-0.15387519002604266,-0.0038957908155112797,0.10043044970828863,-1.3036169921321061e-6,-0.0897160355115556,-0.13321955925561513,1.2084289657821046e-5,-0.009625647830502349,0.0020348183273011244,-0.004739832202715899,0.009872577717073838,0.0,0.0,-0.018091750591908706,0.0,0.005526130266075846,0.0,0.0,0.0,1.3725072522952075e-5,4.673598752447106e-6,0.0,0.0,0.01406321189321158,0.0022047615522380326,0.001508490263479878,0.0012932198159454344,0.0009121686488811065,0.0006071422212761135,-0.0532713213318492,-0.3331369534580686
2032-06-30,-0.15201642172623098,-0.0033757461797900845,0.09936904633180976,-1.1786389197965264e-6,-0.08860673588823031,-0.13302187982204838,3.883499788415179e-6,-0.00907401461063273,0.001780090443737059,-0.004873746358058373,0.010276878272286183,0.0,0.0,-0.017522332081332248,0.0,0.004850662054178834,0.0,0.0,0.0,9.85930566077542e-6,3.357245614843407e-6,0.0,0.0,0.013731208056610988,0.002161949284995579,0.0014824412381209129,0.0012758462337947307,0.0009083464658887763,0.0006214794352477071,-0.05308586348972133,-0.3302437437372463
2032-09-30,-0.15019248473320257,-0.0029287271129052606,0.09833122508622338,-1.0614690459931353e-6,-0.08753123645195426,-0.13279143578057706,-3.656879987712358e-6,-0.008556186459196535,0.001548748214452722,-0.005015389234919176,0.010281996508565427,0.0,0.0,-0.01697047229868298,0.0,0.0041988191280983855,0.0,0.0,0.0,7.082360209409444e-6,2.4116528551942906e-6,0.0,0.0,0.013416461009074787,0.0021216126879997077,0.0014580258008489722,0.0012599109421751464,0.000905702511633244,0.0006370575990288785,-0.05290120780357954,-0.3278268155865627
2032-12-31,-0.14840345215638706,-0.0025453646568140975,0.09731861296986555,-9.524385280457182e-7,-0.08649364083687106,-0.13254595603060526,-1.0520062099228511e-5,-0.00806991617158248,0.0013392102385934024,-0.0051577990135665,0.00996050596646647,0.0,0.0,-0.016435597587960427,0.0,0.0035780787330796926,0.0,0.0,0.0,5.08756186068382e-6,1.7323932510748818e-6,0.0,0.0,0.013115544727337891,0.0020830651992431726,0.0014347170974149392,0.0012448453486912925,0.0009036142331497743,0.0006529895427931365,-0.05271735045128123,-0.3258150687262873
2033-03-31,-0.14664907768302538,-0.0022174166166788467,0.09633214012971791,-8.51692405490212e-7,-0.08549660571018913,-0.13229992007984803,-1.6702690663894515e-5,-0.00761308891691348,0.0011498833063283698,-0.005295365963553511,0.009377877821159508,0.0,0.0,-0.01591715789582837,0.0,0.002993984236199232,0.0,0.0,0.0,3.654612923398304e-6,1.244452096926807e-6,0.0,0.0,0.012825595603227491,0.0020457430424780654,0.0014120850470922264,0.0012301872419850923,0.0009015769240283689,0.00066855611176031,-0.05253428761937684,-0.32414355509007287
2033-06-30,-0.14492885004731004,-0.0019376290918970973,0.0953721548680786,-7.592208195461581e-7,-0.08454156734737373,-0.1320648886816378,-2.221270102298334e-5,-0.007183720464298826,0.0009791880479781412,-0.005423673000393148,0.008592629887882453,0.0,0.0,-0.015414625471410481,0.0,0.002450427235767272,0.0,0.0,0.0,2.625264561295637e-6,8.939430529153469e-7,0.0,0.0,0.012544250965329518,0.0020091910837738425,0.0013897850369648523,0.0012155683037251563,0.0008991899283161686,0.0006831866971479528,-0.05235201550325419,-0.3227533817966588
2033-09-30,-0.1432420426667136,-0.0016996172442218516,0.09443852688022503,-6.748873904172115e-7,-0.08362894624600603,-0.1318498249614053,-2.706735112711911e-5,-0.006779954215441197,0.0008255797812717347,-0.005539346354732633,0.007656561067781453,0.0,0.0,-0.014927493622185484,0.0,0.0019498967606335071,0.0,0.0,0.0,1.8858396622078999e-6,6.42157527153131e-7,0.0,0.0,0.012269590961855315,0.0019730495570691176,0.0013675473294449958,0.0012007024130511468,0.0008961437118149007,0.0006964409580811903,-0.05217053030761587,-0.3215915523579138
2033-12-31,-0.14158775846219163,-0.001497762219759835,0.09353073922286903,-5.984539974690506e-7,-0.08275833052451276,-0.13166140257887538,-3.129142698288234e-5,-0.006400057280164795,0.0006875650918836129,-0.005639916879518481,0.006615053281344707,0.0,0.0,-0.014455275529567935,0.0,0.001493700114663099,0.0,0.0,0.0,1.354679124432323e-6,4.612891402189234e-7,0.0,0.0,0.012000084105712183,0.0019370417088993008,0.0013451672205233578,0.0011853747853729502,0.0008922078457596072,0.0007079918060259871,-0.051989828246046255,-0.32061075559517427
2034-03-31,-0.13996496995311025,-0.0013271216684818121,0.09264796960455346,-5.296032945523166e-7,-0.08192863905162051,-0.13150429824740906,-3.491562295954154e-5,-0.00604241580416387,0.0005637146518466807,-0.005723692259063107,0.0055074248519249025,0.0,0.0,-0.013997503128326816,0.0,0.001082158861942517,0.0,0.0,0.0,9.731238925780872e-7,3.3136373644993e-7,0.0,0.0,0.011734536678020824,0.001900962390655181,0.0013224959686475302,0.0011694319641541995,0.0008872199286802385,0.0007176096910033181,-0.05180990554194409,-0.319769111611512
2034-06-30,-0.13837255477756605,-0.0011833517456372178,0.09178916164975792,-4.679577170207949e-7,-0.08113826540181446,-0.13138146661703098,-3.79750934809131e-5,-0.0057055297350783185,0.0004526727512610407,-0.005789640165687615,0.004367321157827675,0.0,0.0,-0.013553726049453374,0.0,0.0007147826960984816,0.0,0.0,0.0,6.99036473150727e-7,2.3803270465805326e-7,0.0,0.0,0.011472046085492238,0.0018646676073430513,0.0012994324971593585,0.00115277267087599,0.0008810754503096874,0.0007251482034842383,-0.05163075842800069,-0.3190298838066319
2034-09-30,-0.13680932683539648,-0.001062638841708985,0.09095308682758318,-4.130966235749156e-7,-0.08038520383639725,-0.1312943961355284,-4.050817123957273e-5,-0.005388007186979404,0.00035316398625528933,-0.005837282227183493,0.0032231301426044467,0.0,0.0,-0.013123510628609836,0.0,0.00039042340560513367,0.0,0.0,0.0,5.021477456068624e-7,1.7098908955404113e-7,0.0,0.0,0.011211958191781335,0.0018280650138091659,0.0012759158610764487,0.001135339500613064,0.0008737185871465769,0.0007305309792204895,-0.05145238314674394,-0.31836116537213854
2034-12-31,-0.13527406328783798,-0.0009616395905576169,0.09013839776097488,-3.6457046270754745e-7,-0.07966715857690154,-0.1312433450280981,-4.255524483909312e-5,-0.00508855854499668,0.0002639975081875079,-0.005866598524351119,0.0020984119492695186,0.0,0.0,-0.012706438978182799,0.0,0.00010741077700604507,0.0,0.0,0.0,3.6071421405381443e-7,1.2282876937774745e-7,0.0,0.0,0.010953828573145863,0.0017911053356911566,0.001251918458389234,0.0011171114410624128,0.0008651339066911845,0.0007337398792328642,-0.05127477595082697,-0.31773554804146453
2035-03-31,-0.13376552767561112,-0.0008774279522949513,0.08934367363824247,-3.219133848375577e-7,-0.07898163767374733,-0.13122755699120914,-4.415778770416878e-5,-0.004805990428202733,0.00018406920962998896,-0.00587794221961202,0.0010123335078660034,0.0,0.0,-0.012302108122164146,0.0,-0.00013632798524509937,0.0,0.0,0.0,2.591163728027368e-7,8.823315411632393e-8,0.0,0.0,0.010697387597846664,0.0017537746850093683,0.0012274399591394314,0.0010980971858476352,0.000855338946359474,0.0007348044001487253,-0.05109793310271726,-0.31712978012321535
2035-06-30,-0.1322824894329,-0.0008074483738740312,0.08856745844161296,-2.846532343170338e-7,-0.07832603277919681,-0.13124545658126374,-4.5357528455358676e-5,-0.004539199613151634,0.00011236218202537174,-0.005871963832249083,-1.9899639702725125e-5,0.0,0.0,-0.011910129191661234,0.0,-0.0003431639233220096,0.0,0.0,0.0,1.8613439678460963e-7,6.338165547958852e-8,0.0,0.0,0.010442509186403548,0.001716087727698934,0.0012025019160644135,0.0010783292008653689,0.0008443776259747793,0.0007337922593997348,-0.05092185087541834,-0.3165244200659556
2035-09-30,-0.13082374008819286,-0.0007494741984026554,0.08780829269430246,-2.5232034239763834e-7,-0.07769768612213568,-0.13129482460032538,-4.619575307840407e-5,-0.004287167002381409,4.794575201305662e-5,-0.005849544609359825,-0.0009866206666098165,0.0,0.0,-0.011530126678638286,0.0,-0.000515675808054894,0.0,0.0,0.0,1.3370824447633822e-7,4.552971333282585e-8,0.0,0.0,0.010189183076736441,0.0016780816564754275,0.0011771430203255662,0.0010578585034837218,0.0008323144465638421,0.0007308010919304664,-0.05074652555225878,-0.31590349100925064
2035-12-31,-0.12938810644484988,-0.0007015706320778747,0.08706473940092163,-2.2445432179551972e-7,-0.07709394594747065,-0.13137295404713756,-4.671272803014048e-5,-0.004048951706847603,-1.0026633667781226e-5,-0.005811738396577226,-0.0018792931153366332,0.0,0.0,-0.011161737744935785,0.0,-0.0006565722644569227,0.0,0.0,0.0,9.60483248491073e-8,3.270592685566953e-8,0.0,0.0,0.009937490395928172,0.0016398109187854004,0.001151414958266983,0.0010367501052543915,0.0008192294251196941,0.0007259511870527646,-0.05057195342721421,-0.3152541409929155
2036-03-31,-0.1279744610348521,-0.0006620616919805755,0.08633540482647639,-2.0060979544211932e-7,-0.07651221163889055,-0.13147678741116664,-4.694723396703182e-5,-0.003823685298942614,-6.232043253673325e-5,-0.005759721388476358,-0.0026921209663854917,0.0,0.0,-0.010804611583825618,0.0,-0.0007686254402172743,0.0,0.0,0.0,6.899565363482907e-8,2.3494095557907713e-8,0.0,0.0,0.00968758232138267,0.00160134264577394,0.0011253788277265642,0.0010150790727303516,0.0008052137114411551,0.0007193791928816751,-0.05039813080512934,-0.3145663127467557
2036-06-30,-0.12658173013292418,-0.0006295006507062162,0.0856189547246533,-1.8036057092274405e-7,-0.07594996968540713,-0.13160303625286973,-4.693619892748302e-5,-0.003610566279488303,-0.00010962372916090146,-0.00569474912319734,-0.0034216802343611796,0.0,0.0,-0.010458408830282817,0.0,-0.000854615174084028,0.0,0.0,0.0,4.956248744747427e-8,1.68768110597739e-8,0.0,0.0,0.009439661608401373,0.0015627527264916452,0.0010991020660044981,0.0009929271532982398,0.000790365832736839,0.0007112327119696005,-0.05022505400181787,-0.31383242627087693
2036-09-30,-0.1252088996091194,-0.0006026435685702047,0.08491412658626629,-1.6330279350995625e-7,-0.07540482158644446,-0.1317482841373785,-4.6714420587345984e-5,-0.00340885479217512,-0.0001525514711442355,-0.005618120088135559,-0.0040665743461176795,0.0,0.0,-0.01012280101733154,0.0,-0.0009172826729408889,0.0,0.0,0.0,3.560289840720543e-8,1.21233689753808e-8,0.0,0.0,0.009193966753096028,0.0015241224727402525,0.0010726558481444215,0.0009703799188187645,0.0007747885116815567,0.0007016657116665215,-0.05005271934422906,-0.3130470767564564
2036-12-31,-0.12385501888607653,-0.0005804255676755687,0.08421973843857344,-1.4905752188099086e-7,-0.07487450472134505,-0.1319090740699136,-4.631436766322494e-5,-0.0032178676094618552,-0.00019165005969989934,-0.005531145312676067,-0.004627114801070142,0.0,0.0,-0.00979747007467946,0.0,-0.0009592927533330631,0.0,0.0,0.0,2.5575097595265106e-8,8.708678223001698e-9,0.0,0.0,0.008950758560932748,0.0014855358195120516,0.0010461129089645027,0.0009475243776480013,0.0007585860034353686,0.0006908346748879524,-0.0498811231705365,-0.3122067497890013
2037-03-31,-0.12251920325352383,-0.0005619395519018688,0.08353469468527219,-1.3727179393185907e-7,-0.07435690713176735,-0.13208198164008644,-4.576605037165393e-5,-0.0030369734063007137,-0.0002274021587256314,-0.005435123342534265,-0.005105027965968123,0.0,0.0,-0.009482107866809475,0.0,-0.0009832037494383883,0.0,0.0,0.0,1.837170415797118e-8,6.255795881315862e-9,0.0,0.0,0.008710308894466223,0.0014470770078878203,0.0010195457469830416,0.0009244470070557398,0.0007418619005994387,0.0006788954169056893,-0.04971026183050453,-0.31130955523281933
2037-06-30,-0.12120063477503162,-0.0005464171178970467,0.08285798943423739,-1.2761982581821485e-7,-0.0738500770930739,-0.132263675102251,-4.5096950684886394e-5,-0.0028655883309580688,-0.0002602316066968591,-0.005331320014245744,-0.00550318829963814,0.0,0.0,-0.009176415766609658,0.0,-0.0009914442364866716,0.0,0.0,0.0,1.319717668479825e-8,4.493827532314754e-9,0.0,0.0,0.00847289138143914,0.0014088286992341992,0.0009930251688494707,0.0009012321616763685,0.0007247173544833174,0.0006660004979064382,-0.04954013168559923,-0.31035498070697276
2037-09-30,-0.11989856200753657,-0.0005332114376033203,0.082188707718589,-1.1980296754643405e-7,-0.07335222827177246,-0.132450963624553,-4.4332003612534976e-5,-0.0027031718762615675,-0.00029050833727506387,-0.00522095247810217,-0.00582537783581083,0.0,0.0,-0.008880104262254385,0.0,-0.0009862957658812732,0.0,0.0,0.0,9.480061180511257e-9,3.228084466400105e-9,0.0,0.0,0.008238773871882543,0.0013708704713844,0.000966619136022473,0.0008779608136944006,0.0007072496660320837,0.0006522971645051001,-0.0493707291088441,-0.3093436651310677
2037-12-31,-0.11861229873397772,-0.0005217819185943107,0.0815260249775962,-1.135494809290094e-7,-0.07286174119364164,-0.13264083492015022,-4.3493622192691817e-5,-0.002549223050085647,-0.0003185532286842374,-0.005105176950825907,-0.006076071365690439,0.0,0.0,-0.008592892593961565,0.0,-0.0009698808584368557,0.0,0.0,0.0,6.80993039736677e-9,2.318856218153087e-9,0.0,0.0,0.008008212442245366,0.0013332776518382161,0.0009403918755479523,0.0008547095849298358,0.0006895512016935612,0.0006379257561306417,-0.049202050485386284,-0.3082771924567629
2038-03-31,-0.11734122189358542,-0.0005116804730365132,0.08086920512280216,-1.0861400667749876e-7,-0.07237716167191044,-0.13283048343961656,-4.260175708870051e-5,-0.0024032768404791405,-0.0003446428195608142,-0.004985079713293317,-0.0062602464482974796,0.0,0.0,-0.00831450841800585,0.0,-0.0009441555498868048,0.0,0.0,0.0,4.89190910002435e-9,1.6657786261475849e-9,0.0,0.0,0.007781446761878641,0.0012961204441275243,0.0009144032218078024,0.0008315500330757786,0.0006717085907936848,0.0006230185168654145,-0.04903409221250765,-0.3071579053781859
2038-06-30,-0.11608476887542407,-0.0005025392444180099,0.08021759748144675,-1.0477663181518437e-7,-0.07189719677763717,-0.1330173302572346,-4.167398613974527e-5,-0.0022649009662867314,-0.0003690138411838184,-0.004861670905675908,-0.006383217128502761,0.0,0.0,-0.008044687494823677,0.0,-0.0009109058369594081,0.0,0.0,0.0,3.5140779175435455e-9,1.1965539670200087e-9,0.0,0.0,0.007558696641485341,0.001259463307934361,0.0008887081573094591,0.0008085481560504704,0.0006538021675828176,0.0006076987588921057,-0.048866850699502695,-0.30598873855209874
2038-09-30,-0.11484243432372532,-0.0004940596572855505,0.07957063287016286,-1.0184155740944334e-7,-0.07142070886552165,-0.13319903572682756,-4.072562590495821e-5,-0.002133692902783757,-0.0003918675287706286,-0.004735880709394458,-0.006450490054676905,0.0,0.0,-0.0077831733998001695,0.0,-0.0008717474211050735,0.0,0.0,0.0,2.524291886629726e-9,8.595790745857812e-10,0.0,0.0,0.00734015960479617,0.0012233645559467377,0.00086335652316194,0.000785764084065832,0.0006359056215154979,0.0005920803249237494,-0.04870032236835575,-0.30477307064826764
2038-12-31,-0.11361376658606259,-0.0004860026680097995,0.0789278190220788,-9.9635988348723e-8,-0.07094670810706694,-0.1333735059176111,-3.976986067133481e-5,-0.0020092771697677314,-0.0004133736845046698,-0.0046085575419074765,-0.006467641550300662,0.0,0.0,-0.007529717253540458,0.0,-0.0008281281989264144,0.0,0.0,0.0,1.8133050616597757e-9,6.174616373755271e-10,0.0,0.0,0.007126009331792638,0.001187876134500776,0.0008383928725708145,0.0007632519275935223,0.0006180858223236996,0.000576267306118261,-0.04853450365328582,-0.30351459437034656
2039-03-31,-0.11239836392065161,-0.00047818010718847503,0.07828873556068316,-9.80084902124645e-8,-0.0704743439248201,-0.1335388937716342,-3.8817883962760646e-5,-0.001891302867806921,-0.0004336744732880149,-0.004480467925205289,-0.00644021410323159,0.0,0.0,-0.0072840774699933775,0.0,-0.0007813329992445439,0.0,0.0,0.0,1.3026024703322037e-9,4.4355630279824254e-10,0.0,0.0,0.00691639483816342,0.0011530435584328202,0.0008138564441706464,0.0007410597586909873,0.0006004027927497546,0.000560353971246208,-0.04836939100143489,-0.3022172034629733
2039-06-30,-0.11119587056189761,-0.0004704470122018911,0.07765302868274482,-9.682761259455219e-8,-0.07000289566623241,-0.13369359585060359,-3.787904815366616e-5,-0.0017794414475802434,-0.00045288794052744663,-0.004352297725884746,-0.006373630684786136,0.0,0.0,-0.007046019520318136,0.0,-0.0007324901157956809,0.0,0.0,0.0,9.35695965154082e-10,3.185895991464349e-10,0.0,0.0,0.006711440268625246,0.001118905970409756,0.000789781232812814,0.0007192296969105172,0.0005829098002507749,0.0005444248704522536,-0.04820498087255709,-0.300884895620257
