date,50.0% LB,50.0% UB,mean,HLW,,,date,50.0% LB,50.0% UB,mean,,,,Date,With FG,WithoutFG
3/31/1960,2.12251764833525,2.12251764833525,2.12251764833525,,,,3/31/1960,2.08187546835556,2.08187546835556,2.08187546835556,,,,3/31/1960,2.08187546835556,2.12251764833525
6/30/1960,2.18024167152959,2.18024167152959,2.18024167152959,,,,6/30/1960,2.13898769502456,2.13898769502456,2.13898769502456,,,,6/30/1960,2.13898769502456,2.18024167152959
9/30/1960,2.08247348881749,2.08247348881749,2.08247348881749,,,,9/30/1960,2.04064864769378,2.04064864769378,2.04064864769378,,,,9/30/1960,2.04064864769378,2.08247348881749
12/31/1960,2.16411714553616,2.16411714553616,2.16411714553616,,,,12/31/1960,2.1217581167695,2.1217581167695,2.1217581167695,,,,12/31/1960,2.1217581167695,2.16411714553616
3/31/1961,2.21958849040172,2.21958849040172,2.21958849040172,5.0582,,,3/31/1961,2.17672870485809,2.17672870485809,2.17672870485809,5.0582,,,3/31/1961,2.17672870485809,2.21958849040172
6/30/1961,2.23315609235859,2.23315609235859,2.23315609235859,5.2730,,,6/30/1961,2.1898263320033,2.1898263320033,2.1898263320033,5.2730,,,6/30/1961,2.1898263320033,2.23315609235859
9/30/1961,2.32374017174163,2.32374017174163,2.32374017174163,5.2408,,,9/30/1961,2.27996896336897,2.27996896336897,2.27996896336897,5.2408,,,9/30/1961,2.27996896336897,2.32374017174163
12/31/1961,2.4346177177593,2.4346177177593,2.4346177177593,5.2343,,,12/31/1961,2.39043162029506,2.39043162029506,2.39043162029506,5.2343,,,12/31/1961,2.39043162029506,2.4346177177593
3/31/1962,2.55307736663002,2.55307736663002,2.55307736663002,5.0893,,,3/31/1962,2.50850119877475,2.50850119877475,2.50850119877475,5.0893,,,3/31/1962,2.50850119877475,2.55307736663002
6/30/1962,2.55520889939465,2.55520889939465,2.55520889939465,4.6002,,,6/30/1962,2.51026593125015,2.51026593125015,2.51026593125015,4.6002,,,6/30/1962,2.51026593125015,2.55520889939465
9/30/1962,2.64188090224931,2.64188090224931,2.64188090224931,4.4893,,,9/30/1962,2.59659302364135,2.59659302364135,2.59659302364135,4.4893,,,9/30/1962,2.59659302364135,2.64188090224931
12/31/1962,2.71315801116624,2.71315801116624,2.71315801116624,4.0557,,,12/31/1962,2.66754588402397,2.66754588402397,2.66754588402397,4.0557,,,12/31/1962,2.66754588402397,2.71315801116624
3/31/1963,2.82059912466148,2.82059912466148,2.82059912466148,4.0427,,,3/31/1963,2.77468232403756,2.77468232403756,2.77468232403756,4.0427,,,3/31/1963,2.77468232403756,2.82059912466148
6/30/1963,2.91095486880362,2.91095486880362,2.91095486880362,4.0096,,,6/30/1963,2.86475201542645,2.86475201542645,2.86475201542645,4.0096,,,6/30/1963,2.86475201542645,2.91095486880362
9/30/1963,2.98383874903171,2.98383874903171,2.98383874903171,4.3142,,,9/30/1963,2.93736763495552,2.93736763495552,2.93736763495552,4.3142,,,9/30/1963,2.93736763495552,2.98383874903171
12/31/1963,3.06727214301615,3.06727214301615,3.06727214301615,4.0593,,,12/31/1963,3.02054985831309,3.02054985831309,3.02054985831309,4.0593,,,12/31/1963,3.02054985831309,3.06727214301615
3/31/1964,3.16189000318085,3.16189000318085,3.16189000318085,4.3414,,,3/31/1964,3.11493325476752,3.11493325476752,3.11493325476752,4.3414,,,3/31/1964,3.11493325476752,3.16189000318085
6/30/1964,3.29543196163037,3.29543196163037,3.29543196163037,4.2611,,,6/30/1964,3.24826388758619,3.24826388758619,3.24826388758619,4.2611,,,6/30/1964,3.24826388758619,3.29543196163037
9/30/1964,3.30570247178354,3.30570247178354,3.30570247178354,4.3557,,,9/30/1964,3.25833735626165,3.25833735626165,3.25833735626165,4.3557,,,9/30/1964,3.25833735626165,3.30570247178354
12/31/1964,3.33676996150664,3.33676996150664,3.33676996150664,4.1177,,,12/31/1964,3.28922034576439,3.28922034576439,3.28922034576439,4.1177,,,12/31/1964,3.28922034576439,3.33676996150664
3/31/1965,3.38912562359995,3.38912562359995,3.38912562359995,4.4718,,,3/31/1965,3.34140259662198,3.34140259662198,3.34140259662198,4.4718,,,3/31/1965,3.34140259662198,3.38912562359995
6/30/1965,3.42440437404028,3.42440437404028,3.42440437404028,4.4418,,,6/30/1965,3.37651779835559,3.37651779835559,3.37651779835559,4.4418,,,6/30/1965,3.37651779835559,3.42440437404028
9/30/1965,3.42003364642574,3.42003364642574,3.42003364642574,4.6732,,,9/30/1965,3.3719923352319,3.3719923352319,3.3719923352319,4.6732,,,9/30/1965,3.3719923352319,3.42003364642574
12/31/1965,3.43829333949117,3.43829333949117,3.43829333949117,4.8726,,,12/31/1965,3.39010520341914,3.39010520341914,3.39010520341914,4.8726,,,12/31/1965,3.39010520341914,3.43829333949117
3/31/1966,3.39586736223099,3.39586736223099,3.39586736223099,5.0877,,,3/31/1966,3.34753953446367,3.34753953446367,3.34753953446367,5.0877,,,3/31/1966,3.34753953446367,3.39586736223099
6/30/1966,3.19014913843676,3.19014913843676,3.19014913843676,4.8524,,,6/30/1966,3.14168808318008,3.14168808318008,3.14168808318008,4.8524,,,6/30/1966,3.14168808318008,3.19014913843676
9/30/1966,3.07721230272474,3.07721230272474,3.07721230272474,4.8400,,,9/30/1966,3.02862391039152,3.02862391039152,3.02862391039152,4.8400,,,9/30/1966,3.02862391039152,3.07721230272474
12/31/1966,2.9288631642336,2.9288631642336,2.9288631642336,4.8254,,,12/31/1966,2.88015283585131,2.88015283585131,2.88015283585131,4.8254,,,12/31/1966,2.88015283585131,2.9288631642336
3/31/1967,2.91908718529867,2.91908718529867,2.91908718529867,4.7907,,,3/31/1967,2.87025990816614,2.87025990816614,2.87025990816614,4.7907,,,3/31/1967,2.87025990816614,2.91908718529867
6/30/1967,2.95908735107265,2.95908735107265,2.95908735107265,4.6078,,,6/30/1967,2.91014776740316,2.91014776740316,2.91014776740316,4.6078,,,6/30/1967,2.91014776740316,2.95908735107265
9/30/1967,2.86747743168289,2.86747743168289,2.86747743168289,4.6534,,,9/30/1967,2.81842990180909,2.81842990180909,2.81842990180909,4.6534,,,9/30/1967,2.81842990180909,2.86747743168289
12/31/1967,2.84801731085169,2.84801731085169,2.84801731085169,4.6121,,,12/31/1967,2.79886597249823,2.79886597249823,2.79886597249823,4.6121,,,12/31/1967,2.79886597249823,2.84801731085169
3/31/1968,2.64696958422479,2.64696958422479,2.64696958422479,4.8361,,,3/31/1968,2.59771840936429,2.59771840936429,2.59771840936429,4.8361,,,3/31/1968,2.59771840936429,2.64696958422479
6/30/1968,2.54512594594315,2.54512594594315,2.54512594594315,4.9203,,,6/30/1968,2.49577879684087,2.49577879684087,2.49577879684087,4.9203,,,6/30/1968,2.49577879684087,2.54512594594315
9/30/1968,2.45571308121365,2.45571308121365,2.45571308121365,4.8303,,,9/30/1968,2.40627376744624,2.40627376744624,2.40627376744624,4.8303,,,9/30/1968,2.40627376744624,2.45571308121365
12/31/1968,2.48292000425533,2.48292000425533,2.48292000425533,4.7184,,,12/31/1968,2.43339234277793,2.43339234277793,2.43339234277793,4.7184,,,12/31/1968,2.43339234277793,2.48292000425533
3/31/1969,2.50712298506964,2.50712298506964,2.50712298506964,4.8468,,,3/31/1969,2.45751086582934,2.45751086582934,2.45751086582934,4.8468,,,3/31/1969,2.45751086582934,2.50712298506964
6/30/1969,2.34419096308941,2.34419096308941,2.34419096308941,4.6861,,,6/30/1969,2.29449842327128,2.29449842327128,2.29449842327128,4.6861,,,6/30/1969,2.29449842327128,2.34419096308941
9/30/1969,2.26877594315631,2.26877594315631,2.26877594315631,4.6406,,,9/30/1969,2.21900725392756,2.21900725392756,2.21900725392756,4.6406,,,9/30/1969,2.21900725392756,2.26877594315631
12/31/1969,2.26052758561198,2.26052758561198,2.26052758561198,4.3705,,,12/31/1969,2.21068735620131,2.21068735620131,2.21068735620131,4.3705,,,12/31/1969,2.21068735620131,2.26052758561198
3/31/1970,1.95602929148226,1.95602929148226,1.95602929148226,4.2286,,,3/31/1970,1.90612259652019,1.90612259652019,1.90612259652019,4.2286,,,3/31/1970,1.90612259652019,1.95602929148226
6/30/1970,1.98411292964334,1.98411292964334,1.98411292964334,4.1506,,,6/30/1970,1.93414546662762,1.93414546662762,1.93414546662762,4.1506,,,6/30/1970,1.93414546662762,1.98411292964334
9/30/1970,1.60315258368753,1.60315258368753,1.60315258368753,4.1888,,,9/30/1970,1.55313086748651,1.55313086748651,1.55313086748651,4.1888,,,9/30/1970,1.55313086748651,1.60315258368753
12/31/1970,1.40856741669364,1.40856741669364,1.40856741669364,3.8308,,,12/31/1970,1.35849901528595,1.35849901528595,1.35849901528595,3.8308,,,12/31/1970,1.35849901528595,1.40856741669364
3/31/1971,1.51908627412046,1.51908627412046,1.51908627412046,4.2327,,,3/31/1971,1.46898007956059,1.46898007956059,1.46898007956059,4.2327,,,3/31/1971,1.46898007956059,1.51908627412046
6/30/1971,1.43411170855452,1.43411170855452,1.43411170855452,4.0111,,,6/30/1971,1.38397820696087,1.38397820696087,1.38397820696087,4.0111,,,6/30/1971,1.38397820696087,1.43411170855452
9/30/1971,1.38534729404294,1.38534729404294,1.38534729404294,3.8671,,,9/30/1971,1.33519870530952,1.33519870530952,1.33519870530952,3.8671,,,9/30/1971,1.33519870530952,1.38534729404294
12/31/1971,1.41211500589365,1.41211500589365,1.41211500589365,3.5751,,,12/31/1971,1.36184802013524,1.36184802013524,1.36184802013524,3.5751,,,12/31/1971,1.36184802013524,1.41211500589365
3/31/1972,1.5853115115653,1.5853115115653,1.5853115115653,3.7314,,,3/31/1972,1.53493317022711,1.53493317022711,1.53493317022711,3.7314,,,3/31/1972,1.53493317022711,1.5853115115653
6/30/1972,1.66972342346264,1.66972342346264,1.66972342346264,3.8430,,,6/30/1972,1.61923989078788,1.61923989078788,1.61923989078788,3.8430,,,6/30/1972,1.61923989078788,1.66972342346264
9/30/1972,1.65859365943603,1.65859365943603,1.65859365943603,3.7148,,,9/30/1972,1.60801028272361,1.60801028272361,1.60801028272361,3.7148,,,9/30/1972,1.60801028272361,1.65859365943603
12/31/1972,1.62007154361187,1.62007154361187,1.62007154361187,3.7747,,,12/31/1972,1.56939301792763,1.56939301792763,1.56939301792763,3.7747,,,12/31/1972,1.56939301792763,1.62007154361187
3/31/1973,2.18729843232247,2.18729843232247,2.18729843232247,3.9965,,,3/31/1973,2.13652898377591,2.13652898377591,2.13652898377591,3.9965,,,3/31/1973,2.13652898377591,2.18729843232247
6/30/1973,2.10028768144257,2.10028768144257,2.10028768144257,4.0245,,,6/30/1973,2.04943123844438,2.04943123844438,2.04943123844438,4.0245,,,6/30/1973,2.04943123844438,2.10028768144257
9/30/1973,2.06802111331202,2.06802111331202,2.06802111331202,3.7476,,,9/30/1973,2.01708145856382,2.01708145856382,2.01708145856382,3.7476,,,9/30/1973,2.01708145856382,2.06802111331202
12/31/1973,1.97303465847502,1.97303465847502,1.97303465847502,3.8696,,,12/31/1973,1.92201556328652,1.92201556328652,1.92201556328652,3.8696,,,12/31/1973,1.92201556328652,1.97303465847502
3/31/1974,2.04765699859908,2.04765699859908,2.04765699859908,3.6468,,,3/31/1974,1.9965623440074,1.9965623440074,1.9965623440074,3.6468,,,3/31/1974,1.9965623440074,2.04765699859908
6/30/1974,1.94326237913984,1.94326237913984,1.94326237913984,3.7549,,,6/30/1974,1.89209626881932,1.89209626881932,1.89209626881932,3.7549,,,6/30/1974,1.89209626881932,1.94326237913984
9/30/1974,1.69480432891897,1.69480432891897,1.69480432891897,3.5903,,,9/30/1974,1.64357119854304,1.64357119854304,1.64357119854304,3.5903,,,9/30/1974,1.64357119854304,1.69480432891897
12/31/1974,1.20288953073411,1.20288953073411,1.20288953073411,3.4261,,,12/31/1974,1.15159425791601,1.15159425791601,1.15159425791601,3.4261,,,12/31/1974,1.15159425791601,1.20288953073411
3/31/1975,1.28284138403241,1.28284138403241,1.28284138403241,2.9637,,,3/31/1975,1.23148940247491,1.23148940247491,1.23148940247491,2.9637,,,3/31/1975,1.23148940247491,1.28284138403241
6/30/1975,1.54930320556026,1.54930320556026,1.54930320556026,2.8574,,,6/30/1975,1.49790062666417,1.49790062666417,1.49790062666417,2.8574,,,6/30/1975,1.49790062666417,1.54930320556026
9/30/1975,1.75695720969713,1.75695720969713,1.75695720969713,2.9671,,,9/30/1975,1.70551095462674,1.70551095462674,1.70551095462674,2.9671,,,9/30/1975,1.70551095462674,1.75695720969713
12/31/1975,1.72325243965911,1.72325243965911,1.72325243965911,2.9940,,,12/31/1975,1.67177038472739,1.67177038472739,1.67177038472739,2.9940,,,12/31/1975,1.67177038472739,1.72325243965911
3/31/1976,1.79083990829936,1.79083990829936,1.79083990829936,3.1564,,,3/31/1976,1.73933104650027,1.73933104650027,1.73933104650027,3.1564,,,3/31/1976,1.73933104650027,1.79083990829936
6/30/1976,1.97197242312395,1.97197242312395,1.97197242312395,2.8908,,,6/30/1976,1.92044704469446,1.92044704469446,1.92044704469446,2.8908,,,6/30/1976,1.92044704469446,1.97197242312395
9/30/1976,2.02900475598522,2.02900475598522,2.02900475598522,2.8179,,,9/30/1976,1.97747465103096,1.97747465103096,1.97747465103096,2.8179,,,9/30/1976,1.97747465103096,2.02900475598522
12/31/1976,1.8966780130903,1.8966780130903,1.8966780130903,2.7879,,,12/31/1976,1.84515669959817,1.84515669959817,1.84515669959817,2.7879,,,12/31/1976,1.84515669959817,1.8966780130903
3/31/1977,2.09682711884224,2.09682711884224,2.09682711884224,2.8457,,,3/31/1977,2.0453300999369,2.0453300999369,2.0453300999369,2.8457,,,3/31/1977,2.0453300999369,2.09682711884224
6/30/1977,2.20175412331783,2.20175412331783,2.20175412331783,2.9669,,,6/30/1977,2.15029917864628,2.15029917864628,2.15029917864628,2.9669,,,6/30/1977,2.15029917864628,2.20175412331783
9/30/1977,2.26914441023484,2.26914441023484,2.26914441023484,3.0893,,,9/30/1977,2.21775192841934,2.21775192841934,2.21775192841934,3.0893,,,9/30/1977,2.21775192841934,2.26914441023484
12/31/1977,2.37349555321801,2.37349555321801,2.37349555321801,2.7887,,,12/31/1977,2.32218891652888,2.32218891652888,2.32218891652888,2.7887,,,12/31/1977,2.32218891652888,2.37349555321801
3/31/1978,2.50485655416222,2.50485655416222,2.50485655416222,2.6991,,,3/31/1978,2.45366259525893,2.45366259525893,2.45366259525893,2.6991,,,3/31/1978,2.45366259525893,2.50485655416222
6/30/1978,2.48504000962629,2.48504000962629,2.48504000962629,3.3668,,,6/30/1978,2.43398957817332,2.43398957817332,2.43398957817332,3.3668,,,6/30/1978,2.43398957817332,2.48504000962629
9/30/1978,2.4865707793908,2.4865707793908,2.4865707793908,3.2843,,,9/30/1978,2.43569949328456,2.43569949328456,2.43569949328456,3.2843,,,9/30/1978,2.43569949328456,2.4865707793908
12/31/1978,2.46743250390145,2.46743250390145,2.46743250390145,3.3912,,,12/31/1978,2.41678183535258,2.41678183535258,2.41678183535258,3.3912,,,12/31/1978,2.41678183535258,2.46743250390145
3/31/1979,2.44359103218108,2.44359103218108,2.44359103218108,3.1046,,,3/31/1979,2.39321003222724,2.39321003222724,2.39321003222724,3.1046,,,3/31/1979,2.39321003222724,2.44359103218108
6/30/1979,2.2450371876948,2.2450371876948,2.2450371876948,3.2473,,,6/30/1979,2.19498546136277,2.19498546136277,2.19498546136277,3.2473,,,6/30/1979,2.19498546136277,2.2450371876948
9/30/1979,2.28247297521705,2.28247297521705,2.28247297521705,3.2873,,,9/30/1979,2.23282613272219,2.23282613272219,2.23282613272219,3.2873,,,9/30/1979,2.23282613272219,2.28247297521705
12/31/1979,2.20462216688829,2.20462216688829,2.20462216688829,3.2574,,,12/31/1979,2.15548216676703,2.15548216676703,2.15548216676703,3.2574,,,12/31/1979,2.15548216676703,2.20462216688829
3/31/1980,2.0919829612791,2.0919829612791,2.0919829612791,3.3775,,,3/31/1980,2.04261563100432,2.04261563100432,2.04261563100432,3.3775,,,3/31/1980,2.04261563100432,2.0919829612791
6/30/1980,1.39016423622952,1.39016423622952,1.39016423622952,2.9076,,,6/30/1980,1.34069314716921,1.34069314716921,1.34069314716921,2.9076,,,6/30/1980,1.34069314716921,1.39016423622952
9/30/1980,1.64903084909247,1.64903084909247,1.64903084909247,2.9567,,,9/30/1980,1.59934131313493,1.59934131313493,1.59934131313493,2.9567,,,9/30/1980,1.59934131313493,1.64903084909247
12/31/1980,1.46672074658604,1.46672074658604,1.46672074658604,3.3796,,,12/31/1980,1.41692242903872,1.41692242903872,1.41692242903872,3.3796,,,12/31/1980,1.41692242903872,1.46672074658604
3/31/1981,1.68780452632597,1.68780452632597,1.68780452632597,3.5982,,,3/31/1981,1.6378010240973,1.6378010240973,1.6378010240973,3.5982,,,3/31/1981,1.6378010240973,1.68780452632597
6/30/1981,1.81485873947052,1.81485873947052,1.81485873947052,3.2254,,,6/30/1981,1.76475527105621,1.76475527105621,1.76475527105621,3.2254,,,6/30/1981,1.76475527105621,1.81485873947052
9/30/1981,2.20877203992,2.20877203992,2.20877203992,3.4748,,,9/30/1981,2.15847700630981,2.15847700630981,2.15847700630981,3.4748,,,9/30/1981,2.15847700630981,2.20877203992
12/31/1981,2.03213415423403,2.03213415423403,2.03213415423403,3.1799,,,12/31/1981,1.98175099263449,1.98175099263449,1.98175099263449,3.1799,,,12/31/1981,1.98175099263449,2.03213415423403
3/31/1982,2.07399823287976,2.07399823287976,2.07399823287976,2.7766,,,3/31/1982,2.02343585365341,2.02343585365341,2.02343585365341,2.7766,,,3/31/1982,2.02343585365341,2.07399823287976
6/30/1982,2.23195430651748,2.23195430651748,2.23195430651748,2.8450,,,6/30/1982,2.18131519335589,2.18131519335589,2.18131519335589,2.8450,,,6/30/1982,2.18131519335589,2.23195430651748
9/30/1982,1.96178115278322,1.96178115278322,1.96178115278322,2.8145,,,9/30/1982,1.91097335306172,1.91097335306172,1.91097335306172,2.8145,,,9/30/1982,1.91097335306172,1.96178115278322
12/31/1982,1.54186935795741,1.54186935795741,1.54186935795741,2.7234,,,12/31/1982,1.49099478336669,1.49099478336669,1.49099478336669,2.7234,,,12/31/1982,1.49099478336669,1.54186935795741
3/31/1983,1.98018760322943,1.98018760322943,1.98018760322943,2.8301,,,3/31/1983,1.92920146064083,1.92920146064083,1.92920146064083,2.8301,,,3/31/1983,1.92920146064083,1.98018760322943
6/30/1983,2.30986383362815,2.30986383362815,2.30986383362815,2.8558,,,6/30/1983,2.2586760787599,2.2586760787599,2.2586760787599,2.8558,,,6/30/1983,2.2586760787599,2.30986383362815
9/30/1983,2.60858763748253,2.60858763748253,2.60858763748253,3.1755,,,9/30/1983,2.55729629117818,2.55729629117818,2.55729629117818,3.1755,,,9/30/1983,2.55729629117818,2.60858763748253
12/31/1983,2.71324535586365,2.71324535586365,2.71324535586365,3.1120,,,12/31/1983,2.6619481785516,2.6619481785516,2.6619481785516,3.1120,,,12/31/1983,2.6619481785516,2.71324535586365
3/31/1984,2.81245513455071,2.81245513455071,2.81245513455071,3.2442,,,3/31/1984,2.76106030121969,2.76106030121969,2.76106030121969,3.2442,,,3/31/1984,2.76106030121969,2.81245513455071
6/30/1984,3.06562874884033,3.06562874884033,3.06562874884033,3.3844,,,6/30/1984,3.01404344070852,3.01404344070852,3.01404344070852,3.3844,,,6/30/1984,3.01404344070852,3.06562874884033
9/30/1984,2.79326423600392,2.79326423600392,2.79326423600392,3.2858,,,9/30/1984,2.74158604975715,2.74158604975715,2.74158604975715,3.2858,,,9/30/1984,2.74158604975715,2.79326423600392
12/31/1984,2.63295594731181,2.63295594731181,2.63295594731181,3.1899,,,12/31/1984,2.58128212832821,2.58128212832821,2.58128212832821,3.1899,,,12/31/1984,2.58128212832821,2.63295594731181
3/31/1985,3.14764450110192,3.14764450110192,3.14764450110192,3.4891,,,3/31/1985,3.09588106118312,3.09588106118312,3.09588106118312,3.4891,,,3/31/1985,3.09588106118312,3.14764450110192
6/30/1985,2.89885974071488,2.89885974071488,2.89885974071488,3.3737,,,6/30/1985,2.84691219889877,2.84691219889877,2.84691219889877,3.3737,,,6/30/1985,2.84691219889877,2.89885974071488
9/30/1985,2.9608760922481,2.9608760922481,2.9608760922481,3.5353,,,9/30/1985,2.90884154379725,2.90884154379725,2.90884154379725,3.5353,,,9/30/1985,2.90884154379725,2.9608760922481
12/31/1985,2.70000404078267,2.70000404078267,2.70000404078267,3.3236,,,12/31/1985,2.6479792430446,2.6479792430446,2.6479792430446,3.3236,,,12/31/1985,2.6479792430446,2.70000404078267
3/31/1986,2.52106460057164,2.52106460057164,2.52106460057164,3.3843,,,3/31/1986,2.46895412674837,2.46895412674837,2.46895412674837,3.3843,,,3/31/1986,2.46895412674837,2.52106460057164
6/30/1986,2.10189490569244,2.10189490569244,2.10189490569244,3.1782,,,6/30/1986,2.04960301956862,2.04960301956862,2.04960301956862,3.1782,,,6/30/1986,2.04960301956862,2.10189490569244
9/30/1986,2.02242279901954,2.02242279901954,2.02242279901954,3.1937,,,9/30/1986,1.97004614382166,1.97004614382166,1.97004614382166,3.1937,,,9/30/1986,1.97004614382166,2.02242279901954
12/31/1986,2.06499359917742,2.06499359917742,2.06499359917742,3.1579,,,12/31/1986,2.01262847882896,2.01262847882896,2.01262847882896,3.1579,,,12/31/1986,2.01262847882896,2.06499359917742
3/31/1987,2.23770841712047,2.23770841712047,2.23770841712047,3.0191,,,3/31/1987,2.18525826194235,2.18525826194235,2.18525826194235,3.0191,,,3/31/1987,2.18525826194235,2.23770841712047
6/30/1987,2.51789427457257,2.51789427457257,2.51789427457257,3.1329,,,6/30/1987,2.4652623414069,2.4652623414069,2.4652623414069,3.1329,,,6/30/1987,2.4652623414069,2.51789427457257
9/30/1987,2.58028292624643,2.58028292624643,2.58028292624643,3.1168,,,9/30/1987,2.52756538386379,2.52756538386379,2.52756538386379,3.1168,,,9/30/1987,2.52756538386379,2.58028292624643
12/31/1987,2.34429714730955,2.34429714730955,2.34429714730955,3.3164,,,12/31/1987,2.2915898069044,2.2915898069044,2.2915898069044,3.3164,,,12/31/1987,2.2915898069044,2.34429714730955
3/31/1988,2.42407272447225,2.42407272447225,2.42407272447225,3.1842,,,3/31/1988,2.3712780660688,2.3712780660688,2.3712780660688,3.1842,,,3/31/1988,2.3712780660688,2.42407272447225
6/30/1988,2.53357309933214,2.53357309933214,2.53357309933214,3.3798,,,6/30/1988,2.48059355094743,2.48059355094743,2.48059355094743,3.3798,,,6/30/1988,2.48059355094743,2.53357309933214
9/30/1988,2.57271903477017,2.57271903477017,2.57271903477017,3.3453,,,9/30/1988,2.51965020704496,2.51965020704496,2.51965020704496,3.3453,,,9/30/1988,2.51965020704496,2.57271903477017
12/31/1988,2.83642697956991,2.83642697956991,2.83642697956991,3.4391,,,12/31/1988,2.78336409516878,2.78336409516878,2.78336409516878,3.4391,,,12/31/1988,2.78336409516878,2.83642697956991
3/31/1989,2.84958121392951,2.84958121392951,2.84958121392951,3.4681,,,3/31/1989,2.79642594670717,2.79642594670717,2.79642594670717,3.4681,,,3/31/1989,2.79642594670717,2.84958121392951
6/30/1989,2.62381730191886,2.62381730191886,2.62381730191886,3.3707,,,6/30/1989,2.57047139363384,2.57047139363384,2.57047139363384,3.3707,,,6/30/1989,2.57047139363384,2.62381730191886
9/30/1989,2.48653256767368,2.48653256767368,2.48653256767368,3.2922,,,9/30/1989,2.43309094211931,2.43309094211931,2.43309094211931,3.2922,,,9/30/1989,2.43309094211931,2.48653256767368
12/31/1989,2.32744730374648,2.32744730374648,2.32744730374648,3.2509,,,12/31/1989,2.27400445565179,2.27400445565179,2.27400445565179,3.2509,,,12/31/1989,2.27400445565179,2.32744730374648
3/31/1990,2.7295774876929,2.7295774876929,2.7295774876929,3.4747,,,3/31/1990,2.67603441106875,2.67603441106875,2.67603441106875,3.4747,,,3/31/1990,2.67603441106875,2.7295774876929
6/30/1990,2.67557451889244,2.67557451889244,2.67557451889244,3.4344,,,6/30/1990,2.62183244689968,2.62183244689968,2.62183244689968,3.4344,,,6/30/1990,2.62183244689968,2.67557451889244
9/30/1990,2.65365410396765,2.65365410396765,2.65365410396765,3.3203,,,9/30/1990,2.59980708733703,2.59980708733703,2.59980708733703,3.3203,,,9/30/1990,2.59980708733703,2.65365410396765
12/31/1990,2.35883138322947,2.35883138322947,2.35883138322947,2.8873,,,12/31/1990,2.30497296823331,2.30497296823331,2.30497296823331,2.8873,,,12/31/1990,2.30497296823331,2.35883138322947
3/31/1991,2.39830330230701,2.39830330230701,2.39830330230701,2.6590,,,3/31/1991,2.34433401232178,2.34433401232178,2.34433401232178,2.6590,,,3/31/1991,2.34433401232178,2.39830330230701
6/30/1991,2.59924246005621,2.59924246005621,2.59924246005621,2.7389,,,6/30/1991,2.54506375846529,2.54506375846529,2.54506375846529,2.7389,,,6/30/1991,2.54506375846529,2.59924246005621
9/30/1991,2.52802362388527,2.52802362388527,2.52802362388527,2.7649,,,9/30/1991,2.47372816480079,2.47372816480079,2.47372816480079,2.7649,,,9/30/1991,2.47372816480079,2.52802362388527
12/31/1991,2.39158652471486,2.39158652471486,2.39158652471486,2.6351,,,12/31/1991,2.33726606811867,2.33726606811867,2.33726606811867,2.6351,,,12/31/1991,2.33726606811867,2.39158652471486
3/31/1992,2.71830018201356,2.71830018201356,2.71830018201356,2.6833,,,3/31/1992,2.66385590503707,2.66385590503707,2.66385590503707,2.6833,,,3/31/1992,2.66385590503707,2.71830018201356
6/30/1992,2.69458367187628,2.69458367187628,2.69458367187628,2.6741,,,6/30/1992,2.64001108188972,2.64001108188972,2.64001108188972,2.6741,,,6/30/1992,2.64001108188972,2.69458367187628
9/30/1992,2.45836725545653,2.45836725545653,2.45836725545653,2.5511,,,9/30/1992,2.40366194721431,2.40366194721431,2.40366194721431,2.5511,,,9/30/1992,2.40366194721431,2.45836725545653
12/31/1992,2.47007516738972,2.47007516738972,2.47007516738972,2.5757,,,12/31/1992,2.41523270646416,2.41523270646416,2.41523270646416,2.5757,,,12/31/1992,2.41523270646416,2.47007516738972
3/31/1993,2.30968444954766,2.30968444954766,2.30968444954766,2.4075,,,3/31/1993,2.25470029434303,2.25470029434303,2.25470029434303,2.4075,,,3/31/1993,2.25470029434303,2.30968444954766
6/30/1993,2.20631247071085,2.20631247071085,2.20631247071085,2.3785,,,6/30/1993,2.15118192345059,2.15118192345059,2.15118192345059,2.3785,,,6/30/1993,2.15118192345059,2.20631247071085
9/30/1993,2.3083212403482,2.3083212403482,2.3083212403482,2.2195,,,9/30/1993,2.25303941658069,2.25303941658069,2.25303941658069,2.2195,,,9/30/1993,2.25303941658069,2.3083212403482
12/31/1993,2.60397260927289,2.60397260927289,2.60397260927289,2.2808,,,12/31/1993,2.54853441872248,2.54853441872248,2.54853441872248,2.2808,,,12/31/1993,2.54853441872248,2.60397260927289
3/31/1994,2.72963428256012,2.72963428256012,2.72963428256012,2.2225,,,3/31/1994,2.67403441690051,2.67403441690051,2.67403441690051,2.2225,,,3/31/1994,2.67403441690051,2.72963428256012
6/30/1994,2.83840480685865,2.83840480685865,2.83840480685865,2.3793,,,6/30/1994,2.78263773179115,2.78263773179115,2.78263773179115,2.3793,,,6/30/1994,2.78263773179115,2.83840480685865
9/30/1994,2.8601159226305,2.8601159226305,2.8601159226305,2.2520,,,9/30/1994,2.80417587275165,2.80417587275165,2.80417587275165,2.2520,,,9/30/1994,2.80417587275165,2.8601159226305
12/31/1994,2.88023757490407,2.88023757490407,2.88023757490407,2.2843,,,12/31/1994,2.8241185505055,2.8241185505055,2.8241185505055,2.2843,,,12/31/1994,2.8241185505055,2.88023757490407
3/31/1995,2.88289564616385,2.88289564616385,2.88289564616385,2.2024,,,3/31/1995,2.82659141150042,2.82659141150042,2.82659141150042,2.2024,,,3/31/1995,2.82659141150042,2.88289564616385
6/30/1995,2.65125625999548,2.65125625999548,2.65125625999548,2.1547,,,6/30/1995,2.59476034279679,2.59476034279679,2.59476034279679,2.1547,,,6/30/1995,2.59476034279679,2.65125625999548
9/30/1995,2.69340711408891,2.69340711408891,2.69340711408891,2.1973,,,9/30/1995,2.63671280623818,2.63671280623818,2.63671280623818,2.1973,,,9/30/1995,2.63671280623818,2.69340711408891
12/31/1995,2.68519713171822,2.68519713171822,2.68519713171822,2.2535,,,12/31/1995,2.62829749112043,2.62829749112043,2.62829749112043,2.2535,,,12/31/1995,2.62829749112043,2.68519713171822
3/31/1996,2.79543374649949,2.79543374649949,2.79543374649949,2.2552,,,3/31/1996,2.73832160022882,2.73832160022882,2.73832160022882,2.2552,,,3/31/1996,2.73832160022882,2.79543374649949
6/30/1996,2.97925852942812,2.97925852942812,2.97925852942812,2.4944,,,6/30/1996,2.92192647829722,2.92192647829722,2.92192647829722,2.4944,,,6/30/1996,2.92192647829722,2.97925852942812
9/30/1996,3.03133407083646,3.03133407083646,3.03133407083646,2.5092,,,9/30/1996,2.9737744955736,2.9737744955736,2.9737744955736,2.5092,,,9/30/1996,2.9737744955736,3.03133407083646
12/31/1996,3.01119502548796,3.01119502548796,3.01119502548796,2.6417,,,12/31/1996,2.95340009474849,2.95340009474849,2.95340009474849,2.6417,,,12/31/1996,2.95340009474849,3.01119502548796
3/31/1997,3.11743040076409,3.11743040076409,3.11743040076409,2.5598,,,3/31/1997,3.05939208124205,3.05939208124205,3.05939208124205,2.5598,,,3/31/1997,3.05939208124205,3.11743040076409
6/30/1997,3.16633711977126,3.16633711977126,3.16633711977126,2.8349,,,6/30/1997,3.10804718871832,3.10804718871832,3.10804718871832,2.8349,,,6/30/1997,3.10804718871832,3.16633711977126
9/30/1997,3.05497478925601,3.05497478925601,3.05497478925601,2.8080,,,9/30/1997,2.9964248497591,2.9964248497591,2.9964248497591,2.8080,,,9/30/1997,2.9964248497591,3.05497478925601
12/31/1997,3.16082837200683,3.16082837200683,3.16082837200683,2.8180,,,12/31/1997,3.1020098714244,3.1020098714244,3.1020098714244,2.8180,,,12/31/1997,3.1020098714244,3.16082837200683
3/31/1998,3.14399943803428,3.14399943803428,3.14399943803428,2.8801,,,3/31/1998,3.08490369004514,3.08490369004514,3.08490369004514,2.8801,,,3/31/1998,3.08490369004514,3.14399943803428
6/30/1998,3.1455347989126,3.1455347989126,3.1455347989126,2.9561,,,6/30/1998,3.08615300969196,3.08615300969196,3.08615300969196,2.9561,,,6/30/1998,3.08615300969196,3.1455347989126
9/30/1998,2.89457604651701,2.89457604651701,2.89457604651701,3.1419,,,9/30/1998,2.83489934562234,2.83489934562234,2.83489934562234,3.1419,,,9/30/1998,2.83489934562234,2.89457604651701
12/31/1998,2.76898652480895,2.76898652480895,2.76898652480895,3.3187,,,12/31/1998,2.7090060014356,2.7090060014356,2.7090060014356,3.3187,,,12/31/1998,2.7090060014356,2.76898652480895
3/31/1999,3.02573193321977,3.02573193321977,3.02573193321977,3.2949,,,3/31/1999,2.96543867857348,2.96543867857348,2.96543867857348,3.2949,,,3/31/1999,2.96543867857348,3.02573193321977
6/30/1999,2.91735205807636,2.91735205807636,2.91735205807636,3.3390,,,6/30/1999,2.85673721470883,2.85673721470883,2.85673721470883,3.3390,,,6/30/1999,2.85673721470883,2.91735205807636
9/30/1999,2.80353029767474,2.80353029767474,2.80353029767474,3.4232,,,9/30/1999,2.74258511674117,2.74258511674117,2.74258511674117,3.4232,,,9/30/1999,2.74258511674117,2.80353029767474
12/31/1999,2.87882120491916,2.87882120491916,2.87882120491916,3.6106,,,12/31/1999,2.81753711244468,2.81753711244468,2.81753711244468,3.6106,,,12/31/1999,2.81753711244468,2.87882120491916
3/31/2000,2.73093321004836,2.73093321004836,2.73093321004836,3.5120,,,3/31/2000,2.66930188343668,2.66930188343668,2.66930188343668,3.5120,,,3/31/2000,2.66930188343668,2.73093321004836
6/30/2000,2.29220564321092,2.29220564321092,2.29220564321092,3.6337,,,6/30/2000,2.23021909939534,2.23021909939534,2.23021909939534,3.6337,,,6/30/2000,2.23021909939534,2.29220564321092
9/30/2000,2.17724482415433,2.17724482415433,2.17724482415433,3.5021,,,9/30/2000,2.1148955209829,2.1148955209829,2.1148955209829,3.5021,,,9/30/2000,2.1148955209829,2.17724482415433
12/31/2000,1.96961242239492,1.96961242239492,1.96961242239492,3.5134,,,12/31/2000,1.90689337506108,1.90689337506108,1.90689337506108,3.5134,,,12/31/2000,1.90689337506108,1.96961242239492
3/31/2001,1.99330889852898,1.99330889852898,1.99330889852898,3.3940,,,3/31/2001,1.9302138131125,1.9302138131125,1.9302138131125,3.3940,,,3/31/2001,1.9302138131125,1.99330889852898
6/30/2001,2.01333000908829,2.01333000908829,2.01333000908829,3.3754,,,6/30/2001,1.94985343556411,1.94985343556411,1.94985343556411,3.3754,,,6/30/2001,1.94985343556411,2.01333000908829
9/30/2001,1.75013379422139,1.75013379422139,1.75013379422139,3.0815,,,9/30/2001,1.6862713016343,1.6862713016343,1.6862713016343,3.0815,,,9/30/2001,1.6862713016343,1.75013379422139
12/31/2001,1.75177467043602,1.75177467043602,1.75177467043602,3.1089,,,12/31/2001,1.68752304733647,1.68752304733647,1.68752304733647,3.1089,,,12/31/2001,1.68752304733647,1.75177467043602
3/31/2002,2.06980601090613,2.06980601090613,2.06980601090613,3.0742,,,3/31/2002,2.00516349460893,2.00516349460893,2.00516349460893,3.0742,,,3/31/2002,2.00516349460893,2.06980601090613
6/30/2002,1.97448522426799,1.97448522426799,1.97448522426799,3.0915,,,6/30/2002,1.90945176304721,1.90945176304721,1.90945176304721,3.0915,,,6/30/2002,1.90945176304721,1.97448522426799
9/30/2002,1.67623187805937,1.67623187805937,1.67623187805937,2.9615,,,9/30/2002,1.61080943104947,1.61080943104947,1.61080943104947,2.9615,,,9/30/2002,1.61080943104947,1.67623187805937
12/31/2002,1.57631653777759,1.57631653777759,1.57631653777759,2.7105,,,12/31/2002,1.51050941813928,1.51050941813928,1.51050941813928,2.7105,,,12/31/2002,1.51050941813928,1.57631653777759
3/31/2003,1.73247881434044,1.73247881434044,1.73247881434044,2.5768,,,3/31/2003,1.66629408220522,1.66629408220522,1.66629408220522,2.5768,,,3/31/2003,1.66629408220522,1.73247881434044
6/30/2003,1.97565829206984,1.97565829206984,1.97565829206984,2.5514,,,6/30/2003,1.90910620494549,1.90910620494549,1.90910620494549,2.5514,,,6/30/2003,1.90910620494549,1.97565829206984
9/30/2003,2.17895356759461,2.17895356759461,2.17895356759461,2.7544,,,9/30/2003,2.11204809735884,2.11204809735884,2.11204809735884,2.7544,,,9/30/2003,2.11204809735884,2.17895356759461
12/31/2003,2.2978449430409,2.2978449430409,2.2978449430409,2.7616,,,12/31/2003,2.23060437045557,2.23060437045557,2.23060437045557,2.7616,,,12/31/2003,2.23060437045557,2.2978449430409
3/31/2004,2.21055273116354,2.21055273116354,2.21055273116354,2.6796,,,3/31/2004,2.14300033112392,2.14300033112392,2.14300033112392,2.6796,,,3/31/2004,2.14300033112392,2.21055273116354
6/30/2004,2.33120330290623,2.33120330290623,2.33120330290623,2.6485,,,6/30/2004,2.26336813655917,2.26336813655917,2.26336813655917,2.6485,,,6/30/2004,2.26336813655917,2.33120330290623
9/30/2004,2.22779594302979,2.22779594302979,2.22779594302979,2.5333,,,9/30/2004,2.15971377667319,2.15971377667319,2.15971377667319,2.5333,,,9/30/2004,2.15971377667319,2.22779594302979
12/31/2004,2.20234431938005,2.20234431938005,2.20234431938005,2.5850,,,12/31/2004,2.13405869500927,2.13405869500927,2.13405869500927,2.5850,,,12/31/2004,2.13405869500927,2.20234431938005
3/31/2005,2.25463542212348,2.25463542212348,2.25463542212348,2.6930,,,3/31/2005,2.18619891106514,2.18619891106514,2.18619891106514,2.6930,,,3/31/2005,2.18619891106514,2.25463542212348
6/30/2005,2.04189635420068,2.04189635420068,2.04189635420068,2.5354,,,6/30/2005,1.97337203411596,1.97337203411596,1.97337203411596,2.5354,,,6/30/2005,1.97337203411596,2.04189635420068
9/30/2005,2.06591179078975,2.06591179078975,2.06591179078975,2.4691,,,9/30/2005,1.99737499838405,1.99737499838405,1.99737499838405,2.4691,,,9/30/2005,1.99737499838405,2.06591179078975
12/31/2005,2.01765924589339,2.01765924589339,2.01765924589339,2.5075,,,12/31/2005,1.94919967433993,1.94919967433993,1.94919967433993,2.5075,,,12/31/2005,1.94919967433993,2.01765924589339
3/31/2006,2.07257919782139,2.07257919782139,2.07257919782139,2.6558,,,3/31/2006,2.00430343131663,2.00430343131663,2.00430343131663,2.6558,,,3/31/2006,2.00430343131663,2.07257919782139
6/30/2006,2.14214199996469,2.14214199996469,2.14214199996469,2.6863,,,6/30/2006,2.07417661124541,2.07417661124541,2.07417661124541,2.6863,,,6/30/2006,2.07417661124541,2.14214199996469
9/30/2006,2.03584180785495,2.03584180785495,2.03584180785495,2.5075,,,9/30/2006,1.96833719302906,1.96833719302906,1.96833719302906,2.5075,,,9/30/2006,1.96833719302906,2.03584180785495
12/31/2006,2.13234444270818,2.13234444270818,2.13234444270818,2.5128,,,12/31/2006,2.06547963950937,2.06547963950937,2.06547963950937,2.5128,,,12/31/2006,2.06547963950937,2.13234444270818
3/31/2007,2.32365173743805,2.32365173743805,2.32365173743805,2.5697,,,3/31/2007,2.25764058111721,2.25764058111721,2.25764058111721,2.5697,,,3/31/2007,2.25764058111721,2.32365173743805
6/30/2007,2.22309949743206,2.22309949743206,2.22309949743206,2.4662,,,6/30/2007,2.15819863421479,2.15819863421479,2.15819863421479,2.4662,,,6/30/2007,2.15819863421479,2.22309949743206
9/30/2007,1.98673471059983,1.98673471059983,1.98673471059983,2.4808,,,9/30/2007,1.92325424610085,1.92325424610085,1.92325424610085,2.4808,,,9/30/2007,1.92325424610085,1.98673471059983
12/31/2007,1.80888273060934,1.80888273060934,1.80888273060934,2.5859,,,12/31/2007,1.74720069161943,1.74720069161943,1.74720069161943,2.5859,,,12/31/2007,1.74720069161943,1.80888273060934
3/31/2008,1.47481823076949,1.47481823076949,1.47481823076949,2.2574,,,3/31/2008,1.41540062763423,1.41540062763423,1.41540062763423,2.2574,,,3/31/2008,1.41540062763423,1.47481823076949
6/30/2008,1.48998474785531,1.48998474785531,1.48998474785531,2.1553,,,6/30/2008,1.4334138492921,1.4334138492921,1.4334138492921,2.1553,,,6/30/2008,1.4334138492921,1.48998474785531
9/30/2008,1.32394817665976,1.32394817665976,1.32394817665976,1.8768,,,9/30/2008,1.2709619330757,1.2709619330757,1.2709619330757,1.8768,,,9/30/2008,1.2709619330757,1.32394817665976
12/31/2008,0.29036492333229,0.29036492333229,0.29036492333229,1.0256,,,12/31/2008,0.24116396216546,0.24116396216546,0.24116396216546,1.0256,,,12/31/2008,0.24116396216546,0.29036492333229
3/31/2009,0.423145346479282,0.423145346479282,0.423145346479282,0.8185,,,3/31/2009,0.37074439821962,0.37074439821962,0.37074439821962,0.8185,,,3/31/2009,0.37074439821962,0.423145346479282
6/30/2009,0.755616028609107,0.755616028609107,0.755616028609107,0.9679,,,6/30/2009,0.700438083054902,0.700438083054902,0.700438083054902,0.9679,,,6/30/2009,0.700438083054902,0.755616028609107
9/30/2009,0.833213083167037,0.833213083167037,0.833213083167037,0.9385,,,9/30/2009,0.775517229891997,0.775517229891997,0.775517229891997,0.9385,,,9/30/2009,0.775517229891997,0.833213083167037
12/31/2009,0.994923927696097,0.994923927696097,0.994923927696097,1.1810,,,12/31/2009,0.934862853128773,0.934862853128773,0.934862853128773,1.1810,,,12/31/2009,0.934862853128773,0.994923927696097
3/31/2010,0.736875221496256,0.736875221496256,0.736875221496256,1.0001,,,3/31/2010,0.674527588217725,0.674527588217725,0.674527588217725,1.0001,,,3/31/2010,0.674527588217725,0.736875221496256
6/30/2010,0.179134646306508,0.179134646306508,0.179134646306508,0.9742,,,6/30/2010,0.114524649520459,0.114524649520459,0.114524649520459,0.9742,,,6/30/2010,0.114524649520459,0.179134646306508
9/30/2010,0.0530805889738066,0.0530805889738066,0.0530805889738066,0.8767,,,9/30/2010,-0.0138102407117584,-0.0138102407117584,-0.0138102407117584,0.8767,,,9/30/2010,-0.0138102407117584,0.0530805889738066
12/31/2010,0.161284077573624,0.161284077573624,0.161284077573624,0.8508,,,12/31/2010,0.0920578508978566,0.0920578508978566,0.0920578508978566,0.8508,,,12/31/2010,0.0920578508978566,0.161284077573624
3/31/2011,0.370640428393056,0.370640428393056,0.370640428393056,0.6887,,,3/31/2011,0.298990833984027,0.298990833984027,0.298990833984027,0.6887,,,3/31/2011,0.298990833984027,0.370640428393056
6/30/2011,-0.112405988647777,-0.112405988647777,-0.112405988647777,0.8110,,,6/30/2011,-0.186600835393126,-0.186600835393126,-0.186600835393126,0.8110,,,6/30/2011,-0.186600835393126,-0.112405988647777
9/30/2011,-0.594759993469995,-0.594759993469995,-0.594759993469995,0.6553,,,9/30/2011,-0.67165935517846,-0.67165935517846,-0.67165935517846,0.6553,,,9/30/2011,-0.67165935517846,-0.594759993469995
12/31/2011,-0.73792049134148,-0.73792049134148,-0.73792049134148,0.7611,,,12/31/2011,-0.817727544933409,-0.817727544933409,-0.817727544933409,0.7611,,,12/31/2011,-0.817727544933409,-0.73792049134148
3/31/2012,-0.545760279770089,-0.545760279770089,-0.545760279770089,0.9309,,,3/31/2012,-0.628732164988501,-0.628732164988501,-0.628732164988501,0.9309,,,3/31/2012,-0.628732164988501,-0.545760279770089
6/30/2012,-0.780130626960244,-0.780130626960244,-0.780130626960244,0.8006,,,6/30/2012,-0.86659279077304,-0.86659279077304,-0.86659279077304,0.8006,,,6/30/2012,-0.86659279077304,-0.780130626960244
9/30/2012,-0.686615939463285,-0.686615939463285,-0.686615939463285,0.6524,,,9/30/2012,-0.776981963142488,-0.776981963142488,-0.776981963142488,0.6524,,,9/30/2012,-0.776981963142488,-0.686615939463285
12/31/2012,-0.562243472296313,-0.562243472296313,-0.562243472296313,0.6354,,,12/31/2012,-0.657042073322621,-0.657042073322621,-0.657042073322621,0.6354,,,12/31/2012,-0.657042073322621,-0.562243472296313
3/31/2013,-0.622513812773513,-0.622513812773513,-0.622513812773513,0.7212,,,3/31/2013,-0.722425366137752,-0.722425366137752,-0.722425366137752,0.7212,,,3/31/2013,-0.722425366137752,-0.622513812773513
6/30/2013,-0.469872814004248,-0.469872814004248,-0.469872814004248,0.6068,,,6/30/2013,-0.575778569783401,-0.575778569783401,-0.575778569783401,0.6068,,,6/30/2013,-0.575778569783401,-0.469872814004248
9/30/2013,-0.475383478867533,-0.475383478867533,-0.475383478867533,0.7611,,,9/30/2013,-0.588431599887315,-0.588431599887315,-0.588431599887315,0.7611,,,9/30/2013,-0.588431599887315,-0.475383478867533
12/31/2013,-0.47254925190418,-0.47254925190418,-0.47254925190418,0.8534,,,12/31/2013,-0.594242056807956,-0.594242056807956,-0.594242056807956,0.8534,,,12/31/2013,-0.594242056807956,-0.47254925190418
3/31/2014,-0.34831675051541,-0.34831675051541,-0.34831675051541,0.5881,,,3/31/2014,-0.489416293531206,-0.489416293531206,-0.489416293531206,0.5881,,,3/31/2014,-0.489416293531206,-0.34831675051541
6/30/2014,-0.323842866894816,-0.323842866894816,-0.323842866894816,0.8522,,,6/30/2014,-0.485968414162583,-0.485968414162583,-0.485968414162583,0.8522,,,6/30/2014,-0.485968414162583,-0.323842866894816
9/30/2014,-0.341105626889283,-0.341105626889283,-0.341105626889283,0.9613,,,9/30/2014,-0.525460188867548,-0.525460188867548,-0.525460188867548,0.9613,,,9/30/2014,-0.525460188867548,-0.341105626889283
12/31/2014,-0.432092811962746,-0.432092811962746,-0.432092811962746,0.8728,,,12/31/2014,-0.639811622294121,-0.639811622294121,-0.639811622294121,0.8728,,,12/31/2014,-0.639811622294121,-0.432092811962746
3/31/2015,-0.415511317795835,-0.415511317795835,-0.415511317795835,0.9096,,,3/31/2015,-0.647737219487345,-0.647737219487345,-0.647737219487345,0.9096,,,3/31/2015,-0.647737219487345,-0.415511317795835
6/30/2015,-0.327273496047132,-0.327273496047132,-0.327273496047132,1.0981,,,6/30/2015,-0.584958969757907,-0.584958969757907,-0.584958969757907,1.0981,,,6/30/2015,-0.584958969757907,-0.327273496047132
9/30/2015,-0.51524401310192,-0.51524401310192,-0.51524401310192,1.0644,,,9/30/2015,-0.799517689083034,-0.799517689083034,-0.799517689083034,1.0644,,,9/30/2015,-0.799517689083034,-0.51524401310192
12/31/2015,-0.498694086345743,-0.498694086345743,-0.498694086345743,0.9981,,,12/31/2015,-0.810047147729027,-0.810047147729027,-0.810047147729027,0.9981,,,12/31/2015,-0.810047147729027,-0.498694086345743
3/31/2016,-0.636445193721792,-0.636445193721792,-0.636445193721792,1.1644,,,3/31/2016,-0.975793988406503,-0.975793988406503,-0.975793988406503,1.1644,,,3/31/2016,-0.975793988406503,-0.636445193721792
6/30/2016,-0.423522015635942,-0.423522015635942,-0.423522015635942,1.2579,,,6/30/2016,-0.792156789448143,-0.792156789448143,-0.792156789448143,1.2579,,,6/30/2016,-0.792156789448143,-0.423522015635942
9/30/2016,-0.297468460646875,-0.297468460646875,-0.297468460646875,1.2849,,,9/30/2016,-0.69702987889211,-0.69702987889211,-0.69702987889211,1.2849,,,9/30/2016,-0.69702987889211,-0.297468460646875
12/31/2016,-0.0208302360540879,-0.0208302360540879,-0.0208302360540879,1.2412,,,12/31/2016,-0.453313252971771,-0.453313252971771,-0.453313252971771,1.2412,,,12/31/2016,-0.453313252971771,-0.0208302360540879
3/31/2017,0.133330585115385,0.133330585115385,0.133330585115385,1.2752,,,3/31/2017,-0.334443768568608,-0.334443768568608,-0.334443768568608,1.2752,,,3/31/2017,-0.334443768568608,0.133330585115385
6/30/2017,0.206836406787072,0.206836406787072,0.206836406787072,1.1967,,,6/30/2017,-0.298989133043358,-0.298989133043358,-0.298989133043358,1.1967,,,6/30/2017,-0.298989133043358,0.206836406787072
9/30/2017,0.381121352946578,0.381121352946578,0.381121352946578,1.2334,,,9/30/2017,-0.165973008050177,-0.165973008050177,-0.165973008050177,1.2334,,,9/30/2017,-0.165973008050177,0.381121352946578
12/31/2017,0.561232936025352,0.561232936025352,0.561232936025352,1.4203,,,12/31/2017,-0.0308806404894024,-0.0308806404894024,-0.0308806404894024,1.4203,,,12/31/2017,-0.0308806404894024,0.561232936025352
3/31/2018,0.698250014402637,0.698250014402637,0.698250014402637,1.5552,,,3/31/2018,0.0567408971039518,0.0567408971039518,0.0567408971039518,1.5552,,,3/31/2018,0.0567408971039518,0.698250014402637
6/30/2018,0.605059388293721,0.605059388293721,0.605059388293721,1.5435,,,6/30/2018,-0.0910099937039596,-0.0910099937039596,-0.0910099937039596,1.5435,,,6/30/2018,-0.0910099937039596,0.605059388293721
9/30/2018,0.690123472839206,0.690123472839206,0.690123472839206,1.4793,,,9/30/2018,-0.0666423242100426,-0.0666423242100426,-0.0666423242100426,1.4793,,,9/30/2018,-0.0666423242100426,0.690123472839206
12/31/2018,0.618490451200923,0.618490451200923,0.618490451200923,1.4504,,,12/31/2018,-0.199611618858895,-0.199611618858895,-0.199611618858895,1.4504,,,12/31/2018,-0.199611618858895,0.618490451200923
3/31/2019,0.610821067158845,0.610821067158845,0.610821067158845,1.4910,,,3/31/2019,-0.280390683766766,-0.280390683766766,-0.280390683766766,1.4910,,,3/31/2019,-0.280390683766766,0.610821067158845
6/30/2019,0.556902029793003,0.556902029793003,0.556902029793003,1.6120,,,6/30/2019,-0.417831132688109,-0.417831132688109,-0.417831132688109,1.6120,,,6/30/2019,-0.417831132688109,0.556902029793003
9/30/2019,0.520153107627091,0.520153107627091,0.520153107627091,1.7172,,,9/30/2019,-0.548363968781701,-0.548363968781701,-0.548363968781701,1.7172,,,9/30/2019,-0.548363968781701,0.520153107627091
12/31/2019,0.678978077772001,0.678978077772001,0.678978077772001,1.7230,,,12/31/2019,-0.49694631979848,-0.49694631979848,-0.49694631979848,1.7230,,,12/31/2019,-0.49694631979848,0.678978077772001
3/31/2020,0.396901368164821,0.396901368164821,0.396901368164821,1.6861,,,3/31/2020,-0.900348449812272,-0.900348449812272,-0.900348449812272,1.6861,,,3/31/2020,-0.900348449812272,0.396901368164821
6/30/2020,0.116322372373389,0.116322372373389,0.116322372373389,1.6541,,,6/30/2020,-1.00091699707457,-1.00091699707457,-1.00091699707457,1.6541,,,6/30/2020,-1.00091699707457,0.116322372373389
9/30/2020,0.58427764285124,0.58427764285124,0.58427764285124,1.7138,,,9/30/2020,-0.609464201598876,-0.609464201598876,-0.609464201598876,1.7138,,,9/30/2020,-0.609464201598876,0.58427764285124
12/31/2020,0.813249689298616,0.813249689298616,0.813249689298616,1.6973,,,12/31/2020,-0.516529226848184,-0.516529226848184,-0.516529226848184,1.6973,,,12/31/2020,-0.516529226848184,0.813249689298616
3/31/2021,1.02003486632302,1.02003486632302,1.02003486632302,1.8184,,,3/31/2021,-0.361880635451933,-0.361880635451933,-0.361880635451933,1.8184,,,3/31/2021,-0.361880635451933,1.02003486632302
6/30/2021,1.0456609286694,1.0456609286694,1.0456609286694,1.9104,,,6/30/2021,-0.356653692899957,-0.356653692899957,-0.356653692899957,1.9104,,,6/30/2021,-0.356653692899957,1.0456609286694
9/30/2021,0.99445595737449,0.99445595737449,0.99445595737449,1.9103,,,9/30/2021,0.0527504656786377,0.0527504656786377,0.0527504656786377,1.9103,,,9/30/2021,0.0527504656786377,0.99445595737449
12/31/2021,0.978795933533291,0.978795933533291,0.978795933533291,2.1786,,,12/31/2021,-0.0931864615512299,-0.0931864615512299,-0.0931864615512299,2.1786,,,12/31/2021,-0.0931864615512299,0.978795933533291
3/31/2022,0.908188248249282,0.908188248249282,0.908188248249282,1.9080,,,3/31/2022,0.024544046623208,0.024544046623208,0.024544046623208,1.9080,,,3/31/2022,0.024544046623208,0.908188248249282
6/30/2022,0.786895185700442,0.786895185700442,0.786895185700442,1.5960,,,6/30/2022,0.551416824719567,0.551416824719567,0.551416824719567,1.5960,,,6/30/2022,0.551416824719567,0.786895185700442
9/30/2022,0.879319325419886,0.879319325419886,0.879319325419886,1.7357,,,9/30/2022,0.499941366132127,0.499941366132127,0.499941366132127,1.7357,,,9/30/2022,0.499941366132127,0.879319325419886
12/31/2022,0.80809775775531,0.80809775775531,0.80809775775531,1.7048,,,12/31/2022,0.796088115247442,0.796088115247442,0.796088115247442,1.7048,,,12/31/2022,0.796088115247442,0.80809775775531
3/31/2023,1.15911695282121,1.15911695282121,1.15911695282121,1.6772,,,3/31/2023,1.25934979269575,1.25934979269575,1.25934979269575,1.6772,,,3/31/2023,1.25934979269575,1.15911695282121
6/30/2023,1.17503737289429,1.17503737289429,1.17503737289429,1.5649,,,6/30/2023,1.29505285203729,1.29505285203729,1.29505285203729,1.5649,,,6/30/2023,1.29505285203729,1.17503737289429
9/30/2023,1.43373793709148,1.43373793709148,1.43373793709148,1.4338,,,9/30/2023,1.74176117953085,1.74176117953085,1.74176117953085,1.4338,,,9/30/2023,1.74176117953085,1.43373793709148
12/31/2023,1.40669854873171,1.40669854873171,1.40669854873171,1.2996,,,12/31/2023,1.61126079430312,1.61126079430312,1.61126079430312,1.2996,,,12/31/2023,1.61126079430312,1.40669854873171
3/31/2024,1.58646939738875,1.58646939738875,1.58646939738875,1.3835,,,3/31/2024,1.78929621700397,1.78929621700397,1.78929621700397,1.3835,,,3/31/2024,1.78929621700397,1.58646939738875
6/30/2024,1.52116764199984,1.52116764199984,1.52116764199984,1.3599,,,6/30/2024,1.40877526279151,1.40877526279151,1.40877526279151,1.3599,,,6/30/2024,1.40877526279151,1.52116764199984
9/30/2024,1.39161256663705,1.39161256663705,1.39161256663705,1.2954,,,9/30/2024,1.17189253741657,1.17189253741657,1.17189253741657,1.2954,,,9/30/2024,1.17189253741657,1.39161256663705
,,,,1.3203,,,,,,,1.3203,,,,,
,,,,1.3521,,,,,,,1.3521,,,,,
,,,,1.3730,,,,,,,1.3730,,,,,
