Date,PolicyRate,Inflation,Output,Forward5YearRealNaturalRate
1999-03-31,0.7105953113374043,0.6055612845113688,0.7154331183680265,0.163985976370011
1999-06-30,0.6469503749186964,0.5971830521565717,0.3134061138901921,0.13636121961473419
1999-09-30,0.6122090060146346,0.5927902464178191,0.08212497597041267,0.1373298171057944
1999-12-31,0.6363728752507808,0.594948469572794,0.20298108960709965,0.17289785953294962
2000-03-31,0.7164588496840935,0.6012014349179564,0.6617501901374623,0.22114576757490825
2000-06-30,0.800572198151717,0.608117400976548,1.1504035561279247,0.26216963393537596
2000-09-30,0.937068195461458,0.6182189659055634,1.9591104393824648,0.319763051610601
2000-12-31,1.0234981439041475,0.6253258567545646,2.4761788119204184,0.34735378546948165
2001-03-31,1.0954370497582342,0.6301780014884782,2.911777966657858,0.365959045077337
2001-06-30,1.1251768801566056,0.6308797336950248,3.0987924227754666,0.35608827243667046
2001-09-30,1.1192437719715673,0.6299446178130008,3.073375212697318,0.34979580854338455
2001-12-31,1.0515869477964828,0.6235430169237198,2.677202609688343,0.30709296427083715
2002-03-31,0.904208615426654,0.6093551787979341,1.79895196213793,0.21805151873273987
2002-06-30,0.7973255445001174,0.6010686664905984,1.154390022910317,0.18666624084186578
2002-09-30,0.7532973782787497,0.5982686123871845,0.8803518211380843,0.18500946314589808
2002-12-31,0.738616411577559,0.5946714106983947,0.7806008122931789,0.17315380411739784
2003-03-31,0.7200191841216631,0.5917581246760949,0.6572970348879819,0.16185125957467383
2003-06-30,0.6499767237370712,0.5842802864560708,0.22527664982287054,0.11716194697699932
2003-09-30,0.5564804465291977,0.5751539275676559,-0.3507278663152512,0.0708862203005364
2003-12-31,0.5158299785298117,0.5714516544514304,-0.6146644071125396,0.06547536023288261
2004-03-31,0.5000091589632312,0.5706009427489895,-0.731327186132915,0.06293685163261403
2004-06-30,0.49595915098680693,0.5690472396621887,-0.7771281706781015,0.055437837019378156
2004-09-30,0.4958661919907772,0.5688288012044105,-0.7984382704435474,0.05540910266606433
2004-12-31,0.4862099665080465,0.567727753139703,-0.8761088747536513,0.04639703221724706
2005-03-31,0.5118349590446704,0.5683497209545242,-0.7416094326684166,0.05624755288959801
2005-06-30,0.5127890616207844,0.5677043242134686,-0.7525140917909601,0.05187623815944936
2005-09-30,0.5338762079164767,0.5680380535736976,-0.6416078883266491,0.0618924570606304
2005-12-31,0.5470031043520022,0.5679619470747547,-0.5762466564537579,0.06845262853161871
2006-03-31,0.5662831133176397,0.5693526163064847,-0.47256986659911293,0.08601259753238501
2006-06-30,0.6379719938693167,0.5759199430425271,-0.05308400712089778,0.12631588688193945
2006-09-30,0.712046209162974,0.5834957265129908,0.3851413880198713,0.16490231297816849
2006-12-31,0.7657233459565185,0.5885943557976147,0.7056016336656932,0.17744749985041078
2007-03-31,0.8555277585037946,0.5958924034755761,1.24597608301004,0.2136006746280507
2007-06-30,0.8943053168977445,0.5997948139652259,1.4855001781712625,0.22408042397077613
2007-09-30,0.9901752755273562,0.6100082579936363,2.0688959473047994,0.28764529041512266
2007-12-31,1.0070110360690339,0.6148711066805159,2.1829991712312187,0.28772125086358175
2008-03-31,1.0926314876063663,0.6207771966268253,2.7102091451099097,0.3257338579548796
2008-06-30,1.0633037568742785,0.6194241874557163,2.5524197224997383,0.2900564269202463
2008-09-30,1.0633598952601315,0.6195583211619665,2.56824424587669,0.2975986569224661
2008-12-31,1.0285587660088262,0.618798720592535,2.373933795832973,0.28148005174884516
2009-03-31,0.7298148677616743,0.592697925181847,0.5945190231749395,0.10315723539447577
2009-06-30,0.47796017157094556,0.5675241258329663,-0.9211689935866073,-0.007078463690095987
2009-09-30,0.3237448308304486,0.5517372280992998,-1.865515008601215,-0.056998540018078414
2009-12-31,0.2127769322716841,0.5414599230156026,-2.5586177046705307,-0.10591320789028869
2010-03-31,0.1755819332341636,0.5352056387602012,-2.814077800175478,-0.11849218444031406
2010-06-30,0.2008631197228422,0.5362838074376485,-2.695472081312481,-0.09451862758879614
2010-09-30,0.18064745243774905,0.5332651631870277,-2.8464241346791774,-0.11875228160072315
2010-12-31,0.12693784215724468,0.5280709480363237,-3.1979367417838582,-0.15366474827014842
2011-03-31,0.15851489406481067,0.5292621940600913,-3.039638516074042,-0.12247885034424971
2011-06-30,0.20355374527393721,0.5355964546303014,-2.797884634194224,-0.07872640896384991
2011-09-30,0.23530267495202595,0.5399437448215177,-2.6322254235133062,-0.06681899040309064
2011-12-31,0.204339817244779,0.53688139763105,-2.8395065033824016,-0.10453643452821176
2012-03-31,0.15377076612535245,0.5318229465692602,-3.1650504740831824,-0.1302068451758509
2012-06-30,0.07389514917335471,0.5225500206884925,-3.6677941992789758,-0.18412575710563073
2012-09-30,0.015049141364801955,0.5151990705551335,-4.047624432610509,-0.21716068158572155
2012-12-31,-0.0641736015382377,0.5054158726440913,-4.551278299467408,-0.267880382230752
2013-03-31,-0.16294966974135816,0.49343773252121326,-5.174840482541226,-0.3238075186080499
2013-06-30,-0.15457552573022504,0.49276666757369736,-5.160105417859346,-0.29419361645815917
2013-09-30,-0.15078757705457013,0.4932852501010003,-5.1708283984318735,-0.2830862889480178
2013-12-31,-0.11398675464464758,0.49749858081994724,-4.98211600731809,-0.244465760879441
2014-03-31,-0.06904252496471219,0.5004220496019207,-4.740792482487059,-0.2259958225391005
2014-06-30,-0.07679056289669006,0.49822084220474844,-4.811173163811418,-0.24540232089038982
2014-09-30,-0.09356453212795912,0.4934165889914539,-4.934370983701765,-0.26805367693139126
2014-12-31,-0.13793323266564528,0.4880890496171135,-5.222684286986099,-0.29896827467074283
2015-03-31,-0.14835094913136904,0.48322316295701306,-5.308247620421949,-0.3128129943311284
2015-06-30,-0.18510295582468983,0.47586449480923254,-5.550425599641494,-0.3514827815003282
2015-09-30,-0.15318412454278807,0.4774209811598443,-5.381826920405486,-0.3140392430712353
2015-12-31,-0.15164978086820935,0.4800825834488517,-5.393020294708007,-0.30291276765973096
2016-03-31,-0.18321676470116555,0.47809136995764867,-5.601822249573055,-0.3238909805702176
2016-06-30,-0.18019244766048048,0.4765902788069279,-5.60385509074663,-0.3256010062626534
2016-09-30,-0.16847696292949954,0.47735716881798845,-5.552650783137499,-0.32021316101363295
2016-12-31,-0.1891611553444934,0.47472402407681275,-5.693987196576042,-0.3428480134340314
2017-03-31,-0.12945149384908916,0.48076431683509363,-5.353942579917559,-0.28896889634115513
2017-06-30,-0.06801038775566715,0.4878554790665999,-4.999566809616171,-0.2528590713630463
2017-09-30,-0.058716125159749444,0.48903164576718533,-4.953675583852716,-0.26252672631426693
2017-12-31,-0.05514879290161934,0.4907337695023794,-4.941418693943393,-0.2553446501328314
2018-03-31,-0.06583063901938169,0.49222609268389017,-5.014468109777831,-0.2578074860167267
2018-06-30,-0.032227715080795805,0.4963452674489075,-4.822481029518625,-0.2312550198288072
2018-09-30,-0.0036750427791774065,0.5003377617582856,-4.65868404596031,-0.21457500361181714
2018-12-31,0.016645457180919587,0.5028691340175087,-4.542391820552607,-0.20761096106568283
2019-03-31,0.05790079396642733,0.5068710980333677,-4.2992307419721465,-0.1845405795866466
2019-06-30,0.07649749859725175,0.5072845875738328,-4.1890629020129175,-0.18610029771846753
2019-09-30,0.10148678234177111,0.5074461569540946,-4.039007348302291,-0.18576496427463468
2019-12-31,0.10252497236476743,0.5037324357800999,-4.030315571147222,-0.20977977991208918
2020-03-31,0.1408808980947509,0.5047002831196249,-3.797454805464776,-0.19016382992794567
2020-06-30,0.0723547245843531,0.4984723792743858,-4.20321906831388,-0.23787222847242512
2020-09-30,0.00155284570490688,0.49135091569344214,-4.626680396003499,-0.2661571731782102
2020-12-31,-0.004594123003630601,0.49156783692165845,-4.666864878738709,-0.2571776745919341
2021-03-31,-0.15349593067603629,0.4789140628880322,-5.563195502043018,-0.3484277920028137
2021-06-30,-0.1882603110322142,0.4743425226700007,-5.783490373817247,-0.33929722149370056
2021-09-30,-0.017027065913724604,0.49046841214886194,-4.77050757965071,-0.21454845232507758
2021-12-31,0.10943735411707656,0.5024166330123784,-4.015464131603517,-0.1738392919330447
2022-03-31,0.1365109013190542,0.5083111859601375,-3.8494661903530503,-0.17082452098155498
2022-06-30,0.20964674071581502,0.5192461904208414,-3.406814450360353,-0.11165566400530502
2022-09-30,0.3666666969807428,0.5395244069204026,-2.458487208191825,0.0036524409949819925
2022-12-31,0.4922774673603138,0.556452277678939,-1.6907872069987455,0.06573817766215392
2023-03-31,0.6408868644702485,0.573590019366911,-0.7793393405996122,0.1487872961121603
2023-06-30,0.7777834982953796,0.5870788133497467,0.06937241320002907,0.2000247491476386
2023-09-30,0.8627899945702944,0.5987116643444067,0.6129039127464172,0.23436806505827074
2023-12-31,0.9284726448929259,0.6096778685184233,1.0429854861374614,0.2697949696901448
2024-03-31,0.9271555858658802,0.6139103371353947,1.0727239546608787,0.26161268031193863
2024-06-30,0.9340117321317756,0.6155024967850926,1.1495018818920453,0.25739565265336906
2024-09-30,0.9255274301085528,0.6174531616578663,1.132567410011768,0.2622764783292006
