date,rm_sh,rm_shl1,rm_shl2,rm_shl3,rm_shl4,rm_shl5,rm_shl6
1960-03-31,0.1720345195558967,0.0,0.0,0.0,0.0,0.0,0.0
1960-06-30,-1.1356128157302638,0.0,0.0,0.0,0.0,0.0,0.0
1960-09-30,0.3771871479129134,0.0,0.0,0.0,0.0,0.0,0.0
1960-12-31,-0.5548213213878634,0.0,0.0,0.0,0.0,0.0,0.0
1961-03-31,0.43195210099946424,0.0,0.0,0.0,0.0,0.0,0.0
1961-06-30,-0.24339215538075273,0.0,0.0,0.0,0.0,0.0,0.0
1961-09-30,-0.10919813639204437,0.0,0.0,0.0,0.0,0.0,0.0
1961-12-31,-0.23827290755599573,0.0,0.0,0.0,0.0,0.0,0.0
1962-03-31,-0.5275946734650119,0.0,0.0,0.0,0.0,0.0,0.0
1962-06-30,-0.7424696777570857,0.0,0.0,0.0,0.0,0.0,0.0
1962-09-30,0.3768464507004328,0.0,0.0,0.0,0.0,0.0,0.0
1962-12-31,-0.1603365714356552,0.0,0.0,0.0,0.0,0.0,0.0
1963-03-31,-0.0958002675559875,0.0,0.0,0.0,0.0,0.0,0.0
1963-06-30,-0.7267293889800848,0.0,0.0,0.0,0.0,0.0,0.0
1963-09-30,-0.15590535353833845,0.0,0.0,0.0,0.0,0.0,0.0
1963-12-31,-0.24844129856046585,0.0,0.0,0.0,0.0,0.0,0.0
1964-03-31,-1.3070903695841578,0.0,0.0,0.0,0.0,0.0,0.0
1964-06-30,-1.4466437281898439,0.0,0.0,0.0,0.0,0.0,0.0
1964-09-30,-0.1077267312535823,0.0,0.0,0.0,0.0,0.0,0.0
1964-12-31,0.33716733755362766,0.0,0.0,0.0,0.0,0.0,0.0
1965-03-31,-0.700022972142744,0.0,0.0,0.0,0.0,0.0,0.0
1965-06-30,-0.4980060974108491,0.0,0.0,0.0,0.0,0.0,0.0
1965-09-30,-0.41055175115062453,0.0,0.0,0.0,0.0,0.0,0.0
1965-12-31,-0.7184249798371746,0.0,0.0,0.0,0.0,0.0,0.0
1966-03-31,0.16313044224001005,0.0,0.0,0.0,0.0,0.0,0.0
1966-06-30,0.34017779065848314,0.0,0.0,0.0,0.0,0.0,0.0
1966-09-30,0.08459634538523927,0.0,0.0,0.0,0.0,0.0,0.0
1966-12-31,-0.012256174041526825,0.0,0.0,0.0,0.0,0.0,0.0
1967-03-31,0.2594929049463249,0.0,0.0,0.0,0.0,0.0,0.0
1967-06-30,-1.1163265870720027,0.0,0.0,0.0,0.0,0.0,0.0
1967-09-30,-0.45355423751797674,0.0,0.0,0.0,0.0,0.0,0.0
1967-12-31,-0.2168550106678143,0.0,0.0,0.0,0.0,0.0,0.0
1968-03-31,0.05697659170129669,0.0,0.0,0.0,0.0,0.0,0.0
1968-06-30,0.6043445987429281,0.0,0.0,0.0,0.0,0.0,0.0
1968-09-30,-0.6723661447957718,0.0,0.0,0.0,0.0,0.0,0.0
1968-12-31,0.3963172600768684,0.0,0.0,0.0,0.0,0.0,0.0
1969-03-31,0.023161369236680388,0.0,0.0,0.0,0.0,0.0,0.0
1969-06-30,1.6161594722236692,0.0,0.0,0.0,0.0,0.0,0.0
1969-09-30,0.5939623291994065,0.0,0.0,0.0,0.0,0.0,0.0
1969-12-31,-0.5803731148079332,0.0,0.0,0.0,0.0,0.0,0.0
1970-03-31,0.11920665969455939,0.0,0.0,0.0,0.0,0.0,0.0
1970-06-30,0.801401046799166,0.0,0.0,0.0,0.0,0.0,0.0
1970-09-30,-0.3798979222774951,0.0,0.0,0.0,0.0,0.0,0.0
1970-12-31,-0.08889965177127222,0.0,0.0,0.0,0.0,0.0,0.0
1971-03-31,-1.2445236563903823,0.0,0.0,0.0,0.0,0.0,0.0
1971-06-30,1.3507280092474818,0.0,0.0,0.0,0.0,0.0,0.0
1971-09-30,1.4054291109852557,0.0,0.0,0.0,0.0,0.0,0.0
1971-12-31,-1.3448010578689515,0.0,0.0,0.0,0.0,0.0,0.0
1972-03-31,-1.9249415847425666,0.0,0.0,0.0,0.0,0.0,0.0
1972-06-30,0.6878967262046609,0.0,0.0,0.0,0.0,0.0,0.0
1972-09-30,0.5795637422162476,0.0,0.0,0.0,0.0,0.0,0.0
1972-12-31,0.12782031038688305,0.0,0.0,0.0,0.0,0.0,0.0
1973-03-31,1.1629638677641476,0.0,0.0,0.0,0.0,0.0,0.0
1973-06-30,1.123941284457845,0.0,0.0,0.0,0.0,0.0,0.0
1973-09-30,2.9864955229292667,0.0,0.0,0.0,0.0,0.0,0.0
1973-12-31,-0.9588646231006421,0.0,0.0,0.0,0.0,0.0,0.0
1974-03-31,-0.7402066398382312,0.0,0.0,0.0,0.0,0.0,0.0
1974-06-30,1.9858318342350736,0.0,0.0,0.0,0.0,0.0,0.0
1974-09-30,0.33024056092478143,0.0,0.0,0.0,0.0,0.0,0.0
1974-12-31,-0.6886862122827864,0.0,0.0,0.0,0.0,0.0,0.0
1975-03-31,-1.1488641713689396,0.0,0.0,0.0,0.0,0.0,0.0
1975-06-30,0.24552040810784417,0.0,0.0,0.0,0.0,0.0,0.0
1975-09-30,0.8684202273176395,0.0,0.0,0.0,0.0,0.0,0.0
1975-12-31,-0.7411440113896448,0.0,0.0,0.0,0.0,0.0,0.0
1976-03-31,-1.4803395470828165,0.0,0.0,0.0,0.0,0.0,0.0
1976-06-30,0.8365711182588873,0.0,0.0,0.0,0.0,0.0,0.0
1976-09-30,-0.45770056916868834,0.0,0.0,0.0,0.0,0.0,0.0
1976-12-31,-0.17012193020943916,0.0,0.0,0.0,0.0,0.0,0.0
1977-03-31,-0.40271902924420855,0.0,0.0,0.0,0.0,0.0,0.0
1977-06-30,-0.2969650965487084,0.0,0.0,0.0,0.0,0.0,0.0
1977-09-30,0.5085592402534566,0.0,0.0,0.0,0.0,0.0,0.0
1977-12-31,-0.19222495324749933,0.0,0.0,0.0,0.0,0.0,0.0
1978-03-31,0.22020817761943012,0.0,0.0,0.0,0.0,0.0,0.0
1978-06-30,-1.007843197837092,0.0,0.0,0.0,0.0,0.0,0.0
1978-09-30,1.167637038706263,0.0,0.0,0.0,0.0,0.0,0.0
1978-12-31,1.2759588552667747,0.0,0.0,0.0,0.0,0.0,0.0
1979-03-31,0.13017346253926926,0.0,0.0,0.0,0.0,0.0,0.0
1979-06-30,0.5941627792866211,0.0,0.0,0.0,0.0,0.0,0.0
1979-09-30,0.055628864956060724,0.0,0.0,0.0,0.0,0.0,0.0
1979-12-31,2.833941166211875,0.0,0.0,0.0,0.0,0.0,0.0
1980-03-31,1.9899622685493936,0.0,0.0,0.0,0.0,0.0,0.0
1980-06-30,0.5418682288968393,0.0,0.0,0.0,0.0,0.0,0.0
1980-09-30,-2.6272152153372508,0.0,0.0,0.0,0.0,0.0,0.0
1980-12-31,7.141278378871566,0.0,0.0,0.0,0.0,0.0,0.0
1981-03-31,0.9283577678097946,0.0,0.0,0.0,0.0,0.0,0.0
1981-06-30,2.631566525144469,0.0,0.0,0.0,0.0,0.0,0.0
1981-09-30,2.3717392854793515,0.0,0.0,0.0,0.0,0.0,0.0
1981-12-31,-1.6475313524816129,0.0,0.0,0.0,0.0,0.0,0.0
1982-03-31,3.5272086690521873,0.0,0.0,0.0,0.0,0.0,0.0
1982-06-30,2.437272758245913,0.0,0.0,0.0,0.0,0.0,0.0
1982-09-30,-2.680543977799837,0.0,0.0,0.0,0.0,0.0,0.0
1982-12-31,0.39627701620648015,0.0,0.0,0.0,0.0,0.0,0.0
1983-03-31,1.2472281476579068,0.0,0.0,0.0,0.0,0.0,0.0
1983-06-30,0.4100503131813966,0.0,0.0,0.0,0.0,0.0,0.0
1983-09-30,0.31811223003892874,0.0,0.0,0.0,0.0,0.0,0.0
1983-12-31,0.2439061066976069,0.0,0.0,0.0,0.0,0.0,0.0
1984-03-31,0.8676435838415316,0.0,0.0,0.0,0.0,0.0,0.0
1984-06-30,1.0585805510954365,0.0,0.0,0.0,0.0,0.0,0.0
1984-09-30,2.156756761493146,0.0,0.0,0.0,0.0,0.0,0.0
1984-12-31,-1.5446593362296808,0.0,0.0,0.0,0.0,0.0,0.0
1985-03-31,-0.369510082479125,0.0,0.0,0.0,0.0,0.0,0.0
1985-06-30,0.5492807628987408,0.0,0.0,0.0,0.0,0.0,0.0
1985-09-30,0.44444324647025973,0.0,0.0,0.0,0.0,0.0,0.0
1985-12-31,1.0084351411626666,0.0,0.0,0.0,0.0,0.0,0.0
1986-03-31,-0.43227215174150957,0.0,0.0,0.0,0.0,0.0,0.0
1986-06-30,0.06345217847929967,0.0,0.0,0.0,0.0,0.0,0.0
1986-09-30,-1.1674984162278013,0.0,0.0,0.0,0.0,0.0,0.0
1986-12-31,0.5583318349463796,0.0,0.0,0.0,0.0,0.0,0.0
1987-03-31,-0.35520472186322044,0.0,0.0,0.0,0.0,0.0,0.0
1987-06-30,-0.13549857067351603,0.0,0.0,0.0,0.0,0.0,0.0
1987-09-30,-0.054299725889758746,0.0,0.0,0.0,0.0,0.0,0.0
1987-12-31,0.44576401593448084,0.0,0.0,0.0,0.0,0.0,0.0
1988-03-31,-0.8883497960530616,0.0,0.0,0.0,0.0,0.0,0.0
1988-06-30,0.626084907482716,0.0,0.0,0.0,0.0,0.0,0.0
1988-09-30,0.8180871778462219,0.0,0.0,0.0,0.0,0.0,0.0
1988-12-31,-0.11571853521576873,0.0,0.0,0.0,0.0,0.0,0.0
1989-03-31,1.01939713890977,0.0,0.0,0.0,0.0,0.0,0.0
1989-06-30,0.4835899634557436,0.0,0.0,0.0,0.0,0.0,0.0
1989-09-30,-0.3874210779884241,0.0,0.0,0.0,0.0,0.0,0.0
1989-12-31,0.12342209904294957,0.0,0.0,0.0,0.0,0.0,0.0
1990-03-31,-1.3559222730540796,0.0,0.0,0.0,0.0,0.0,0.0
1990-06-30,0.9380059636639414,0.0,0.0,0.0,0.0,0.0,0.0
1990-09-30,0.3779781936029522,0.0,0.0,0.0,0.0,0.0,0.0
1990-12-31,0.5820422896415469,0.0,0.0,0.0,0.0,0.0,0.0
1991-03-31,0.20439645004507295,0.0,0.0,0.0,0.0,0.0,0.0
1991-06-30,-0.26814088159646254,0.0,0.0,0.0,0.0,0.0,0.0
1991-09-30,0.40765332046371777,0.0,0.0,0.0,0.0,0.0,0.0
1991-12-31,-0.3116481919884298,0.0,0.0,0.0,0.0,0.0,0.0
1992-03-31,-1.4235589562796256,0.0,0.0,0.0,0.0,0.0,0.0
1992-06-30,-0.3543924470748919,0.0,0.0,0.0,0.0,0.0,0.0
1992-09-30,-0.6966157098351629,0.0,0.0,0.0,0.0,0.0,0.0
1992-12-31,-0.19184644907977652,0.0,0.0,0.0,0.0,0.0,0.0
1993-03-31,0.060133962467408125,0.0,0.0,0.0,0.0,0.0,0.0
1993-06-30,-0.9639533590308469,0.0,0.0,0.0,0.0,0.0,0.0
1993-09-30,-0.7853624758432336,0.0,0.0,0.0,0.0,0.0,0.0
1993-12-31,-0.28990468981836665,0.0,0.0,0.0,0.0,0.0,0.0
1994-03-31,-0.2863671837347376,0.0,0.0,0.0,0.0,0.0,0.0
1994-06-30,0.22350113712596728,0.0,0.0,0.0,0.0,0.0,0.0
1994-09-30,0.09519653390551225,0.0,0.0,0.0,0.0,0.0,0.0
1994-12-31,-0.0050965518809202685,0.0,0.0,0.0,0.0,0.0,0.0
1995-03-31,1.011169163102173,0.0,0.0,0.0,0.0,0.0,0.0
1995-06-30,0.7875562038534886,0.0,0.0,0.0,0.0,0.0,0.0
1995-09-30,-0.08411931542614469,0.0,0.0,0.0,0.0,0.0,0.0
1995-12-31,0.5226488612135467,0.0,0.0,0.0,0.0,0.0,0.0
1996-03-31,0.10388941782626279,0.0,0.0,0.0,0.0,0.0,0.0
1996-06-30,-0.6728460205985048,0.0,0.0,0.0,0.0,0.0,0.0
1996-09-30,-0.22826188319242527,0.0,0.0,0.0,0.0,0.0,0.0
1996-12-31,-0.2585040578521977,0.0,0.0,0.0,0.0,0.0,0.0
1997-03-31,-0.18866030710937962,0.0,0.0,0.0,0.0,0.0,0.0
1997-06-30,0.12776183324655485,0.0,0.0,0.0,0.0,0.0,0.0
1997-09-30,-0.6954825195892935,0.0,0.0,0.0,0.0,0.0,0.0
1997-12-31,-0.16699997906075903,0.0,0.0,0.0,0.0,0.0,0.0
1998-03-31,0.45267564086041584,0.0,0.0,0.0,0.0,0.0,0.0
1998-06-30,-0.14489403172493695,0.0,0.0,0.0,0.0,0.0,0.0
1998-09-30,0.2708945176084274,0.0,0.0,0.0,0.0,0.0,0.0
1998-12-31,-1.2713770750075315,0.0,0.0,0.0,0.0,0.0,0.0
1999-03-31,0.19486518302099537,0.0,0.0,0.0,0.0,0.0,0.0
1999-06-30,-0.45410760661712807,0.0,0.0,0.0,0.0,0.0,0.0
1999-09-30,0.4062747289916344,0.0,0.0,0.0,0.0,0.0,0.0
1999-12-31,-0.3154431321899113,0.0,0.0,0.0,0.0,0.0,0.0
2000-03-31,-1.6099334536113148,0.0,0.0,0.0,0.0,0.0,0.0
2000-06-30,1.0634698986220827,0.0,0.0,0.0,0.0,0.0,0.0
2000-09-30,0.10061514805773063,0.0,0.0,0.0,0.0,0.0,0.0
2000-12-31,0.11057963034127419,0.0,0.0,0.0,0.0,0.0,0.0
2001-03-31,-1.2405669415548004,0.0,0.0,0.0,0.0,0.0,0.0
2001-06-30,-0.26706448216866424,0.0,0.0,0.0,0.0,0.0,0.0
2001-09-30,-0.033316206541069024,0.0,0.0,0.0,0.0,0.0,0.0
2001-12-31,-1.6092571334002606,0.0,0.0,0.0,0.0,0.0,0.0
2002-03-31,0.6176396381008615,0.0,0.0,0.0,0.0,0.0,0.0
2002-06-30,-0.7069276113809427,0.0,0.0,0.0,0.0,0.0,0.0
2002-09-30,-0.5064427310587986,0.0,0.0,0.0,0.0,0.0,0.0
2002-12-31,0.09952258343766378,0.0,0.0,0.0,0.0,0.0,0.0
2003-03-31,-0.6145444038306092,0.0,0.0,0.0,0.0,0.0,0.0
2003-06-30,-0.08438314412414526,0.0,0.0,0.0,0.0,0.0,0.0
2003-09-30,-0.597279233140336,0.0,0.0,0.0,0.0,0.0,0.0
2003-12-31,-0.5683221458676827,0.0,0.0,0.0,0.0,0.0,0.0
2004-03-31,-0.5250765983686654,0.0,0.0,0.0,0.0,0.0,0.0
2004-06-30,-0.3751070471432958,0.0,0.0,0.0,0.0,0.0,0.0
2004-09-30,-0.38156619860341123,0.0,0.0,0.0,0.0,0.0,0.0
2004-12-31,-0.5576715213930914,0.0,0.0,0.0,0.0,0.0,0.0
2005-03-31,0.5286662538522257,0.0,0.0,0.0,0.0,0.0,0.0
2005-06-30,-0.6103219697437336,0.0,0.0,0.0,0.0,0.0,0.0
2005-09-30,-0.25717645753477875,0.0,0.0,0.0,0.0,0.0,0.0
2005-12-31,0.3268096041813283,0.0,0.0,0.0,0.0,0.0,0.0
2006-03-31,-0.3798774816396462,0.0,0.0,0.0,0.0,0.0,0.0
2006-06-30,-0.019999429201958515,0.0,0.0,0.0,0.0,0.0,0.0
2006-09-30,-0.10480373321128678,0.0,0.0,0.0,0.0,0.0,0.0
2006-12-31,-0.9456541872994317,0.0,0.0,0.0,0.0,0.0,0.0
2007-03-31,-0.6860194103704242,0.0,0.0,0.0,0.0,0.0,0.0
2007-06-30,0.3334641710570018,0.0,0.0,0.0,0.0,0.0,0.0
2007-09-30,-0.5413891852517251,0.0,0.0,0.0,0.0,0.0,0.0
2007-12-31,-1.2156278776652125,0.0,0.0,0.0,0.0,0.0,0.0
2008-03-31,-1.1879153097154738,0.0,0.0,0.0,0.0,0.0,0.0
2008-06-30,-1.1257906125095454,0.0,0.0,0.0,0.0,0.0,0.0
2008-09-30,0.9353910105104019,0.0,0.0,0.0,0.0,0.0,0.0
2008-12-31,0.836534964776509,1.8867904406360894,1.1545210130327477,0.67638489099239,0.3782015049163412,0.26006377072024606,0.3288759718274675
2009-03-31,1.453644246411771,0.6749530580576647,0.42962145081100744,0.44145595535640064,-0.0408507218675214,0.11470930992880758,0.6712094612255849
2009-06-30,0.5139044272331177,-0.011673117098275284,0.03267931861187964,0.5110048815252329,0.4196701390941623,-0.025773090790021165,0.965473591481954
2009-09-30,-0.2602562950380007,-1.094414497900513,-0.623347131224611,-0.6683259813221267,-0.27454993973176695,-0.2132611152757014,0.6525796030640791
2009-12-31,1.4767663418528876,0.4812183952622851,0.14976775846170795,0.5222199124435516,0.11468784539024536,0.1170545723732884,0.8473232551703186
2010-03-31,0.3757034838068503,-0.287709909911497,-0.44570081400804457,-0.6227916755545158,-0.36280997296956086,-0.3713176488209526,0.6699851250499914
2010-06-30,-0.305280720892692,-1.0963129544097614,-0.6174226747763846,-1.011511632040439,-0.8290404723333564,-0.9491136620651406,-0.27024273873999777
2010-09-30,0.7717639073985911,0.3692293698943619,0.08585344923516008,-0.07649355951609876,0.0547905107595768,-0.2660299465934634,-0.5739138006054532
2010-12-31,0.6398921821247824,0.21414052255169552,0.11313315757839025,0.1330108548900861,0.12012734478436027,0.33360114063136403,-0.025204217099686368
2011-03-31,0.035704328251186294,0.22956703074455498,0.16209823744143298,0.3629765657528619,0.25085341304665615,-0.01372906767749081,0.39302402378386836
2011-06-30,0.3986789637145303,-0.5005031879492138,-0.3931840501397187,-0.7454569612776508,-0.3865293830149154,-0.5872160347052063,-0.04204213647636163
2011-09-30,0.4084448692984918,-0.27390611282996086,-0.3244080841619146,-0.4247468181905585,-0.3808173696392031,-0.3438472844289143,-0.7997457144770019
2011-12-31,0.4154389241439123,0.28509210203928803,0.16571974008231133,0.16501265848380764,-0.12779992551254282,0.3196217253714582,-0.6089197658630526
2012-03-31,-0.3333682477259958,-0.2742057452195659,-0.1377474926595222,0.1578585224049734,-0.31849117457942905,0.2255948559969593,-0.5525076883012354
2012-06-30,0.8991277702340809,0.5808249058966547,-0.048258177001831604,0.11981392477688997,-0.21756212121001064,0.022655978606105163,-0.10557067927760719
2012-09-30,0.1924037756809911,0.23844195897378528,0.11627598062347477,0.0002047455664556519,-0.07112445468280416,-0.3272728770785534,-0.5469792056321232
2012-12-31,-0.4347115145142413,-0.5229267172070341,-0.2074659823108921,-0.2124768161075707,-0.15193320901092386,-0.11596811391721558,-0.2783565281903258
2013-03-31,0.8056846483505065,0.005990966656930479,0.11060441031002995,0.08115685102879108,0.049233960811714474,0.02724929313757538,-0.5461816085055646
2013-06-30,0.6227946961791851,0.3667516479646073,0.4087459117693345,0.1200798543548884,0.09665004803833162,0.2863248578125229,-0.06838924449882021
2013-09-30,0.43584017727644875,-0.3370493672830663,-0.09625737344049498,-0.43090613146831863,-0.11737853244703028,-0.34904839749480504,-0.12852216472426323
2013-12-31,0.5016575449289551,-0.10359644820609802,-0.13268026956011775,-0.40739857155614695,0.15193208455290774,-0.11961625938937381,-0.20331647638860806
2014-03-31,0.181977563479747,0.22100972311304048,-0.026876103678544518,-0.3135014406544128,-0.02392361800999871,0.17658189123253265,0.21436500845285011
2014-06-30,-0.13696888175937963,-0.2816361698792593,-0.08268320658398079,-0.017200416989787793,-0.20881943632009012,0.18218731774189464,0.1050098839952952
2014-09-30,0.4320906568146074,0.045844155646383694,-0.19508859869371903,0.05443185014162563,0.053272248072126854,0.0437225342991563,0.08232744285997072
2014-12-31,-0.23993921225964837,-0.0908582218657515,-0.03658020411566934,-0.12955021802303388,-0.12987800166047817,-0.035012986101970386,-0.15492024392760023
2015-03-31,0.7553603167906666,0.18894669154642804,0.0012739956711533451,-0.004802455758503614,0.07926942215184349,-0.12422341596766372,-0.009833394399368475
2015-06-30,-0.002084713192819761,0.07431253505343897,0.07005832837237919,0.12049457107870847,-0.07967385919040337,0.013836192786726889,-0.03042640904323158
2015-09-30,-0.3944026612034339,-0.16324744265561,-0.08234730076973537,-0.22851595850476764,-0.12776739681261598,-0.1671854261897584,-0.05953603938693736
2015-12-31,0.12955436744511048,0.1226124837060195,-0.09197446287488158,0.005961833812912517,-0.05758145702330967,-0.011572160899658455,-0.014145228798912926
2016-03-31,-0.34647651105571187,-0.30504941292492016,-0.2272226833582269,-0.19931148408700233,-0.1329556237173934,-0.11493049878434447,-0.05586635313637607
2016-06-30,0.26426009827665825,0.18232861964593136,0.14181575125551793,0.1486221748088391,0.14832996298165593,0.15477228193788928,0.06180115185339253
2016-09-30,-0.08004246874877399,-0.07474594581928354,-0.016553908392297523,-0.004107055581942726,0.015200757029322965,-0.028994744685552805,-0.03547768598213953
2016-12-31,0.32202288214357333,0.16919178954756872,0.1809806603929411,0.13348992563447848,0.07679512291649176,0.03344470836684367,0.0972221940488867
2017-03-31,-0.17750192588269037,-0.05665317496578755,-0.03461437255599231,-0.05915366766291568,-0.08279611844537867,0.04817577579809672,0.03401189536380771
2017-06-30,-0.13493502965016752,-0.0384275692739028,-0.09020822272996311,-0.08802264432495666,0.035250801802603926,0.04383637363177365,0.03699136788440279
2017-09-30,0.07097486775695298,-0.006473205544760641,-0.03932813239832422,0.07824107471808295,0.08048031902369916,0.08432439990354276,0.07216267397030571
2017-12-31,-0.34940164418275843,-0.16711094765944695,-0.04505338073143229,-0.016368453641009254,0.008670854927723036,0.05932156669478714,0.015503383549550971
2018-03-31,-0.17024453200226827,0.040439102632630605,0.05710169710096248,0.0547263502466161,0.09197230780731033,0.04466924998428672,-0.08399875076172658
2018-06-30,0.014067505049169341,0.01352338409475447,0.028556462050027244,0.05106603906143307,0.004737779922342206,-0.16920452813220638,-0.23096091502917374
2018-09-30,0.12433033336011044,0.06585947384790465,0.11548150743668319,0.04232552080241438,-0.12473822169365649,-0.3147755182476039,0.07991603880515308
2018-12-31,-0.11875920043583299,-0.012733816333550509,-0.05895581681209217,-0.18892175354507235,-0.36942276571339416,0.06322320278163385,-0.30024481925141794
2019-03-31,0.17480393452256965,0.030943262809024624,-0.15268905126923166,-0.2792138926277015,0.11833279338346381,-0.3984587153781571,0.03359557806895718
2019-06-30,-0.06177641415461533,-0.1688864986616906,-0.393554387647232,0.08482323752274036,-0.3954493472488888,0.04750221251245093,-0.09541792691799658
2019-09-30,-0.20382560830367025,-0.23992938893303095,0.18126685017830949,-0.31986794572578076,0.06810584553633912,-0.1450034273240602,-0.14899490887365366
2019-12-31,-0.07888554177745905,0.3171750009623552,-0.21956811088089004,0.1780381653709202,-0.04024523513783055,-0.14752925624892937,-0.08995046807552369
2020-03-31,1.2051461693526122,0.014478535902686395,0.4151369678966721,0.09065393517899141,-0.022553187889541602,-0.026719034615176964,-0.5126341012235248
2020-06-30,1.5341992254174637,1.1350070457823112,0.43649537063874777,-0.0005226279003796674,-0.19274676727185644,0.034911710645387214,-0.5354090531474494
2020-09-30,-0.1239545158077977,-0.3941369881401641,-0.18033606854373943,-0.4387200896112223,-0.39953046402562015,-0.248074629034474,-0.8146392277393913
2020-12-31,-0.6912560426233493,-1.4397532187068975,-0.8339494929271465,-0.6858402027172562,-0.5191784310171309,-0.22406415896561077,-1.0578401860201654
2021-03-31,-0.2719679175212855,-0.9238321953414386,-0.3943303233487119,-0.39279703377642095,-0.4356928645639234,0.1356308947630522,-1.155927527963997
2021-06-30,-1.1601415678096907,-1.442216565707304,-0.5816339961703714,-0.4448884085821546,-0.6565037230574104,0.6518353996098728,-1.189206057709319
2021-09-30,0.9331815516446238,0.2268953305263319,0.037055069882029515,-0.03378398132941501,-1.0962910334379667,0.6273131572852086,-1.2613410160170022
2021-12-31,-0.9482643749199433,-0.7573494167016712,0.1685415720502329,0.49146163064141063,-0.9262451483194448,1.1775412340060505,-1.0725601141115095
2022-03-31,-0.3945053874250593,0.7672008452303776,2.235240945605255,2.125940102920349,-0.50421738927751,2.5047458634854567,-0.05582370936880233
2022-06-30,-0.07739460645532824,-0.7976768793384387,1.9176447794700853,-1.050632727788239,-1.7459881426557917,0.01421016812912301,0.20914353650051015
2022-09-30,0.5376686741723579,-0.8663435973673773,3.497503068434828,-0.6690926905419231,0.8495942359644867,0.9607775886300757,0.7489391557022341
2022-12-31,0.4362663869798865,-1.411928598446877,2.056009886513873,-1.5769908758999458,-0.5154748479890074,-1.4523511665946478,0.8334626458516271
2023-03-31,-1.6994959555595666,-1.8841866442742374,0.90380360963949,-2.238330579942595,1.5032518365468694,-2.2266353383441673,0.7715576774983578
2023-06-30,1.0211551877727558,1.2352420439423695,1.9516737894484228,-0.19850380722037977,2.5035025396650856,-2.140639086952103,1.2362974965171578
2023-09-30,-0.18311689111150653,0.6876868895412529,0.3073219409486118,-0.24696321923868197,2.428797853702622,-2.0259093524807357,1.0859554411839687
2023-12-31,-0.15379526572961014,-0.2102303505651913,-0.8125029327953482,-2.5009453513134225,1.6850452835385055,-2.049699237035649,0.49296701604330595
2024-03-31,0.49867186034820254,1.5262949329139455,1.4478988064840999,-1.5172862304299963,1.9597645395911985,-1.20820474776998,0.6739587617532764
2024-06-30,0.23810929424699598,1.022409355915547,0.719815911859316,-0.7690101040785255,1.4945610694437612,-1.220813031237346,0.7625787168629788
2024-09-30,-0.018737288527802612,-0.9363035356113123,-1.063966045812853,-1.4690931050684115,0.9983024247013096,-0.9908931924556685,0.2169178017527574
2024-12-31,0.43506544787040186,1.7499773058685377,0.7755289088131162,0.4686586340088005,1.0814912044877385,0.9257564322231846,0.5036006467485973
2025-03-31,-0.9230466015374734,0.19428357709951521,-0.737759308075281,-1.1443225396004963,-0.826220189644061,-0.3377975439686137,0.29772567903456837
2025-06-30,0.360670489724604,0.9416122081996009,0.19143300453841866,-1.3325878622980123,0.3787504351008571,-0.3791139234725086,0.2857827083869815
