date,g_sh,b_liqtil_sh,b_liqp_sh,b_safetil_sh,b_safep_sh,mu_sh,z_sh,lambda_f_sh,lambda_w_sh,rm_sh,sigma_omega_sh,mu_e_sh,gamma_sh,pi_star_sh,lr_sh,zp_sh,tfp_sh,gdpdef_sh,corepce_sh,gdp_sh,gdi_sh,BBB_sh,AAA_sh,dettrend,detrendedMean
2007-03-31,0.022462017408001005,0.21645186337655317,-0.1400813529853659,1.9297524434220954,-0.22286771304927994,-0.07249889127207904,1.3888972805191826,-1.273714045758407e-14,-3.1555024884838336e-14,7.784226266156997e-15,0.7291769908378186,0.0,0.0,-4.079509058588068e-14,0.0,0.5559537454452961,0.0,0.0,0.0,0.0,0.0,0.0,0.0,0.16230828594526306,4.5695546696474105
2007-06-30,0.36701288756477984,0.08427913428185807,-0.18066350693830502,2.1823486013359443,-0.19224101867950233,-0.07800754573524504,-0.5178786337224466,-1.3876792858445275e-14,-1.8016676886738558e-14,6.1854898535201595e-15,0.5540865275897324,0.0,0.0,-4.092578073139234e-14,0.0,-0.03317093317177122,0.0,0.0,0.0,0.0,0.0,0.0,0.0,0.16070493604485211,2.3464704485698267
2007-09-30,-0.28297824896188617,0.10125694876053018,-0.42026266268925616,2.71589488866488,-0.20626711352878874,0.044067815609991616,0.9103193155780078,-1.3449698814757856e-14,-1.6323792159028066e-14,6.493818253898177e-15,0.8874537417927764,0.0,0.0,-4.092375334880006e-14,0.0,-0.07619666449332839,0.0,0.0,0.0,0.0,0.0,0.0,0.0,0.15911891727758634,3.8324069380104504
2007-12-31,0.03964819856481239,0.3320463703747494,-0.6061174109963936,2.9678849458230854,-0.26454052196732375,0.04339947688683839,0.30043013842078653,-1.2741720470206709e-14,-2.0166028239931747e-14,8.924921857155018e-15,1.0013496490721727,0.0,0.0,-4.0893835011532314e-14,0.0,0.0071673213884146944,0.0,0.0,0.0,0.0,0.0,0.0,0.0,0.1575500097128604,3.978818177279938
2008-03-31,-0.277378271261299,0.0031341616669783995,-0.8427052649723398,1.4505558331578634,-0.3798005432689087,-0.07360623937253086,0.8752849334008241,-1.4091724662068906e-14,-2.0134822814827134e-14,1.161856132081237e-14,0.7800772105322642,0.0,0.0,-4.08748820715831e-14,0.0,-0.277282339055521,0.0,0.0,0.0,0.0,0.0,0.0,0.0,0.155997996934958,1.4142774777622282
2008-06-30,-0.32702183417846187,0.25467360258433286,-0.8225839695986384,1.1198779201828115,-0.3871813714869125,-0.06930619874530769,-0.10962911781099133,-1.4385728948444016e-14,-1.3181230598039275e-14,1.40351100848754e-14,0.5362874789540713,0.0,0.0,-4.0866497700515823e-14,0.0,-0.3311590360521353,0.0,0.0,0.0,0.0,0.0,0.0,0.0,0.15446266597228794,0.018420139821003545
2008-09-30,0.7150622657443504,-0.08057975557612104,-1.01095265400142,-0.5529579357746133,-0.4736855995698746,-0.12066744082054574,0.013620154479800028,-1.3476033030693561e-14,-1.4158710060084768e-14,1.1377352628435539e-14,0.31975177815334166,0.0,0.0,-4.089034657488841e-14,0.0,-0.31992859302143595,0.0,0.0,0.0,0.0,0.0,0.0,0.0,0.15294380722827308,-1.3573939731583051
2008-12-31,2.2419270830461944,-0.6753420620914032,-1.8965552571941986,-3.5211342336244993,-0.9907522635529143,-0.45827989253575957,3.3782690025148634,-1.9631592604862095e-14,-1.7574049671814155e-14,8.600232652781782e-15,1.2384655019472208,0.0,0.0,-4.092434678449491e-14,0.0,-0.6942771356931966,0.0,0.0,0.0,0.0,0.0,0.0,0.0,0.1514412144138697,-1.226238042769893
2009-03-31,1.5445848154585955,-0.24039222956212963,-1.5903103482601368,-3.508872101905659,-0.8555093204760246,0.28373600462661985,0.2756009676494954,-1.838084296595537e-14,1.1010940350208592e-14,2.0963445442493228e-15,1.1231301567919425,0.0,0.0,-4.083183647033739e-14,0.0,-0.5883225232654312,0.0,0.0,0.0,0.0,0.0,0.0,0.0,0.14995468448167448,-3.4063998944611065
2009-06-30,1.0305653476712135,0.05276214513257499,-1.2739711883221605,-2.5164245188297722,-0.7007706981471395,0.13181100786579916,-2.0517326950940644,-1.7370349701447266e-14,-1.8455419331543186e-14,-2.565095218712356e-15,-0.3095451436387322,0.0,0.0,-4.0744069593819557e-14,0.0,-0.1387679993511255,0.0,0.0,0.0,0.0,0.0,0.0,0.0,0.1484840175615571,-5.6275897251519345
2009-09-30,-0.8848844794165193,0.35721594391512285,-0.8184607284038108,-1.1970360597989393,-0.3952731199536059,0.21174629788419608,-1.763702238127173,-1.6342239433259294e-14,-1.5237099634704467e-14,-3.652293404402638e-15,-1.4894261067723815,0.0,0.0,-4.079132346548743e-14,0.0,0.05263399091504714,0.0,0.0,0.0,0.0,0.0,0.0,0.0,0.14702901689781092,-5.780157482860332
2009-12-31,0.4419747812292102,-0.378162491893232,-0.7090426281150588,-2.6372078712434956,-0.32180293850186875,-0.1704757582494899,-3.339215172283059,-1.4089225327472509e-14,-1.4438436736609407e-14,-6.740614671629384e-15,-1.6945799473175645,0.0,0.0,-4.0918393739119404e-14,0.0,0.2746749982625342,0.0,0.0,0.0,0.0,0.0,0.0,0.0,0.14558948878777223,-8.388247539324336
2010-03-31,-0.10699794551822459,-0.25553130587652195,-0.5298192000936335,-2.412670751924731,-0.1970367953985364,-0.09101603073295583,-0.9773625664446679,-1.4747442001300103e-14,9.707227032258956e-16,-7.850409957063882e-15,-0.7876369807232905,0.0,0.0,-4.097293443961727e-14,0.0,-0.30749414460768404,0.0,0.0,0.0,0.0,0.0,0.0,0.0,0.14416524252185509,-5.521400478798457
2010-06-30,-0.21597281817083844,0.2895599400767588,-0.639343247159262,-0.8921478067949529,-0.31234947125477464,-0.7098820757244357,-0.0256537600708579,-1.534454062509193e-14,-4.8545371199549165e-15,-6.312944341973712e-15,-1.1143616945402401,0.0,0.0,-4.083963561957385e-14,0.0,-0.3788707327440018,0.0,0.0,0.0,0.0,0.0,0.0,0.0,0.14275609032499145,-3.8562655760576883
2010-09-30,0.4345649292309975,0.14175239113976673,-0.7700197983465338,-1.2135033357524279,-0.3034659025033745,-0.4160789197499709,-1.0711746939350812,-1.6490107675332522e-14,-1.489273994126002e-15,-6.005860237945923e-15,-0.10151784035031297,0.0,0.0,-4.071833982713712e-14,0.0,-0.2533367526086213,0.0,0.0,0.0,0.0,0.0,0.0,0.0,0.14136184729942916,-3.4114180755762065
2010-12-31,-1.3683703462356862,-0.0754091262580296,-0.7898517478656083,-1.17153147506479,-0.25513658399484573,-0.7156448604434879,-0.5482836028488371,-1.4196914601012048e-14,2.8986921564975792e-15,-6.485542215473607e-15,-0.7444692915050357,0.0,0.0,-4.0556859412936596e-14,0.0,-0.17940418782312195,0.0,0.0,0.0,0.0,0.0,0.0,0.0,0.13998233136884364,-5.708118890670668
2011-03-31,-1.396168517378819,-0.09997000007141839,-0.571414199797171,-2.2927215711912385,-0.178180647205556,-0.43357791178692207,1.260070199243322,-1.41927320223456e-14,-7.520700941361583e-15,-5.27953678612782e-15,-0.15870924454103646,0.0,0.0,-4.0427068530055176e-14,0.0,-0.05156796412687392,0.0,0.0,0.0,0.0,0.0,0.0,0.0,0.13861736322375331,-3.783622493632032
2011-06-30,-0.7941815152557119,-0.221677182545638,-0.7194166858228889,-1.6710789586674184,-0.16205262970243023,-0.8587223579553592,0.09028763619982239,-1.1714332221398613e-14,1.126239784724951e-14,-4.709116055220266e-15,-0.7817934239789737,0.0,0.0,-4.023378201914781e-14,0.0,-0.6029513682213428,0.0,0.0,0.0,0.0,0.0,0.0,0.0,0.1372667662681871,-5.584319719681802
2011-09-30,-1.77168960142195,-0.06950963607732155,-0.9464341640559859,-1.1952640327956212,-0.31181846978253036,-1.0797594732981326,0.9867717938822332,-1.2682913500862487e-14,8.892633301085824e-15,-4.078498159612894e-15,-0.7720676662747143,0.0,0.0,-4.0009593834764483e-14,0.0,-0.7156407105938352,0.0,0.0,0.0,0.0,0.0,0.0,0.0,0.1359303665675809,-5.739481593850334
2011-12-31,-0.245997824954196,0.12095614123309562,-1.0318593824185844,-0.6606563436675619,-0.3483424632571861,-0.8759884726015251,0.18549562181280735,-1.3651962095004053e-14,2.801222223996356e-14,-2.9069358476449258e-15,0.07429777573826735,0.0,0.0,-3.9707938467880384e-14,0.0,-1.1358100979327017,0.0,0.0,0.0,0.0,0.0,0.0,0.0,0.13460799279786032,-3.783297053249764
2012-03-31,-0.12299905721276959,0.2282850709003231,-0.9800007824468854,-0.663598685190323,-0.37061273937584543,-0.8081060030586847,-0.8392455651795073,-1.1476001414075073e-14,9.46557064825448e-15,-4.472336753581213e-16,-0.14186456308789433,0.0,0.0,-3.933361697868978e-14,0.0,-0.2838800350233064,0.0,0.0,0.0,0.0,0.0,0.0,0.0,0.13329947619570498,-3.8487228834792364
2012-06-30,-0.4882373627739953,-0.1104089654643346,-1.1159279947038376,-1.4233636289362641,-0.36748649634384994,-0.6385226220758907,0.40399967191586045,-1.3073863784429744e-14,1.5857214976026578e-14,-3.4807388997834857e-16,-0.06653126409012917,0.0,0.0,-3.907801540586251e-14,0.0,-0.8155613438407406,0.0,0.0,0.0,0.0,0.0,0.0,0.0,0.13200465050994134,-4.490035355803284
2012-09-30,-0.5285355235549308,-0.05893855846342287,-0.9857675613482357,-2.398081855106386,-0.3786321003913808,-0.5431768692591366,2.1626415422872562,-1.3322727656722084e-14,2.2554431725900376e-14,-2.6395085676079537e-17,0.11925476634760392,0.0,0.0,-3.875203127237281e-14,0.0,-0.5569781013149452,0.0,0.0,0.0,0.0,0.0,0.0,0.0,0.1307233519540335,-3.0374909088495796
2012-12-31,0.04073575235413171,0.1210090405527346,-0.9472261918792518,-1.73940941151742,-0.2879999870303093,-0.500864926981129,0.5629974194748966,-1.3603321422588568e-14,5.168598468810035e-15,1.678824943459745e-15,-0.1873861148281724,0.0,0.0,-3.847673054258524e-14,0.0,-0.20250756289547128,0.0,0.0,0.0,0.0,0.0,0.0,0.0,0.1294554191596728,-3.0111965635903735
2013-03-31,-0.8365731195271388,0.07158227851803696,-0.9726079075061743,-1.6376686471290833,-0.21581354449142653,-0.5690097291162374,-0.45884369519195556,-1.275114863362802e-14,2.9899895983794024e-14,1.1286345463194716e-15,-0.21568025196485555,0.0,0.0,-3.818178286312079e-14,0.0,-0.712858880028868,0.0,0.0,0.0,0.0,0.0,0.0,0.0,0.1282006931314035,-5.419272803306325
2013-06-30,0.035962993212052596,-0.2012551397384045,-0.9985437086945123,-2.254534060429235,-0.155654329409439,-0.5808995293854062,-0.018924468992548772,-1.420149592390105e-14,2.4128780863157538e-14,6.482219519161701e-16,-0.09398045719212576,0.0,0.0,-3.7806284348326227e-14,0.0,-0.6992614587380844,0.0,0.0,0.0,0.0,0.0,0.0,0.0,0.12695901720228336,-4.840131142165456
2013-09-30,-0.3762786445740852,-0.09508587135510521,-0.9077641311518787,-2.5291486411218758,-0.14490713797460886,-0.6688243738965365,-0.5974074286861802,-1.2136012472470868e-14,3.4679721983416815e-14,-1.1871619740844735e-16,-0.22835271964823897,0.0,0.0,-3.745108294380468e-14,0.0,-0.6362413676770843,0.0,0.0,0.0,0.0,0.0,0.0,0.0,0.12573023699054175,-6.058280079095073
2013-12-31,-0.8774620748707236,-0.15764040340708552,-0.8945044571165524,-2.4022456958464744,-0.06318059594567996,-0.5474754471006389,-1.3230964172649626,-1.1371091359500866e-14,3.2596057173775775e-14,-7.151346944570777e-16,0.03815401532870305,0.0,0.0,-3.7083877333859466e-14,0.0,-0.7675774846894733,0.0,0.0,0.0,0.0,0.0,0.0,0.0,0.12451420035721207,-6.870514360555703
2014-03-31,-1.2298496349722872,-0.2013865826942522,-0.8372337283420382,-2.8546194830353806,-0.05610199634558546,-0.5236770987383166,1.1072173338571825,-1.3442493572515005e-14,2.2862124346395714e-14,1.6748774281413585e-17,0.04725101115866809,0.0,0.0,-3.667934958146025e-14,0.0,-0.5701744030454032,0.0,0.0,0.0,0.0,0.0,0.0,0.0,0.12331075736471632,-4.995263824792728
2014-06-30,-0.011111720805525305,0.009124432402742591,-0.8625258258779128,-1.9456016379414585,-0.03921710505135165,-0.6116183690028637,-0.37533152128802144,-1.1182176119509533e-14,3.756633000616574e-14,1.5394008958227912e-15,0.10436564505797477,0.0,0.0,-3.6303776142979495e-14,0.0,-0.701560682886582,0.0,0.0,0.0,0.0,0.0,0.0,0.0,0.12211976023637985,-4.311357025156636
2014-09-30,-0.4641483560548911,-0.1447720647999881,-0.9355518990289214,-1.8795164168815761,-0.037819747093451254,-0.5828006304011675,-0.9049832655900364,-1.1594032472590822e-14,3.6571258393777077e-14,2.1983165363383235e-15,0.354763930339259,0.0,0.0,-3.586476751533662e-14,0.0,-0.7288637769389991,0.0,0.0,0.0,0.0,0.0,0.0,0.0,0.12094106331684054,-5.202751163132941
2014-12-31,-0.5263499434418136,0.14824072713752584,-1.0665257230736254,-1.3698672826200817,-0.11805381437641513,-0.5559968717063735,0.5574767337337865,-1.3429898598138158e-14,3.189935287056089e-14,4.101877416758937e-15,0.8617946518202966,0.0,0.0,-3.539512550361388e-14,0.0,-0.7088389137829476,0.0,0.0,0.0,0.0,0.0,0.0,0.0,0.11977452303334818,-2.658345913276318
2015-03-31,-0.022377282523978387,-0.10503194482386266,-1.1525332463769185,-2.050604014629871,-0.16647610711418467,-0.5314105566248906,-0.4067985352671877,-1.4931410042964064e-14,2.604473085671583e-14,3.448395695538922e-15,0.6556600274265858,0.0,0.0,-3.4931504804875826e-14,0.0,-0.5394504822689387,0.0,0.0,0.0,0.0,0.0,0.0,0.0,0.1186199978579182,-4.200402144345356
2015-06-30,-0.32493816269902004,-0.2349990549605373,-1.187963522454052,-2.1503523655550514,-0.16429757866255681,-0.47225439949731085,-0.3590447124761832,-1.1037639671585928e-14,2.582319637142473e-14,3.2732617654960444e-15,0.6504082422442735,0.0,0.0,-3.452999973882544e-14,0.0,-0.48584933473075714,0.0,0.0,0.0,0.0,0.0,0.0,0.0,0.1174773482703252,-4.611813540520889
2015-09-30,-0.6919052083636303,-0.005548203144815023,-1.3945102744777507,-1.2799099010433348,-0.2568268036476827,-0.5402313421692584,0.637340701207068,-1.2552768117606225e-14,2.6618860180132943e-14,4.028758070248331e-15,0.7683050669482204,0.0,0.0,-3.40749434342024e-14,0.0,-0.6932309586555072,0.0,0.0,0.0,0.0,0.0,0.0,0.0,0.1163464367219105,-3.340170486624797
2015-12-31,-0.1698641828969546,-0.06549269204900876,-1.3833708930463815,-1.7070682513162438,-0.3090256209763842,-0.42397173374150626,1.4563178089481132,-1.3604629090526582e-14,3.243520321668265e-14,4.235014853565967e-15,0.8360173494354508,0.0,0.0,-3.357018796079409e-14,0.0,-0.7746729174951115,0.0,0.0,0.0,0.0,0.0,0.0,0.0,0.11522712760019226,-2.425904005537844
2016-03-31,-0.04879525242743335,0.27395568991432223,-1.6056866902977418,-0.14956980241279916,-0.32738789050443573,-0.3353894288355099,0.3193162214596241,-1.2527125600631529e-14,3.328430102172157e-14,4.913663950555902e-15,0.7264682440674823,0.0,0.0,-3.3057524069507176e-14,0.0,-0.7423289578684644,0.0,0.0,0.0,0.0,0.0,0.0,0.0,0.1141192871942453,-1.7752985797107301
2016-06-30,-0.9376014982433218,-0.11350475935496579,-1.4022563696858048,-1.3984083541078305,-0.24047398816133492,-0.15766632299526762,1.4061845495699334,-8.970453272863111e-15,3.7693889429313366e-14,5.42321839073602e-15,-0.030814471815300448,0.0,0.0,-3.2589401704320383e-14,0.0,-0.7120470274759723,0.0,0.0,0.0,0.0,0.0,0.0,0.0,0.1130227836608412,-3.473565458609031
2016-09-30,-0.43985600286689186,0.047238547635667164,-1.3553530120946877,-0.7935904538114114,-0.1689836026675298,-0.15660340374064696,-0.02862571683847992,-1.0863032904445699e-14,3.96411778015453e-14,5.8651975461120284e-15,0.04121561044061839,0.0,0.0,-3.2195444630114397e-14,0.0,-0.7519351144798105,0.0,0.0,0.0,0.0,0.0,0.0,0.0,0.11193748699132647,-3.4945556614318516
2016-12-31,-0.40507618727602146,-0.24500659919939627,-1.1674172703391503,-1.525559376990676,-0.08103228855378154,-0.16036163469880932,-0.09951221415067568,-1.0759659408396622e-14,3.698935843601376e-14,5.542337353850272e-15,-0.041930073956326724,0.0,0.0,-3.1752070301664894e-14,0.0,-0.7572739008688376,0.0,0.0,0.0,0.0,0.0,0.0,0.0,0.11086326897922319,-4.372306277054463
2017-03-31,-0.7134587270974075,-0.034346912686231135,-1.0257489677480662,-1.1132939611419508,-0.02353810942709804,-0.11858067475614134,0.09105393221443402,-1.003892818457402e-14,3.590399074210615e-14,5.7636178618183425e-15,0.10762125671790511,0.0,0.0,-3.132623570497461e-14,0.0,-0.7549227134419187,0.0,0.0,0.0,0.0,0.0,0.0,0.0,0.10980000318853116,-3.475414874177943
2017-06-30,-0.10834776860460371,-0.04691866653704958,-0.9868677938011442,-1.0208929884154272,-0.024397853338896817,-0.23479618443553993,0.8201345500079738,-1.1678837535152312e-14,3.69453616040967e-14,6.014993707185574e-15,0.11609769073672863,0.0,0.0,-3.08946609059342e-14,0.0,-0.8006925007866026,0.0,0.0,0.0,0.0,0.0,0.0,0.0,0.10874756492271656,-2.177933950251853
2017-09-30,-0.22766962826150353,-0.13783928332140225,-0.8743426838410558,-1.3314163135396555,-0.015443897295007373,-0.20112492229864964,-0.13657362407755,-1.1044259203888306e-14,3.2741140818976495e-14,5.379015051581994e-15,0.24713965901678264,0.0,0.0,-3.0492958726094684e-14,0.0,-0.5799021811766076,0.0,0.0,0.0,0.0,0.0,0.0,0.0,0.10770583119436326,-3.149467043600288
2017-12-31,-0.6130770498665827,0.13512075468221457,-0.7460828622199126,-0.7714612915492056,-0.03519832638445781,-0.3202388463292294,-1.222565994152005,-9.635727126477586e-15,3.0043090652882777e-14,5.793853712091673e-15,0.16110937912062287,0.0,0.0,-3.0129481006094896e-14,0.0,-0.4697886585003823,0.0,0.0,0.0,0.0,0.0,0.0,0.0,0.10667468069548251,-3.775508214503459
2018-03-31,-0.37758793792068107,0.05800974513911977,-0.627690902320631,-1.0043928308342385,-0.02343019009921489,-0.2826320998153015,0.15958453008050472,-7.96778733407989e-15,3.38080442665943e-14,6.598035986126127e-15,0.21957012814717256,0.0,0.0,-2.976870681787564e-14,0.0,-0.5842068784213438,0.0,0.0,0.0,0.0,0.0,0.0,0.0,0.10565399376845744,-2.3571224422761583
2018-06-30,0.009912782472309145,-0.11545374985970253,-0.7151000010535876,-1.1052046365372203,-0.049215003463655746,-0.283754213863645,0.4065940246610251,-7.625935228170237e-15,3.810889772163647e-14,6.3038285151283074e-15,0.461519107749426,0.0,0.0,-2.937642510096213e-14,0.0,-0.7946577499905304,0.0,0.0,0.0,0.0,0.0,0.0,0.0,0.1046436523776055,-2.080715787507966
2018-09-30,0.3162701588116168,-0.09173802856099186,-0.68280365650529,-0.9929167628882344,-0.05492824965062725,-0.21692842374800778,-0.09626325383893786,-9.68900304767635e-15,3.72139483629864e-14,5.441031069512162e-15,0.5582746326766816,0.0,0.0,-2.89586139729304e-14,0.0,-0.6698084355570639,0.0,0.0,0.0,0.0,0.0,0.0,0.0,0.10364354008134999,-1.8271984791795
2018-12-31,0.18223775410527332,0.014268483477848759,-0.7521099079343029,-0.5919813174068781,-0.10834645288730044,-0.22786264014122815,1.3196208331801984,-8.422453739981177e-15,4.1603375876445145e-14,5.184156516812873e-15,0.5859749031912265,0.0,0.0,-2.855548543884142e-14,0.0,-0.7255089155473361,0.0,0.0,0.0,0.0,0.0,0.0,0.0,0.10265354200497763,-0.20105371795751203
2019-03-31,0.7476380315034857,0.03887157501219454,-0.8045429603383268,-0.5173976920935518,-0.17691841773135328,-0.2336673107367439,-0.4274244511543472,-9.87664758070956e-15,2.609413040718564e-14,3.9941584864410285e-15,0.467187276314752,0.0,0.0,-2.8164547765984187e-14,0.0,-0.5610386791598989,0.0,0.0,0.0,0.0,0.0,0.0,0.0,0.10167354481397359,-1.3656190835698276
2019-06-30,-1.0380477555795127,0.27169355609052714,-0.8268232177351365,0.5494213879015185,-0.15097367144741236,-0.15422372628269543,-0.9849202417172922,-8.329444160651e-15,3.7210050776078264e-14,3.280586674406792e-15,0.18834198307003486,0.0,0.0,-2.7800538625669997e-14,0.0,-0.7296397751438932,0.0,0.0,0.0,0.0,0.0,0.0,0.0,0.10070343668792518,-2.7744680241559387
2019-09-30,-0.3241705237240904,0.3591063308281335,-0.8145871591618882,0.567055603246881,-0.09320041791182732,0.07331197142417953,-0.57766949550412,-8.799841977146832e-15,4.120153394495819e-14,4.522163816136755e-15,0.4169856023188982,0.0,0.0,-2.739675188609801e-14,0.0,-0.8078873467337495,0.0,0.0,0.0,0.0,0.0,0.0,0.0,0.09974310729496191,-1.1013123279226156
2019-12-31,0.35862473521711413,0.24039110703447766,-0.7062003671767964,-0.9313500057152027,-0.03191695785312848,0.2062948269273395,0.011895760403399874,-9.497028984950956e-15,3.146326180310668e-14,6.897135083438859e-15,0.5599698461369521,0.0,0.0,-2.6999311852413477e-14,0.0,-0.537590801369343,0.0,0.0,0.0,0.0,0.0,0.0,0.0,0.0987924477667402,-0.7310894086284492
2020-03-31,-0.46550958962458555,-0.31110659738954877,-0.9859633328828723,-3.2277507184444447,-0.11316127321483474,0.04518302142983597,0.29805002266121994,-8.365743087626947e-15,3.1800001876078756e-14,4.11402094983434e-15,0.3746811158083856,0.0,0.0,-2.668967469984779e-14,0.0,-0.621770536375803,0.0,0.0,0.0,0.0,0.0,0.0,0.0,0.09785135067394828,-4.909496537358702
2020-06-30,-0.6558265591631284,-0.6988709499201669,-1.1354839174448632,-5.3213788164243505,-0.23477497246737128,-0.1841091320039899,0.33621040922494994,-1.4686612682639216e-14,2.7948128780592112e-14,6.98415605599375e-17,0.4129764292756341,0.0,0.0,-2.6416568714192178e-14,0.0,-0.7922042212200509,0.0,0.0,0.0,0.0,0.0,0.0,0.0,0.09691971000231629,-8.176542020141031
2020-09-30,-0.9486518978327891,-0.3810392750934827,-0.8930988900556462,-4.796234442370333,-0.18288751313017648,-0.17651962143352354,-0.246758753705822,-4.3404111202890564e-15,2.8903422933721886e-14,-2.1710008350126587e-15,-0.3460139486480448,0.0,0.0,-2.6163651443897138e-14,0.0,-0.1263970613740225,0.0,0.0,0.0,0.0,0.0,0.0,0.0,0.09599742112913155,-8.001603982514707
2020-12-31,-0.2802753404167289,0.199358669658097,-0.7132475811552995,-3.020560843433051,-0.1562133902269098,-0.31224135055184943,-3.5320811383187505,-5.7706046631867514e-15,1.60886235040226e-14,-2.0633952803553168e-15,-0.5190508783251077,0.0,0.0,-2.5964889798435797e-14,0.0,-0.3808991436424915,0.0,0.0,0.0,0.0,0.0,0.0,0.0,0.09508438080023454,-8.620126615611873
2021-03-31,-1.8386706212837745,-0.1166571162578497,-0.5271025114971085,-3.140442212368216,0.023026812934789476,0.1418262765982033,-1.8192005149103387,6.236392277241775e-16,3.012746305980746e-14,5.384675175434898e-16,0.2482584434542622,0.0,0.0,-2.5624730064648817e-14,0.0,-0.37821749778395064,0.0,0.0,0.0,0.0,0.0,0.0,0.0,0.0941804871074852,-7.312998454006492
2021-06-30,-2.9149451857671247,0.43491788409751153,-0.40836262800326345,-2.3782911847968498,0.09212021508776394,0.2496275331181324,-1.432529427779087,7.063629843527502e-15,2.7119802504010547e-14,6.320250574003683e-15,0.8258537015713889,0.0,0.0,-2.5210329948989895e-14,0.0,-0.28331147953756697,0.0,0.0,0.0,0.0,0.0,0.0,0.0,0.09328563946669967,-5.721634932542384
2021-09-30,0.17940828193265024,-0.4982800101895348,-0.35884981889201983,-5.017642004687368,0.12194692595018232,-0.02548244880106284,0.13761121371010954,7.083066554748649e-15,3.2550673023955146e-14,8.568853819159733e-15,0.2033946750943828,0.0,0.0,-2.4822453926827312e-14,0.0,-0.6898124957834506,0.0,0.0,0.0,0.0,0.0,0.0,0.0,0.09239973859603284,-5.855305943070054
2021-12-31,1.0281740444216592,0.00752610168336923,-0.34796972112439983,-3.943771019075541,0.15500269811355571,-0.17238636151529974,-0.17838477827640692,9.87494856252862e-15,3.603086801971636e-14,1.2983689656564394e-14,0.41330392994925896,0.0,0.0,-2.447769310621978e-14,0.0,-0.7798651129884171,0.0,0.0,0.0,0.0,0.0,0.0,0.0,0.0915226864948055,-3.726847532317387
2022-03-31,0.1427165370855651,-0.44460345424359404,-0.5463931437889498,-3.949904083158688,0.11843994668603647,-0.577241874463118,2.2557558253249814,1.3427977404852349e-14,5.16439465047971e-14,1.6872097635969043e-14,-0.07790866608384928,0.0,0.0,-2.4088926963273816e-14,0.0,-0.9013012890618319,0.0,0.0,0.0,0.0,0.0,0.0,0.0,0.09065438642275578,-3.8897858152806424
2022-06-30,-0.3907659285458223,-0.43611152519244173,-0.44609433296422085,-3.578425906884377,0.178637288303375,-0.2962365549487183,1.6726537667224406,1.5359997317765798e-14,6.949892663927629e-14,1.7358138866759265e-14,0.6722987101392641,0.0,0.0,-2.3669580748775426e-14,0.0,-1.5407833676262008,0.0,0.0,0.0,0.0,0.0,0.0,0.0,0.08979474287971712,-4.075033108116908
2022-09-30,0.2212657771721085,-0.15349944790238415,-0.3728358245008455,-1.9111827017925775,0.20281785418482137,-0.2736187030553275,-0.7998390428147388,1.3089369348520762e-14,6.281264496667681e-14,1.3844297663406977e-14,0.7780838101734278,0.0,0.0,-2.311321104592382e-14,0.0,-1.327755538046983,0.0,0.0,0.0,0.0,0.0,0.0,0.0,0.08894366158570247,-3.5476201549967374
2022-12-31,-0.11545637378389477,-0.05787825933447441,-0.3156237243565268,-0.455690875866517,0.23576319199123721,-0.18140593591629117,-0.8231151647444883,1.3978968717033654e-14,7.326135912186681e-14,8.676479296377103e-15,0.6851156366507622,0.0,0.0,-2.2586816278949055e-14,0.0,-1.5532195008787542,0.0,0.0,0.0,0.0,0.0,0.0,0.0,0.088101049461392,-2.493409956777477
2023-03-31,-0.25295232965336645,0.6270002804954224,-0.28690005038434085,1.9840424259896436,0.17831133607428293,-0.267533207634878,1.0082251761372318,1.4952964598630463e-14,7.324497777990485e-14,9.280506126053854e-15,0.2784636514501717,0.0,0.0,-2.2122110962874227e-14,0.0,-0.46878808591417753,0.0,0.0,0.0,0.0,0.0,0.0,0.0,0.08726681460900539,2.887136011169069
2023-06-30,-0.6975330611057837,0.16681483179117196,-0.31196419657676244,1.918257723932349,0.19173198364884264,-0.2303138542442219,-1.4341958545633584,1.292600370640088e-14,6.621365892937333e-14,6.139924453105396e-15,-0.19523825067425027,0.0,0.0,-2.1804322761847787e-14,0.0,-0.7930381432110574,0.0,0.0,0.0,0.0,0.0,0.0,0.0,0.08644086629356539,-1.299037954709441
2023-09-30,0.20283727619392972,0.05731736090215843,-0.09459661223503282,1.5263764560912207,0.2906123180632356,0.1430958637575045,-1.1014147672508199,1.2564328345005795e-14,6.473173693743283e-14,3.768418380932589e-15,0.1731099419615848,0.0,0.0,-2.1438559026493492e-14,0.0,-0.7734394704723396,0.0,0.0,0.0,0.0,0.0,0.0,0.0,0.08562311492452286,0.509521481936015
2023-12-31,-0.24942602572246642,0.42717373953102594,-0.05563490317975417,2.2387926310474286,0.31603964150866587,0.1831477031744963,-2.196943653426974,1.1411287901277135e-14,6.133491234556327e-14,1.6839197698576573e-15,-0.013292575611413324,0.0,0.0,-2.10514974497393e-14,0.0,-0.8470259888430443,0.0,0.0,0.0,0.0,0.0,0.0,0.0,0.08481347203775699,-0.11235595948422183
2024-03-31,-0.9170354845373361,-0.10763643571855952,-0.10287091223629327,1.2495323608560227,0.34802250598888596,0.15738280062036916,-1.9629967559495498,1.5091682876294782e-14,4.829024781899535e-14,-8.747530549831388e-16,-0.4603812981836753,0.0,0.0,-2.0766171094409978e-14,0.0,-0.30038571924505963,0.0,0.0,0.0,0.0,0.0,0.0,0.0,0.08401185027792475,-2.0123570881272332
2024-06-30,-0.5568114563351145,-0.10298317066690191,-0.10516815341681175,1.3878967715925064,0.42148680995769744,0.28828182437280686,-1.5174075159400815,1.4986422858820194e-14,5.807635601868423e-14,-3.0433790724434512e-15,-0.07446596318360701,0.0,0.0,-2.054155148108598e-14,0.0,-0.7660051117501261,0.0,0.0,0.0,0.0,0.0,0.0,0.0,0.08321816338115963,-0.9419578019884263
2024-09-30,-0.8458486093457562,0.08594669318074483,-0.15899399188613814,1.7977151244538403,0.41279590293619434,0.22938587523736417,-1.0448356602461075,1.437026320331426e-14,6.147736642789605e-14,-4.494772508618538e-15,-0.03956676860630632,0.0,0.0,-2.0180945654043168e-14,0.0,-0.887058246588407,0.0,0.0,0.0,0.0,0.0,0.0,0.0,0.08243232615810536,-0.3680273547064117
2024-12-31,-0.33173512287728457,0.033061156346796274,-0.15740405196727666,1.4320644664084783,0.4086679439068326,0.2409775311784527,-0.28267194733796663,1.4525007010037263e-14,6.013708788501584e-14,-4.246727825377045e-15,0.044379500056762,0.0,0.0,-1.9842440998287477e-14,0.0,-0.8289452812845982,0.0,0.0,0.0,0.0,0.0,0.0,0.0,0.08165425447729113,0.640048448907538
2025-03-31,-0.2191654966589309,0.012717651122290948,-0.1558300114476038,1.1407862169334817,0.40458126446776443,0.24200628402740662,-0.07778895525786361,1.4668357437882856e-14,6.024986028984607e-14,-3.743392226308213e-15,0.08670312883564721,0.0,0.0,-1.9516719143986606e-14,0.0,-0.8124849612468069,0.0,0.0,0.0,0.0,0.0,0.0,0.0,0.08088386524881719,0.7024089860242597
2025-06-30,-0.19751246441307568,0.004892105054394951,-0.1542717113331277,0.9087532183583967,0.4005354518230869,0.2380776627860476,-0.01484732647693269,1.4805872601193522e-14,5.993893344064034e-14,-3.256578507111727e-15,0.10870342088747323,0.0,0.0,-1.9193927849043626e-14,0.0,-0.807828211582178,0.0,0.0,0.0,0.0,0.0,0.0,0.0,0.08012107640836809,0.5666232215125087
2025-09-30,-0.1954998924031589,0.0018818484351474899,-0.1527289942197963,0.7239151381900836,0.3965300973048563,0.23134161600851116,0.0059874978301689375,1.4948708932584156e-14,5.971782464600885e-14,-2.7774752179556603e-15,0.11843562214205147,0.0,0.0,-1.887381461737184e-14,0.0,-0.807287478892804,0.0,0.0,0.0,0.0,0.0,0.0,0.0,0.0793658069015289,0.40194126129663754
2025-12-31,-0.1970020081656834,0.0007238915545537914,-0.15120170427759827,0.5766726507416782,0.3925647963318078,0.22291901498659009,0.010675171597103513,1.50836185794804e-14,5.954571715565305e-14,-2.300651194467892e-15,0.12007837852068352,0.0,0.0,-1.8556345387484956e-14,0.0,-0.8085116674528978,0.0,0.0,0.0,0.0,0.0,0.0,0.0,0.07861797666840534,0.2455365005046959
2026-03-31,-0.1985446648563584,0.00027845971703507227,-0.14968968723482218,0.4593789086174809,0.38863914836848984,0.21352065513344928,0.00734491917469883,1.5201207243996304e-14,5.939902565598161e-14,-1.83034651222192e-15,0.11630228383335398,0.0,0.0,-1.8241520210899057e-14,0.0,-0.8105454640163369,0.0,0.0,0.0,0.0,0.0,0.0,0.0,0.0778775066285373,0.10456206536558144
2026-06-30,-0.19951377027529185,0.00010711523504229439,-0.14819279036247385,0.3659424136226616,0.384752756884805,0.20363431952587338,-0.0005695283465319618,1.5294480294101064e-14,5.926493364315335e-14,-1.3745775543020133e-15,0.10897152563712374,0.0,0.0,-1.7929337606212385e-14,0.0,-0.8128772700321688,0.0,0.0,0.0,0.0,0.0,0.0,0.0,0.07714431866610343,-0.020600909444806526
2026-09-30,-0.19990969227074712,4.120406965969262e-5,-0.14671086245884904,0.2915106627141378,0.38090522931595705,0.19360109539248543,-0.011150050274255098,1.5358396826226162e-14,5.913632962592416e-14,-9.411517314229248e-16,0.09942221593857567,0.0,0.0,-1.7619791141858485e-14,0.0,-0.815187691763487,0.0,0.0,0.0,0.0,0.0,0.0,0.0,0.07641833561540133,-0.13105955372107658
2026-12-31,-0.19984007570563406,1.5849989554122234e-5,-0.14524375383426041,0.2322181395558608,0.3770961770227976,0.183657825057529,-0.02314928298225328,1.538962470276885e-14,5.900910460960828e-14,-5.361535529775433e-16,0.08861401797151862,0.0,0.0,-1.7312871253586777e-14,0.0,-0.8172677365500836,0.0,0.0,0.0,0.0,0.0,0.0,0.0,0.07569948124661564,-0.22819935822830417
2027-03-31,-0.19941122797949307,6.097023205127323e-6,-0.14379131629591768,0.18498556394716043,0.3733252152525696,0.17396549709507703,-0.035712518968191206,1.538632371314811e-14,5.888082006840286e-14,-1.6368699769158853e-16,0.0772307126330775,0.0,0.0,-1.7008566993151937e-14,0.0,-0.8189821826330885,0.0,0.0,0.0,0.0,0.0,0.0,0.0,0.07498768025183561,-0.3133964796737123
2027-06-30,-0.19870943497369123,2.345344887140122e-6,-0.1423534031329584,0.14735997340387494,0.369591963100044,0.16462969898207788,-0.04825127372909287,1.5347928835581577e-14,5.875003996882694e-14,1.7391140215307894e-16,0.06575256669402632,0.0,0.0,-1.670686710272075e-14,0.0,-0.8202478825411864,0.0,0.0,0.0,0.0,0.0,0.0,0.0,0.07428285823135791,-0.3879425886206114
2027-09-30,-0.19780146766054754,9.021849604079444e-7,-0.14092986910162872,0.1173873317368345,0.3658960434690437,0.15571571069597906,-0.0603675292486309,1.5274936164166128e-14,5.861597138951731e-14,4.757382404829028e-16,0.054509847174159354,0.0,0.0,-1.6407760594754838e-14,0.0,-0.8210188969465797,0.0,0.0,0.0,0.0,0.0,0.0,0.0,0.07358494168022592,-0.4530229860161312
2027-12-31,-0.19673833494345444,3.470439281576125e-7,-0.13952057041061236,0.09351104871963338,0.3622370830343533,0.14725971276751185,-0.071801450380397,1.5168698328821034e-14,5.847825191018405e-14,7.419961268482717e-16,0.04372270156551598,0.0,0.0,-1.6111237035918517e-14,0.0,-0.8212757439445516,0.0,0.0,0.0,0.0,0.0,0.0,0.0,0.07289385797503814,-0.5097113485729858
2028-03-31,-0.19555889321229833,1.3349755677026913e-7,-0.1381253647065061,0.07449114059640738,0.3586147122040099,0.13927710982644953,-0.08239336592928104,1.5031234921322527e-14,5.833681184866837e-14,9.737114748372402e-16,0.03353091492055023,0.0,0.0,-1.5817286660818634e-14,0.0,-0.8210175016177446,0.0,0.0,0.0,0.0,0.0,0.0,0.0,0.07220953536098643,-0.5589715790598164
2028-06-30,-0.19429274977213096,5.13525700327145e-8,-0.13674411105944093,0.05933983313555425,0.3550285650819699,0.13176869802528388,-0.09205568453891162,1.486506139081335e-14,5.819177872418398e-14,1.1725023085853957e-15,0.024016090471169656,0.0,0.0,-1.552590038853588e-14,0.0,-0.8202559945942598,0.0,0.0,0.0,0.0,0.0,0.0,0.0,0.071531902939147,-0.6016633989589921
2028-09-30,-0.192962495777594,1.9753817958946796e-8,-0.1353766699488464,0.047270262857610844,0.3514782794311503,0.12472521857413614,-0.10075208697474655,1.467303812623166e-14,5.804340824833671e-14,1.3403912564468153e-15,0.015218148493024698,0.0,0.0,-1.5237069784804542e-14,0.0,-0.8190115276479699,0.0,0.0,0.0,0.0,0.0,0.0,0.0,0.07086089065400004,-0.638549960585364
2028-12-31,-0.1915854016997802,7.598710603948167e-9,-0.1340229032493578,0.03765561230216549,0.3479634966368389,0.1181307038559801,-0.1084821329956498,1.4458240140313475e-14,5.789203354544187e-14,1.4796568601314943e-15,0.007147564217897586,0.0,0.0,-1.4950786995909017e-14,0.0,-0.8173097723030256,0.0,0.0,0.0,0.0,0.0,0.0,0.0,0.07019642928117623,-0.670306396354986
2029-03-31,-0.190174700109114,2.9229995375876406e-9,-0.13268267421686414,0.029996557076955165,0.34448386167047057,0.11196492137724615,-0.11526991425686046,1.4223846853366516e-14,5.773802768797029e-14,1.5927167025541062e-15,-0.0002055874025011426,0.0,0.0,-1.466704467049059e-14,0.0,-0.8151795126109832,0.0,0.0,0.0,0.0,0.0,0.0,0.0,0.06953845041543581,-0.697528595133166
2029-06-30,-0.1887405554960359,1.12439148618685e-9,-0.1313558474746954,0.023895334093910994,0.34103902305376593,0.10620514483734574,-0.12115573152177268,1.3973050861058911e-14,5.758177630542147e-14,1.6820367774270649e-15,-0.00686497722958757,0.0,0.0,-1.4385835879253167e-14,0.0,-0.8126510299952107,0.0,0.0,0.0,0.0,0.0,0.0,0.0,0.06888688645885972,-0.7207417521489716
2029-09-30,-0.18729079761088716,4.325200535065814e-10,-0.13004228899994835,0.01903508425966279,0.33762863282322836,0.10082742446404898,-0.12619002994394332,1.3708984185255466e-14,5.742365794385452e-14,1.750062428817553e-15,-0.012863154232998148,0.0,0.0,-1.41071540384805e-14,0.0,-0.8097549621502158,0.0,0.0,0.0,0.0,0.0,0.0,0.0,0.06824167060925956,-0.7404084203492229
2029-12-31,-0.18583147628338204,1.6637753522157664e-10,-0.12874186610994875,0.015163396809956823,0.33425234649499613,0.09580748577175367,-0.13042901721954528,1.3434660291854165e-14,5.726403042065478e-14,1.799166955300412e-15,-0.018238011042666917,0.0,0.0,-1.3830992840547338e-14,0.0,-0.8065215123443484,0.0,0.0,0.0,0.0,0.0,0.0,0.0,0.067602736848797,-0.7569359169079561
2030-03-31,-0.1843672814905647,6.400036585869521e-11,-0.12745444744884918,0.012079200684362103,0.3309098230300463,0.09112135355621231,-0.13393153290978038,1.3152930069222092e-14,5.710322180736002e-14,1.8316146028017008e-15,-0.02303024218801145,0.0,0.0,-1.3557346192804269e-14,0.0,-0.8029799165624912,0.0,0.0,0.0,0.0,0.0,0.0,0.0,0.06697001993280442,-0.7706830233322168
2030-06-30,-0.18290186169188824,2.461889303314465e-11,-0.12617990297436052,0.009622322161831608,0.32760072479974595,0.08674577361222323,-0.13675684515407407,1.2866449960217105e-14,5.69415249596845e-14,1.849535190395775e-15,-0.027281539453897767,0.0,0.0,-1.3286208165054146e-14,0.0,-0.7991580992936059,0.0,0.0,0.0,0.0,0.0,0.0,0.0,0.06634345537881471,-0.7819659725905361
2030-09-30,-0.1814380653344586,9.470005456157984e-12,-0.12491810394461682,0.007665166446480442,0.3243247175517486,0.08265848637032001,-0.13896313217155373,1.2577660502970396e-14,5.67791947351689e-14,1.8549080497983572e-15,-0.031033332741534463,0.0,0.0,-1.3017572945138109e-14,0.0,-0.7950824663270389,0.0,0.0,0.0,0.0,0.0,0.0,0.0,0.06572297945577779,-0.7910637506853491
2030-12-31,-0.17997812431128998,3.64267821772845e-12,-0.12366892290517054,0.006106091197539563,0.3210814703762312,0.07883839290331239,-0.14060646699475154,1.2288773639907863e-14,5.661644721451018e-14,1.8495533306267354e-15,-0.03432593293336293,0.0,0.0,-1.2751434801764224e-14,0.0,-0.7907777961081013,0.0,0.0,0.0,0.0,0.0,0.0,0.0,0.06510852917347691,-0.7982227595984164
2031-03-31,-0.17852379354111447,1.401080098254358e-12,-0.12243223367611869,0.004864127866367459,0.31787065567246897,0.07526564343028154,-0.14174016976956563,1.2001767285106855e-14,5.645346038394264e-14,1.8351290422158745e-15,-0.037197969436906585,0.0,0.0,-1.2487788053543034e-14,0.0,-0.7862672010992202,0.0,0.0,0.0,0.0,0.0,0.0,0.0,0.06450004227212972,-0.8036608982802278
2031-06-30,-0.17707645735933739,5.388061062140751e-13,-0.12120791133935738,0.003874776700011664,0.3146919491157444,0.07192167069795535,-0.1424144264346209,1.1718385785077459e-14,5.629037585045624e-14,1.8131324774116203e-15,-0.0396860422715553,0.0,0.0,-1.2226627043168411e-14,0.0,-0.7815721380125007,0.0,0.0,0.0,0.0,0.0,0.0,0.0,0.063897457212172,-0.8075711216908972
2031-09-30,-0.17563721078714542,2.071173573068488e-13,-0.11999583222596372,0.003086657030290167,0.311545029624587,0.06878918480987106,-0.14267609848220703,1.1440145058537099e-14,5.6127301254440626e-14,1.7849049003971893e-15,-0.04182452898515328,0.0,0.0,-1.196794611574039e-14,0.0,-0.7767124513364487,0.0,0.0,0.0,0.0,0.0,0.0,0.0,0.06330071316422543,-0.8101245371876831
2031-12-31,-0.17420692176812053,7.952905047849958e-14,-0.11879587390370394,0.0024588388855056233,0.3084295793283412,0.06585214172217153,-0.1425686679270576,1.1168341350237695e-14,5.596431311955032e-14,1.7516385839230554e-15,-0.04364550201709124,0.0,0.0,-1.1711739600335312e-14,0.0,-0.7717064387358443,0.0,0.0,0.0,0.0,0.0,0.0,0.0,0.06270974999923791,-0.8114730944164295
2032-03-31,-0.1727862789703846,3.0452117560913295e-14,-0.11760791516466679,0.001958717345511589,0.30534528353505785,0.06309569436969616,-0.14213227616895635,1.0904062677836672e-14,5.580145994036842e-14,1.7143854551622626e-15,-0.04517872362189299,0.0,0.0,-1.1458001794060432e-14,0.0,-0.7665709300073374,0.0,0.0,0.0,0.0,0.0,0.0,0.0,0.06212450827879584,-0.8117519204040893
2032-06-30,-0.1713758286278621,1.1576150031195213e-14,-0.11643183601302,0.001560319247521221,0.30229183069970744,0.06050613295487236,-0.14140382633612678,1.0648202186094172e-14,5.563876535737066e-14,1.6740667571728791e-15,-0.04645169408108696,0.0,0.0,-1.1206726947963547e-14,0.0,-0.7613213735861396,0.0,0.0,0.0,0.0,0.0,0.0,0.0,0.061544929245610946,-0.8110813464964561
2032-09-30,-0.16997600304577198,4.317559196282417e-15,-0.1152675176528897,0.0012429543036233132,0.2992689123927104,0.05807081911981537,-0.14041712684643967,1.0401472747400429e-14,5.547623130786771e-14,1.6314832576594012e-15,-0.047489735376767164,0.0,0.0,-1.0957909254300198e-14,0.0,-0.7559719263184514,0.0,0.0,0.0,0.0,0.0,0.0,0.0,0.06097095481416385,-0.8095686686099495
2032-12-31,-0.1685871427555495,1.5277867844479756e-15,-0.1141148424763607,0.0009901405775453419,0.2962762232687834,0.05577811737465078,-0.13920306000634655,1.016442226074265e-14,5.531384107276869e-14,1.5873256411753804e-15,-0.048316097315653714,0.0,0.0,-1.0711542834777644e-14,0.0,-0.7505355434883071,0.0,0.0,0.0,0.0,0.0,0.0,0.0,0.060402527561514714,-0.807309677259666
2033-03-31,-0.16720951382155896,4.569933848407396e-16,-0.11297369405159698,0.0007887485166944503,0.2933134610360957,0.05361732615624405,-0.13778976399770695,9.937449202322892e-15,5.5151562163614125e-14,1.542184807669272e-15,-0.04895207668350017,0.0,0.0,-1.046762172949692e-14,0.0,-0.7450240670280212,0.0,0.0,0.0,0.0,0.0,0.0,0.0,0.05983959071827194,-0.8043899891550175
2033-06-30,-0.16584332143741767,4.739703582623613e-17,-0.11184395711108089,0.0006283190858918684,0.29038032642573475,0.05157861015390147,-0.13620281996777334,9.720818070236377e-15,5.4989349013569466e-14,1.4965618716974345e-15,-0.04941714268108498,0.0,0.0,-1.02261398864002e-14,0.0,-0.7394483105323321,0.0,0.0,0.0,0.0,0.0,0.0,0.0,0.05928208815971091,-0.8008862079043899
2033-09-30,-0.1644887206745182,-1.078995535228576e-16,-0.11072551753996997,0.0005005205909616434,0.2874765231614775,0.049652934996464344,-0.13446543842898676,9.514674443352878e-15,5.482714545095368e-14,1.4508777148555635e-15,-0.049729063874816154,0.0,0.0,-9.98709115110073e-15,0.0,-0.7338181402007055,0.0,0.0,0.0,0.0,0.0,0.0,0.0,0.05872996439705125,-0.796866937572986
2033-12-31,-0.16314582503757705,-1.6541745703254336e-16,-0.10961826236457017,0.000398715983012067,0.28460175792986286,0.047832004999133176,-0.13259864101220678,9.319059441488791e-15,5.4664886945230184e-14,1.405481990944799e-15,-0.04990403335958891,0.0,0.0,-9.750469257027096e-15,0.0,-0.728142551197665,0.0,0.0,0.0,0.0,0.0,0.0,0.0,0.05818316456887685,-0.7923936694906661
2034-03-31,-0.16181471332485525,-1.8536532604742424e-16,-0.10852207974092437,0.00031761817191949164,0.2817557403505642,0.04610820438128721,-0.13062143496446552,9.133923430931254e-15,5.450250262389682e-14,1.3606615208169872e-15,-0.04995678990927681,0.0,0.0,-9.516267815855069e-15,0.0,-0.7224297391827139,0.0,0.0,0.0,0.0,0.0,0.0,0.0,0.05764163443270401,-0.787521559785703
2034-06-30,-0.16049543517211026,-1.9090319598920367e-16,-0.10743685894351501,0.00025301544816788674,0.2789381829470587,0.04447454216051187,-0.12855097876419613,8.959138867279614e-15,5.433991706494727e-14,1.3166480432613403e-15,-0.049900733678619254,0.0,0.0,-9.284480308231938e-15,0.0,-0.7166871669466529,0.0,0.0,0.0,0.0,0.0,0.0,0.0,0.05710532035669018,-0.7823001125926039
2034-09-30,-0.15918801556925657,-1.9093953429322945e-16,-0.10636249035407974,0.00020155275318390085,0.2761488011175882,0.042924600782259015,-0.1264027379362785,8.79451220733207e-15,5.417705187400453e-14,1.2736253110415893e-15,-0.049748035592717545,0.0,0.0,-9.05510007481702e-15,0.0,-0.7109216262192849,0.0,0.0,0.0,0.0,0.0,0.0,0.0,0.05657416931148531,-0.7767737817070466
2034-12-31,-0.15789245857098053,-1.8890060152827607e-16,-0.10529886545053886,0.00016055743872629775,0.2733873131064124,0.04145248844319649,-0.12419063065603758,8.639794854288449e-15,5.4013827058235524e-14,1.2317355384292665e-15,-0.04950973997210825,0.0,0.0,-8.828120307676612e-15,0.0,-0.7051392948001026,0.0,0.0,0.0,0.0,0.0,0.0,0.0,0.05604812886221184,-0.77098250159916
2035-03-31,-0.15660875037066882,-1.8610377441896102e-16,-0.10424587679603337,0.00012790046636990067,0.2706534399753484,0.04005279499776711,-0.12192716308793819,8.494693126753846e-15,5.385016221105194e-14,1.1910852193062085e-15,-0.04919586023376319,0.0,0.0,-8.603534042078452e-15,0.0,-0.6993457892195715,0.0,0.0,0.0,0.0,0.0,0.0,0.0,0.0555271471605908,-0.7649621571078351
2035-06-30,-0.15533686186823822,-1.8305517133852185e-16,-0.10320341802807294,0.00010188583865947321,0.267946905575595,0.03872055129289664,-0.11962355465046018,8.358877262750564e-15,5.368597752264936e-14,1.1517503439833876e-15,-0.04881546771235867,0.0,0.0,-8.381334148732098e-15,0.0,-0.6935462131723537,0.0,0.0,0.0,0.0,0.0,0.0,0.0,0.055011172937185784,-0.7587449997870892
2035-09-30,-0.15407675083244876,-1.7994881735434084e-16,-0.1021713838477921,8.116251968408296e-5,0.2652674365198391,0.037451191748663175,-0.11728985356285822,8.231989485954175e-15,5.352119463183264e-14,1.1137810490255877e-15,-0.04837677378513731,0.0,0.0,-8.161513326520925e-15,0.0,-0.6877452019816978,0.0,0.0,0.0,0.0,0.0,0.0,0.0,0.05450015549378261,-0.7523600177279128
2035-12-31,-0.15282836373580747,-1.768586643005641e-16,-0.10114967000931406,6.465427078134687e-5,0.26261476215464075,0.036240519988174034,-0.11493504313421615,8.113651173372949e-15,5.335573733449268e-14,1.077205738192005e-15,-0.04788720557479618,0.0,0.0,-7.944064095767139e-15,0.0,-0.6819469633606546,0.0,0.0,0.0,0.0,0.0,0.0,0.0,0.05399404469589377,-0.745833264705237
2036-03-31,-0.1515916373229286,-1.7381246050643118e-16,-0.10013817330922083,5.1503757479963754e-5,0.2599886145330944,0.03508467731426135,-0.11256713931676023,8.003469172326795e-15,5.3189532163664197e-14,1.0420347146079302e-15,-0.047353475561365536,0.0,0.0,-7.728978792066386e-15,0.0,-0.6761553147343359,0.0,0.0,0.0,0.0,0.0,0.0,0.0,0.05349279096538335,-0.7391881536743385
2036-06-30,-0.15036649996002446,-1.708201709017755e-16,-0.09913679157612852,4.1028024947170293e-5,0.25738872838776355,0.03398011383124275,-0.11019328007601012,7.901041320420748e-15,5.3022508855418154e-14,1.0082633648919633e-15,-0.04678164546529852,0.0,0.0,-7.516249560719806e-15,0.0,-0.6703737173805815,0.0,0.0,0.0,0.0,0.0,0.0,0.0,0.05299634527321482,-0.7324457189408218
2036-09-30,-0.14915287280306305,-1.6788491338553318e-16,-0.09814542366036715,3.268302961629771e-5,0.25481484110388597,0.03292356201488407,-0.10781980713904067,7.80596122575018e-15,5.285460071399932e-14,9.758749355201097e-16,-0.04617718477752354,0.0,0.0,-7.30586835178723e-15,0.0,-0.6646053076359928,0.0,0.0,0.0,0.0,0.0,0.0,0.0,0.05250465913231532,-0.7256248507352288
2036-12-31,-0.14795067081440075,-1.6500716916926454e-16,-0.09716396942376337,2.603538499056095e-5,0.25226669269284724,0.03191201254142826,-0.10545234067562828,7.717822366257674e-15,5.268574488868011e-14,9.448429404927378e-16,-0.04554502431308307,0.0,0.0,-7.0978269157750134e-15,0.0,-0.6588529254016489,0.0,0.0,0.0,0.0,0.0,0.0,0.0,0.05201768459055579,-0.7187425054186534
2037-03-31,-0.14675980365185787,-1.6218640532756092e-16,-0.09619232972952566,2.0739854278087573e-5,0.24974402576591886,0.03094269219604187,-0.10309584745025713,7.636221567362196e-15,5.251588257381279e-14,9.151332376078282e-16,-0.044889605157165606,0.0,0.0,-6.892116799966788e-15,0.0,-0.6531191401690093,0.0,0.0,0.0,0.0,0.0,0.0,0.0,0.05153537422384706,-0.7118138941176806
2037-06-30,-0.14558017644921567,-1.5942170146462122e-16,-0.09523040643223031,1.6521420967411327e-5,0.24724658550825973,0.030013043691517294,-0.1007547029594834,7.560761916024425e-15,5.234495914255647e-14,8.86705808513824e-16,-0.04421492335893471,0.0,0.0,-6.688729345397783e-15,0.0,-0.6474062747721019,0.0,0.0,0.0,0.0,0.0,0.0,0.0,0.0510576811293418,-0.7048526522218266
2037-09-30,-0.14441169050400648,-1.5671199290699451e-16,-0.09427810236790789,1.3161006202049836e-5,0.24477411965317725,0.02912070723900938,-0.09843274804162888,7.491055167571485e-15,5.217292422376824e-14,8.595162753587803e-16,-0.043524570711294834,0.0,0.0,-6.487655684467873e-15,0.0,-0.6417164270576607,0.0,0.0,0.0,0.0,0.0,0.0,0.0,0.050584558918750425,-0.6978709918653037
2037-12-31,-0.14325424388515573,-1.5405616604382542e-16,-0.09333532134422873,1.0484091204560478e-5,0.24232637845664556,0.02826350372359164,-0.09613334041605891,7.426723699111184e-15,5.199973173059033e-14,8.335171843807641e-16,-0.0428217719355826,0.0,0.0,-6.28888673918202e-15,0.0,-0.636051489650729,0.0,0.0,0.0,0.0,0.0,0.0,0.0,0.05011596171176045,-0.690879839248494
2038-03-31,-0.14210773197119098,-1.5145309649236056e-16,-0.09240196813078637,8.351653870441277e-6,0.23990311467207914,0.02743941934823342,-0.0938594015787694,7.367402060412363e-15,5.182533984835621e-14,8.086590842793871e-16,-0.04210941856974972,0.0,0.0,-6.0924132200035595e-15,0.0,-0.6304131679796089,0.0,0.0,0.0,0.0,0.0,0.0,0.0,0.04965184412956307,-0.6838889584263059
2038-06-30,-0.14097204792780782,-1.48901665007004e-16,-0.0914779484494784,6.652948835649588e-6,0.2375040835253584,0.026646591620227547,-0.09161345945058043,7.31273816987147e-15,5.1649710988585544e-14,7.848914247359533e-16,-0.0413900998381527,0.0,0.0,-5.898225625299788e-15,0.0,-0.624802996711054,0.0,0.0,0.0,0.0,0.0,0.0,0.0,0.04919216128847746,-0.6769070629941147
2038-09-30,-0.13984708313210828,-1.4640076459743997e-16,-0.09056316896498352,5.299756059920078e-6,0.2351290426901049,0.02588329656404877,-0.08939768714455071,7.262394199755196e-15,5.1472811715045113e-14,7.621632980533465e-16,-0.04066613076076148,0.0,0.0,-5.7063142413576764e-15,0.0,-0.619222354734334,0.0,0.0,0.0,0.0,0.0,0.0,0.0,0.04873686879368303,-0.6699419169327818
2038-12-31,-0.13873272754998855,-1.439493040655779e-16,-0.08965753727533361,4.2217992335245955e-6,0.23277775226320388,0.025147937054015846,-0.08721393819072762,7.21604719140735e-15,5.129461264712314e-14,7.404240446006907e-16,-0.03993957773997237,0.0,0.0,-5.516669142942989e-15,0.0,-0.613672478821341,0.0,0.0,0.0,0.0,0.0,0.0,0.0,0.04828592273304068,-0.6630004257278128
2039-03-31,-0.13762887007190777,-1.4154620999210088e-16,-0.08876096190258019,3.363096068378112e-6,0.23044997474057188,0.024439032168928867,-0.08506377852929048,7.173389437616747e-15,5.1115088345098785e-14,7.196237405929442e-16,-0.039212281844470426,0.0,0.0,-5.329280194376097e-15,0.0,-0.6081544760792261,0.0,0.0,0.0,0.0,0.0,0.0,0.0,0.04783927967102159,-0.6560887187508315
2039-06-30,-0.13653539881171348,-1.3919042797751005e-16,-0.08787335228355427,2.679050930598335e-6,0.2281454749931662,0.02375520747905674,-0.08294851555764803,7.134128665924721e-15,5.093421718128401e-14,6.997135847243322e-16,-0.03848587999186998,0.0,0.0,-5.1441370510937814e-15,0.0,-0.6026693353021124,0.0,0.0,0.0,0.0,0.0,0.0,0.0,0.0473968966427209,-0.649212223780973
2039-09-30,-0.13545220137255326,-1.3688092346831887e-16,-0.08699461876071865,2.1341388241661187e-6,0.22586402024323454,0.023095186183460407,-0.0808692244932458,7.097988053352208e-15,5.075198120047163e-14,6.806461983155752e-16,-0.0377618242152264,0.0,0.0,-4.961229161667387e-15,0.0,-0.5972179373193133,0.0,0.0,0.0,0.0,0.0,0.0,0.0,0.046958731147969106,-0.6423757344475143
