date,obs_gdp,obs_hours,obs_wages,obs_gdpdeflator,obs_corepce,obs_nominalrate,obs_consumption,obs_investment,obs_BBBspread,obs_longinflation,obs_longrate,obs_tfp,obs_gdi,obs_AAAspread,obs_nominalrate1,obs_nominalrate2,obs_nominalrate3,obs_nominalrate4,obs_nominalrate5,obs_nominalrate6,,
6/30/1970,1.87,NaN,2.62,1.81,NaN,1.99,0.58,5.67,NaN,NaN,2.06,NaN,NaN,NaN,NaN,NaN,NaN,NaN,NaN,NaN,,
9/30/1970,1.02,NaN,2.03,1.78,NaN,1.90,0.99,0.70,NaN,NaN,2.10,NaN,NaN,NaN,NaN,NaN,NaN,NaN,NaN,NaN,,
12/31/1970,1.04,NaN,2.26,1.17,NaN,1.81,1.75,-0.04,NaN,NaN,2.09,NaN,NaN,NaN,NaN,NaN,NaN,NaN,NaN,NaN,,
3/31/1971,-0.38,NaN,0.97,2.30,NaN,1.63,-0.11,-0.82,NaN,NaN,1.97,NaN,NaN,NaN,NaN,NaN,NaN,NaN,NaN,NaN,,
6/30/1971,0.98,NaN,0.84,1.13,NaN,1.48,1.18,2.83,NaN,NaN,1.98,NaN,NaN,NaN,NaN,NaN,NaN,NaN,NaN,NaN,,
9/30/1971,1.84,NaN,1.95,1.67,NaN,1.56,1.15,0.17,NaN,NaN,2.01,NaN,NaN,NaN,NaN,NaN,NaN,NaN,NaN,NaN,,
12/31/1971,0.66,NaN,1.64,1.10,NaN,1.50,1.01,1.60,NaN,NaN,1.96,NaN,NaN,NaN,NaN,NaN,NaN,NaN,NaN,NaN,,
3/31/1972,1.25,NaN,1.97,2.16,NaN,1.26,0.92,0.36,NaN,NaN,1.90,NaN,NaN,NaN,NaN,NaN,NaN,NaN,NaN,NaN,,
6/30/1972,0.61,NaN,0.44,1.59,NaN,1.19,0.37,1.28,NaN,NaN,1.89,NaN,NaN,NaN,NaN,NaN,NaN,NaN,NaN,NaN,,
9/30/1972,1.12,NaN,0.92,1.57,NaN,1.21,2.07,0.57,NaN,NaN,1.90,NaN,NaN,NaN,NaN,NaN,NaN,NaN,NaN,NaN,,
12/31/1972,1.16,NaN,1.45,1.54,NaN,1.60,0.71,2.02,NaN,NaN,1.95,NaN,NaN,NaN,NaN,NaN,NaN,NaN,NaN,NaN,,
3/31/1973,1.65,NaN,1.47,3.51,NaN,1.70,0.32,1.26,NaN,NaN,1.99,NaN,NaN,NaN,NaN,NaN,NaN,NaN,NaN,NaN,,
6/30/1973,0.50,NaN,0.77,2.43,NaN,2.12,0.82,0.29,NaN,NaN,2.08,NaN,NaN,NaN,NaN,NaN,NaN,NaN,NaN,NaN,,
9/30/1973,1.19,NaN,1.51,2.38,NaN,2.55,0.35,1.21,NaN,NaN,2.15,NaN,NaN,NaN,NaN,NaN,NaN,NaN,NaN,NaN,,
12/31/1973,0.84,NaN,1.68,2.32,NaN,2.77,1.67,0.85,NaN,NaN,2.18,NaN,NaN,NaN,NaN,NaN,NaN,NaN,NaN,NaN,,
3/31/1974,0.87,NaN,0.97,3.16,NaN,2.81,0.42,1.10,NaN,NaN,2.34,NaN,NaN,NaN,NaN,NaN,NaN,NaN,NaN,NaN,,
6/30/1974,0.25,NaN,1.69,3.49,NaN,2.87,1.40,-1.62,NaN,NaN,2.52,NaN,NaN,NaN,NaN,NaN,NaN,NaN,NaN,NaN,,
9/30/1974,0.63,NaN,0.52,3.38,NaN,2.88,0.14,0.97,NaN,NaN,2.67,NaN,NaN,NaN,NaN,NaN,NaN,NaN,NaN,NaN,,
12/31/1974,-1.79,NaN,1.26,3.27,NaN,2.67,-0.78,-3.05,NaN,NaN,2.65,NaN,NaN,NaN,NaN,NaN,NaN,NaN,NaN,NaN,,
3/31/1975,-0.88,NaN,0.39,2.77,NaN,2.20,0.29,-1.95,NaN,NaN,2.47,NaN,NaN,NaN,NaN,NaN,NaN,NaN,NaN,NaN,,
6/30/1975,0.81,NaN,1.68,2.32,NaN,1.76,1.68,-1.61,NaN,NaN,2.39,NaN,NaN,NaN,NaN,NaN,NaN,NaN,NaN,NaN,,
9/30/1975,1.00,NaN,1.16,2.26,NaN,1.60,1.30,-0.36,NaN,NaN,2.36,NaN,NaN,NaN,NaN,NaN,NaN,NaN,NaN,NaN,,
12/31/1975,0.81,NaN,1.28,1.85,NaN,1.65,1.45,1.60,NaN,NaN,2.32,NaN,NaN,NaN,NaN,NaN,NaN,NaN,NaN,NaN,,
3/31/1976,1.53,NaN,0.82,2.17,NaN,1.75,1.53,0.12,NaN,NaN,2.36,NaN,NaN,NaN,NaN,NaN,NaN,NaN,NaN,NaN,,
6/30/1976,1.00,NaN,0.67,3.87,NaN,2.14,-0.31,0.43,NaN,NaN,2.53,NaN,NaN,NaN,NaN,NaN,NaN,NaN,NaN,NaN,,
9/30/1976,0.62,NaN,1.13,3.06,NaN,2.34,0.20,-0.36,NaN,NaN,2.58,NaN,NaN,NaN,NaN,NaN,NaN,NaN,NaN,NaN,,
12/31/1976,1.48,NaN,1.26,2.31,NaN,2.30,1.32,2.72,NaN,NaN,2.61,NaN,NaN,NaN,NaN,NaN,NaN,NaN,NaN,NaN,,
3/31/1977,0.27,NaN,0.13,2.58,NaN,2.55,0.07,0.87,NaN,NaN,2.58,NaN,NaN,NaN,NaN,NaN,NaN,NaN,NaN,NaN,,
6/30/1977,-0.04,NaN,1.25,2.83,NaN,2.34,0.79,-2.07,NaN,NaN,2.56,NaN,NaN,NaN,NaN,NaN,NaN,NaN,NaN,NaN,,
9/30/1977,0.19,NaN,0.56,2.14,NaN,2.25,1.20,0.78,NaN,NaN,2.52,NaN,NaN,NaN,NaN,NaN,NaN,NaN,NaN,NaN,,
12/31/1977,1.10,NaN,0.40,2.40,NaN,2.28,0.60,1.53,NaN,NaN,2.50,NaN,NaN,NaN,NaN,NaN,NaN,NaN,NaN,NaN,,
3/31/1978,0.49,NaN,0.80,2.34,NaN,2.01,-0.43,0.00,NaN,NaN,2.43,NaN,NaN,NaN,NaN,NaN,NaN,NaN,NaN,NaN,,
6/30/1978,0.93,NaN,0.21,2.29,NaN,1.98,0.61,0.45,NaN,NaN,2.39,NaN,NaN,NaN,NaN,NaN,NaN,NaN,NaN,NaN,,
9/30/1978,0.23,NaN,0.67,2.23,NaN,2.29,0.52,0.27,NaN,NaN,2.39,NaN,NaN,NaN,NaN,NaN,NaN,NaN,NaN,NaN,,
12/31/1978,0.95,NaN,0.82,1.92,NaN,2.28,0.90,1.53,NaN,NaN,2.44,NaN,NaN,NaN,NaN,NaN,NaN,NaN,NaN,NaN,,
3/31/1979,0.29,NaN,0.94,2.14,NaN,1.92,0.75,-1.62,NaN,NaN,2.43,NaN,NaN,NaN,NaN,NaN,NaN,NaN,NaN,NaN,,
6/30/1979,1.12,NaN,0.13,2.36,NaN,2.34,1.43,3.69,NaN,NaN,2.54,NaN,NaN,NaN,NaN,NaN,NaN,NaN,NaN,NaN,,
9/30/1979,0.00,NaN,0.69,3.06,NaN,2.76,-0.87,0.35,NaN,NaN,2.65,NaN,NaN,NaN,NaN,NaN,NaN,NaN,NaN,NaN,,
12/31/1979,0.75,NaN,0.77,2.48,NaN,3.17,1.31,2.05,NaN,NaN,2.78,NaN,NaN,NaN,NaN,NaN,NaN,NaN,NaN,NaN,,
3/31/1980,0.81,NaN,0.66,2.90,NaN,3.18,1.01,2.18,NaN,NaN,3.02,NaN,NaN,NaN,NaN,NaN,NaN,NaN,NaN,NaN,,
6/30/1980,-0.82,NaN,-0.52,2.82,NaN,3.31,-1.21,-1.70,NaN,NaN,3.08,NaN,NaN,NaN,NaN,NaN,NaN,NaN,NaN,NaN,,
9/30/1980,-0.35,NaN,0.30,2.29,NaN,3.06,0.87,-0.31,NaN,NaN,3.06,NaN,NaN,NaN,NaN,NaN,NaN,NaN,NaN,NaN,,
12/31/1980,-0.10,NaN,0.64,2.02,NaN,3.17,0.44,-0.85,NaN,NaN,3.21,NaN,NaN,NaN,NaN,NaN,NaN,NaN,NaN,NaN,,
3/31/1981,-0.07,NaN,-0.25,2.41,NaN,3.36,-0.05,-0.65,NaN,NaN,3.34,NaN,NaN,NaN,NaN,NaN,NaN,NaN,NaN,NaN,,
6/30/1981,0.05,NaN,1.03,2.77,NaN,3.88,0.01,-0.13,NaN,NaN,3.63,NaN,NaN,NaN,NaN,NaN,NaN,NaN,NaN,NaN,,
9/30/1981,0.08,NaN,0.45,2.90,NaN,4.03,0.08,-1.42,NaN,NaN,3.81,NaN,NaN,NaN,NaN,NaN,NaN,NaN,NaN,NaN,,
12/31/1981,-0.04,NaN,0.18,2.82,NaN,3.86,0.57,-3.04,NaN,NaN,3.78,NaN,NaN,NaN,NaN,NaN,NaN,NaN,NaN,NaN,,
3/31/1982,0.25,NaN,-0.12,2.36,NaN,3.58,-0.18,-0.01,NaN,NaN,3.70,NaN,NaN,NaN,NaN,NaN,NaN,NaN,NaN,NaN,,
6/30/1982,0.15,NaN,-0.27,2.68,NaN,3.60,-0.33,-0.53,NaN,NaN,3.63,NaN,NaN,NaN,NaN,NaN,NaN,NaN,NaN,NaN,,
9/30/1982,-0.59,NaN,0.20,2.06,NaN,3.34,-0.28,-1.25,NaN,NaN,3.57,NaN,NaN,NaN,NaN,NaN,NaN,NaN,NaN,NaN,,
12/31/1982,-0.15,NaN,0.02,2.20,NaN,3.15,0.63,-1.49,NaN,NaN,3.42,NaN,NaN,NaN,NaN,NaN,NaN,NaN,NaN,NaN,,
3/31/1983,0.59,NaN,-0.35,2.15,NaN,2.97,0.10,0.05,NaN,NaN,3.25,NaN,NaN,NaN,NaN,NaN,NaN,NaN,NaN,NaN,,
6/30/1983,0.64,NaN,0.61,1.76,NaN,2.96,0.30,0.22,NaN,NaN,3.23,NaN,NaN,NaN,NaN,NaN,NaN,NaN,NaN,NaN,,
9/30/1983,0.19,NaN,0.52,2.24,NaN,3.05,-0.30,0.17,NaN,NaN,3.28,NaN,NaN,NaN,NaN,NaN,NaN,NaN,NaN,NaN,,
12/31/1983,0.92,NaN,-0.27,2.02,NaN,3.04,0.96,-1.34,NaN,NaN,3.27,NaN,NaN,NaN,NaN,NaN,NaN,NaN,NaN,NaN,,
3/31/1984,0.73,NaN,0.61,1.66,NaN,2.86,0.73,-0.06,NaN,NaN,3.15,NaN,NaN,NaN,NaN,NaN,NaN,NaN,NaN,NaN,,
6/30/1984,-0.52,NaN,-1.10,1.47,NaN,2.71,-0.25,-2.55,NaN,NaN,3.13,NaN,NaN,NaN,NaN,NaN,NaN,NaN,NaN,NaN,,
9/30/1984,0.81,NaN,0.37,1.61,NaN,2.60,-0.06,1.00,NaN,NaN,3.05,NaN,NaN,NaN,NaN,NaN,NaN,NaN,NaN,NaN,,
12/31/1984,0.42,NaN,0.69,1.11,NaN,2.53,0.51,1.23,NaN,NaN,2.85,NaN,NaN,NaN,NaN,NaN,NaN,NaN,NaN,NaN,,
3/31/1985,0.16,5.60,0.43,1.56,NaN,2.47,0.91,-1.64,NaN,NaN,2.74,NaN,NaN,NaN,NaN,NaN,NaN,NaN,NaN,NaN,,
6/30/1985,0.81,5.52,0.06,1.39,NaN,2.49,0.34,1.35,NaN,NaN,2.71,NaN,NaN,NaN,NaN,NaN,NaN,NaN,NaN,NaN,,
9/30/1985,0.63,5.38,0.49,1.52,NaN,2.34,0.38,1.30,NaN,NaN,2.67,NaN,NaN,NaN,NaN,NaN,NaN,NaN,NaN,NaN,,
12/31/1985,0.30,5.18,-0.02,1.49,NaN,2.16,0.12,0.92,NaN,NaN,2.57,NaN,NaN,NaN,NaN,NaN,NaN,NaN,NaN,NaN,,
3/31/1986,-0.63,4.95,-0.39,1.76,NaN,2.19,-0.84,-2.48,NaN,NaN,2.44,NaN,NaN,NaN,NaN,NaN,NaN,NaN,NaN,NaN,,
6/30/1986,1.55,4.78,0.22,1.30,NaN,2.01,0.80,1.99,NaN,NaN,2.15,NaN,NaN,NaN,NaN,NaN,NaN,NaN,NaN,NaN,,
9/30/1986,0.18,4.70,0.12,1.14,NaN,1.94,-0.17,0.36,NaN,NaN,2.10,NaN,NaN,NaN,NaN,NaN,NaN,NaN,NaN,NaN,,
12/31/1986,-0.16,4.67,0.14,0.85,NaN,1.97,0.50,0.57,NaN,NaN,2.12,NaN,NaN,NaN,NaN,NaN,NaN,NaN,NaN,NaN,,
3/31/1987,-0.73,4.73,0.11,0.84,NaN,2.03,-0.22,-1.82,NaN,NaN,2.12,NaN,NaN,NaN,NaN,NaN,NaN,NaN,NaN,NaN,,
6/30/1987,1.36,4.76,0.96,0.84,NaN,2.11,1.55,2.92,NaN,NaN,2.17,NaN,NaN,NaN,NaN,NaN,NaN,NaN,NaN,NaN,,
9/30/1987,0.82,4.73,0.61,0.69,NaN,2.12,0.75,2.01,NaN,NaN,2.37,NaN,NaN,NaN,NaN,NaN,NaN,NaN,NaN,NaN,,
12/31/1987,1.09,4.68,0.23,1.23,NaN,2.11,0.53,1.51,NaN,NaN,2.40,NaN,NaN,NaN,NaN,NaN,NaN,NaN,NaN,NaN,,
3/31/1988,0.18,4.58,0.40,0.95,0.57,1.86,-0.58,1.05,NaN,NaN,2.25,NaN,NaN,NaN,NaN,NaN,NaN,NaN,NaN,NaN,,
6/30/1988,0.62,4.49,0.23,1.07,0.61,1.82,0.39,1.64,NaN,NaN,2.22,NaN,NaN,NaN,NaN,NaN,NaN,NaN,NaN,NaN,,
9/30/1988,1.08,4.44,0.46,0.93,0.73,1.99,1.28,1.84,NaN,NaN,2.26,NaN,NaN,NaN,NaN,NaN,NaN,NaN,NaN,NaN,,
12/31/1988,0.82,4.42,0.09,1.31,0.84,2.12,0.39,1.38,NaN,NaN,2.25,NaN,NaN,NaN,NaN,NaN,NaN,NaN,NaN,NaN,,
3/31/1989,0.83,4.37,0.70,1.17,0.86,2.38,0.63,2.15,NaN,NaN,2.35,NaN,NaN,NaN,NaN,NaN,NaN,NaN,NaN,NaN,,
6/30/1989,0.67,4.25,0.25,0.90,0.96,2.42,0.87,1.02,NaN,NaN,2.41,NaN,NaN,NaN,NaN,NaN,NaN,NaN,NaN,NaN,,
9/30/1989,0.21,4.01,0.55,1.02,0.80,2.53,0.77,-0.10,NaN,NaN,2.40,NaN,NaN,NaN,NaN,NaN,NaN,NaN,NaN,NaN,,
12/31/1989,0.48,3.66,0.18,1.38,0.95,2.77,0.10,1.69,NaN,NaN,2.52,NaN,NaN,NaN,NaN,NaN,NaN,NaN,NaN,NaN,,
3/31/1990,0.87,3.26,0.93,1.36,1.00,2.81,-0.03,2.49,NaN,NaN,2.70,NaN,NaN,NaN,NaN,NaN,NaN,NaN,NaN,NaN,,
6/30/1990,0.11,2.98,0.54,1.47,0.85,2.65,-0.06,-1.00,NaN,NaN,2.70,NaN,NaN,NaN,NaN,NaN,NaN,NaN,NaN,NaN,,
9/30/1990,0.59,2.89,0.54,0.84,0.57,2.63,0.38,-0.03,NaN,NaN,2.72,NaN,NaN,NaN,NaN,NaN,NaN,NaN,NaN,NaN,,
12/31/1990,0.13,2.92,0.65,1.19,1.13,2.76,0.69,0.14,NaN,NaN,2.74,NaN,NaN,NaN,NaN,NaN,NaN,NaN,NaN,NaN,,
3/31/1991,0.29,3.07,-0.32,1.42,0.97,2.77,0.23,-0.91,NaN,NaN,2.64,NaN,NaN,NaN,NaN,NaN,NaN,NaN,NaN,NaN,,
6/30/1991,0.32,3.22,1.20,1.40,1.04,2.62,0.77,0.40,NaN,NaN,2.51,NaN,NaN,NaN,NaN,NaN,NaN,NaN,NaN,NaN,,
9/30/1991,0.17,3.27,0.24,1.26,1.03,2.63,0.23,-0.02,NaN,NaN,2.54,NaN,NaN,NaN,NaN,NaN,NaN,NaN,NaN,NaN,,
12/31/1991,0.94,3.15,0.27,1.47,1.07,2.68,1.30,0.40,NaN,NaN,2.47,NaN,NaN,NaN,NaN,NaN,NaN,NaN,NaN,NaN,,
3/31/1992,1.49,2.92,1.40,0.67,1.10,2.71,0.83,1.53,NaN,NaN,2.39,NaN,NaN,NaN,NaN,NaN,NaN,NaN,NaN,NaN,,
6/30/1992,-0.85,2.67,0.13,1.00,1.03,2.74,0.04,-2.13,NaN,NaN,2.42,NaN,NaN,NaN,NaN,NaN,NaN,NaN,NaN,NaN,,
9/30/1992,-0.16,2.50,1.35,0.77,0.95,2.98,-0.17,-1.96,NaN,NaN,2.51,NaN,NaN,NaN,NaN,NaN,NaN,NaN,NaN,NaN,,
12/31/1992,-0.08,2.36,-0.56,0.98,0.89,2.86,1.06,-1.18,NaN,NaN,2.50,NaN,NaN,NaN,NaN,NaN,NaN,NaN,NaN,NaN,,
3/31/1993,-0.89,2.22,-0.77,1.19,1.19,2.68,-1.66,-3.41,NaN,NaN,2.35,NaN,NaN,NaN,NaN,NaN,NaN,NaN,NaN,NaN,,
6/30/1993,0.00,2.15,-0.02,0.96,0.83,2.27,-0.19,-1.78,NaN,NaN,2.25,NaN,NaN,NaN,NaN,NaN,NaN,NaN,NaN,NaN,,
9/30/1993,0.28,2.11,-0.42,0.64,0.79,2.03,0.41,-0.21,NaN,NaN,1.99,NaN,NaN,NaN,NaN,NaN,NaN,NaN,NaN,NaN,,
12/31/1993,0.03,2.08,-0.38,0.84,0.75,1.85,0.44,-1.73,NaN,NaN,1.83,NaN,NaN,NaN,NaN,NaN,NaN,NaN,NaN,NaN,,
3/31/1994,0.80,2.07,-0.03,0.52,0.60,1.75,0.38,0.99,NaN,NaN,1.74,NaN,NaN,NaN,NaN,NaN,NaN,NaN,NaN,NaN,,
6/30/1994,0.56,2.01,0.16,0.62,0.64,1.61,0.33,1.33,NaN,NaN,1.97,NaN,NaN,NaN,NaN,NaN,NaN,NaN,NaN,NaN,,
9/30/1994,0.62,1.89,-0.04,0.72,0.62,1.56,0.67,0.70,NaN,NaN,2.18,NaN,NaN,NaN,NaN,NaN,NaN,NaN,NaN,NaN,,
12/31/1994,0.62,1.74,0.17,0.82,0.64,1.57,0.18,1.96,NaN,NaN,2.29,NaN,NaN,NaN,NaN,NaN,NaN,NaN,NaN,NaN,,
3/31/1995,0.59,1.60,0.00,0.61,0.67,1.68,0.69,-1.34,NaN,NaN,2.33,NaN,NaN,NaN,NaN,NaN,NaN,NaN,NaN,NaN,,
6/30/1995,0.74,1.59,0.62,0.41,0.68,1.77,0.87,-0.16,NaN,NaN,2.23,NaN,NaN,NaN,NaN,NaN,NaN,NaN,NaN,NaN,,
9/30/1995,0.00,1.42,-0.56,1.27,0.69,1.67,0.03,-1.44,NaN,NaN,2.13,NaN,NaN,NaN,NaN,NaN,NaN,NaN,NaN,NaN,,
12/31/1995,-0.04,1.35,0.23,0.75,0.60,1.63,-0.03,-0.10,NaN,NaN,2.04,NaN,NaN,NaN,NaN,NaN,NaN,NaN,NaN,NaN,,
3/31/1996,0.16,1.18,-0.39,0.74,0.56,1.42,0.88,-1.02,NaN,NaN,1.91,NaN,NaN,NaN,NaN,NaN,NaN,NaN,NaN,NaN,,
6/30/1996,0.41,0.93,-0.01,0.40,0.44,1.30,0.26,2.52,NaN,NaN,1.88,NaN,NaN,NaN,NaN,NaN,NaN,NaN,NaN,NaN,,
9/30/1996,0.26,1.18,0.32,0.43,0.35,1.25,0.39,0.30,NaN,NaN,1.82,NaN,NaN,NaN,NaN,NaN,NaN,NaN,NaN,NaN,,
12/31/1996,0.43,1.24,0.75,-0.19,0.36,1.16,0.09,-0.94,NaN,NaN,1.62,NaN,NaN,NaN,NaN,NaN,NaN,NaN,NaN,NaN,,
3/31/1997,0.08,0.89,1.04,-0.44,0.36,1.12,0.38,-1.36,NaN,NaN,1.55,NaN,NaN,NaN,NaN,NaN,NaN,NaN,NaN,NaN,,
6/30/1997,0.88,0.98,0.65,-0.25,0.24,1.08,0.25,3.44,NaN,NaN,1.56,NaN,NaN,NaN,NaN,NaN,NaN,NaN,NaN,NaN,,
9/30/1997,0.57,1.13,0.25,0.18,0.32,1.07,0.52,-0.82,NaN,NaN,1.45,NaN,NaN,NaN,NaN,NaN,NaN,NaN,NaN,NaN,,
12/31/1997,0.83,1.17,-0.12,0.55,0.32,1.10,0.82,1.37,1.57,NaN,1.40,NaN,NaN,NaN,NaN,NaN,NaN,NaN,NaN,NaN,,
3/31/1998,0.30,1.08,0.26,-0.26,0.34,1.05,-0.02,1.70,1.45,NaN,1.28,NaN,NaN,NaN,NaN,NaN,NaN,NaN,NaN,NaN,,
6/30/1998,0.00,1.38,0.02,0.54,0.44,1.02,-0.03,-0.49,1.36,NaN,1.25,-0.03,NaN,NaN,NaN,NaN,NaN,NaN,NaN,NaN,,
9/30/1998,0.13,1.64,-0.02,0.47,0.33,0.99,0.60,1.26,1.78,NaN,1.14,-0.01,NaN,NaN,NaN,NaN,NaN,NaN,NaN,NaN,,
12/31/1998,0.04,1.30,-0.45,1.02,0.27,0.92,0.30,0.36,2.13,NaN,1.04,0.02,NaN,NaN,NaN,NaN,NaN,NaN,NaN,NaN,,
3/31/1999,0.84,1.23,-0.06,0.23,0.17,0.78,0.48,1.37,1.86,0.48,1.00,0.04,NaN,NaN,NaN,NaN,NaN,NaN,NaN,NaN,,
6/30/1999,0.19,2.01,0.74,0.21,0.27,0.66,0.70,1.47,1.70,NaN,1.06,-0.02,NaN,NaN,NaN,NaN,NaN,NaN,NaN,NaN,,
9/30/1999,0.93,1.56,0.42,0.09,0.26,0.65,0.95,1.54,1.56,NaN,1.26,0.04,NaN,NaN,NaN,NaN,NaN,NaN,NaN,NaN,,
12/31/1999,0.77,1.88,0.51,0.31,0.30,0.78,0.62,0.53,1.46,NaN,1.33,0.01,NaN,NaN,NaN,NaN,NaN,NaN,NaN,NaN,,
3/31/2000,0.82,2.04,0.25,0.46,0.19,0.84,0.76,2.55,1.34,0.45,1.40,0.02,NaN,0.09,NaN,NaN,NaN,NaN,NaN,NaN,,
6/30/2000,0.59,2.03,0.23,0.24,0.18,1.03,0.70,-0.10,1.64,NaN,1.36,0.01,NaN,0.11,NaN,NaN,NaN,NaN,NaN,NaN,,
9/30/2000,0.36,2.04,0.33,0.53,0.32,1.14,0.28,0.46,1.90,NaN,1.36,0.00,NaN,0.12,NaN,NaN,NaN,NaN,NaN,NaN,,
12/31/2000,0.29,2.25,0.09,0.59,0.41,1.23,0.27,0.56,2.62,NaN,1.32,0.00,NaN,0.14,NaN,NaN,NaN,NaN,NaN,NaN,,
3/31/2001,1.07,2.44,-0.20,0.74,0.29,1.20,0.58,0.69,2.58,0.45,1.25,0.04,NaN,0.11,NaN,NaN,NaN,NaN,NaN,NaN,,
6/30/2001,0.00,2.12,0.06,0.64,0.55,1.17,0.33,-1.21,2.78,0.45,1.30,0.01,NaN,0.09,NaN,NaN,NaN,NaN,NaN,NaN,,
9/30/2001,0.01,1.98,0.06,0.60,0.64,1.09,-0.13,-1.58,3.20,0.45,1.28,0.01,NaN,0.10,NaN,NaN,NaN,NaN,NaN,NaN,,
12/31/2001,-0.30,1.81,-0.03,0.80,0.61,0.88,-0.29,-0.43,3.60,0.45,1.20,0.00,NaN,0.06,NaN,NaN,NaN,NaN,NaN,NaN,,
3/31/2002,-0.16,1.40,-0.16,0.68,0.78,0.84,-0.34,-1.47,3.03,0.48,1.28,0.00,NaN,-0.06,NaN,NaN,NaN,NaN,NaN,NaN,,
6/30/2002,0.25,1.31,0.27,0.36,0.48,0.84,-0.09,-0.44,2.76,0.48,1.31,0.01,0.70,-0.10,NaN,NaN,NaN,NaN,NaN,NaN,,
9/30/2002,0.26,1.09,0.05,0.68,0.55,0.84,0.05,-0.38,3.02,0.48,1.19,0.00,0.16,0.04,NaN,NaN,NaN,NaN,NaN,NaN,,
12/31/2002,0.00,0.88,0.17,0.46,0.45,0.79,0.45,0.44,2.88,0.48,1.14,0.01,-0.36,0.09,NaN,NaN,NaN,NaN,NaN,NaN,,
3/31/2003,-0.45,0.79,-0.26,0.62,0.53,0.69,0.22,-0.79,2.10,0.48,1.04,-0.03,-0.18,0.16,NaN,NaN,NaN,NaN,NaN,NaN,,
6/30/2003,-0.16,0.52,-0.01,0.59,0.48,0.61,-0.30,-0.67,1.54,0.48,0.99,-0.01,-0.65,0.16,NaN,NaN,NaN,NaN,NaN,NaN,,
9/30/2003,0.51,0.57,0.58,0.63,0.41,0.53,0.30,1.25,1.21,0.48,1.04,0.01,1.06,0.05,NaN,NaN,NaN,NaN,NaN,NaN,,
12/31/2003,0.48,0.66,-0.16,0.24,0.48,0.53,0.40,0.49,0.96,0.48,1.09,0.01,0.40,-0.07,NaN,NaN,NaN,NaN,NaN,NaN,,
3/31/2004,0.42,0.45,0.25,0.46,0.64,0.52,0.45,0.55,0.93,0.48,1.04,0.01,0.87,-0.08,NaN,NaN,NaN,NaN,NaN,NaN,,
6/30/2004,0.45,0.60,-0.04,0.62,0.57,0.52,0.16,0.81,0.88,0.48,1.09,0.03,0.08,-0.19,NaN,NaN,NaN,NaN,NaN,NaN,,
9/30/2004,0.04,0.46,-0.11,0.46,0.40,0.52,-0.02,0.38,0.87,0.48,1.05,-0.02,0.56,-0.19,NaN,NaN,NaN,NaN,NaN,NaN,,
12/31/2004,0.21,0.48,-0.10,0.58,0.34,0.53,0.48,0.22,0.76,0.48,0.96,0.01,0.34,-0.12,NaN,NaN,NaN,NaN,NaN,NaN,,
3/31/2005,0.05,0.31,0.07,0.35,0.37,0.53,0.31,-0.65,0.68,0.48,0.92,0.02,-0.86,-0.07,NaN,NaN,NaN,NaN,NaN,NaN,,
6/30/2005,0.43,0.87,0.12,0.45,0.31,0.53,0.50,2.92,0.99,0.48,0.85,0.00,1.31,0.04,NaN,NaN,NaN,NaN,NaN,NaN,,
9/30/2005,0.54,0.66,0.07,0.49,0.36,0.53,0.48,0.50,0.86,0.48,0.82,0.02,-0.82,0.17,NaN,NaN,NaN,NaN,NaN,NaN,,
12/31/2005,0.53,1.24,0.23,0.67,0.39,0.56,0.05,0.04,0.86,0.48,0.85,0.00,1.08,0.24,NaN,NaN,NaN,NaN,NaN,NaN,,
3/31/2006,0.75,1.56,0.03,0.26,0.30,0.62,0.87,3.00,0.83,0.48,0.89,0.02,2.07,0.20,NaN,NaN,NaN,NaN,NaN,NaN,,
6/30/2006,0.97,1.91,0.07,0.64,0.44,0.69,0.57,1.00,0.73,0.48,1.01,0.02,0.12,0.12,NaN,NaN,NaN,NaN,NaN,NaN,,
9/30/2006,0.44,2.42,0.00,0.56,0.41,0.77,0.08,0.69,0.73,0.48,0.99,-0.02,-0.02,0.08,NaN,NaN,NaN,NaN,NaN,NaN,,
12/31/2006,0.99,2.78,0.11,0.54,0.44,0.87,0.31,1.77,0.62,0.48,0.97,0.02,1.11,0.07,NaN,NaN,NaN,NaN,NaN,NaN,,
3/31/2007,0.51,3.07,-0.37,0.85,0.55,0.93,-0.15,2.42,0.55,0.48,1.02,0.00,1.34,0.08,NaN,NaN,NaN,NaN,NaN,NaN,,
6/30/2007,0.56,3.38,0.14,0.45,0.52,0.99,0.90,-0.52,0.50,0.48,1.11,0.00,-0.32,0.12,NaN,NaN,NaN,NaN,NaN,NaN,,
9/30/2007,0.17,3.66,0.15,0.51,0.44,1.07,0.16,0.07,0.86,0.50,1.12,0.00,0.10,0.16,NaN,NaN,NaN,NaN,NaN,NaN,,
12/31/2007,0.35,3.82,0.33,0.68,0.71,1.10,0.52,1.62,1.08,0.48,1.09,0.01,0.47,0.23,NaN,NaN,NaN,NaN,NaN,NaN,,
3/31/2008,0.49,4.04,0.64,0.49,0.76,1.06,0.40,-0.10,1.72,0.50,1.04,0.01,-1.37,0.25,NaN,NaN,NaN,NaN,NaN,NaN,,
6/30/2008,-0.67,3.63,-0.16,0.69,0.53,1.10,-0.37,-0.65,1.59,0.48,1.13,-0.02,1.06,0.24,NaN,NaN,NaN,NaN,NaN,NaN,,
9/30/2008,-0.61,3.12,0.73,0.26,0.48,1.14,-0.20,-2.00,2.22,0.50,1.15,-0.03,-1.02,0.24,NaN,NaN,NaN,NaN,NaN,NaN,,
12/31/2008,-1.82,2.53,-0.03,0.29,0.42,0.97,-1.56,-4.21,5.01,0.50,1.04,-0.06,-2.69,0.45,NaN,NaN,NaN,NaN,NaN,NaN,,
3/31/2009,-3.20,0.59,-0.44,0.37,0.25,0.42,-1.69,-6.47,5.03,0.48,1.04,-0.05,-2.07,0.39,0.26,0.25,0.25,0.26,0.27,0.29,,
6/30/2009,-0.14,-0.40,0.43,0.04,0.30,0.23,-0.07,-3.05,4.24,0.48,1.05,0.09,-0.03,0.31,0.19,0.19,0.20,0.22,0.24,0.26,,
9/30/2009,0.38,-0.80,0.62,0.08,0.20,0.13,0.10,-0.19,2.85,0.50,0.99,0.02,1.08,0.14,0.11,0.12,0.14,0.17,0.21,0.24,,
12/31/2009,0.40,-1.12,0.40,0.21,0.22,0.11,0.34,-0.73,2.06,0.48,0.96,0.00,0.28,0.11,0.11,0.12,0.15,0.19,0.22,0.25,,
3/31/2010,0.81,-0.79,0.25,0.11,0.21,0.11,0.90,-0.37,1.74,0.48,1.02,0.02,0.44,0.04,0.09,0.11,0.13,0.16,0.19,0.22,,
6/30/2010,0.82,-0.65,0.52,0.25,0.24,0.11,0.49,2.99,1.79,0.48,0.96,-0.01,0.89,0.04,0.10,0.12,0.13,0.14,0.16,0.17,,
9/30/2010,0.37,-0.74,0.02,0.34,0.33,0.15,0.32,-0.90,1.67,0.50,0.88,-0.03,0.35,0.05,0.13,0.15,0.16,0.17,0.18,0.19,,
12/31/2010,0.57,-0.74,0.27,0.15,0.35,0.20,0.76,0.33,1.44,0.48,0.93,0.01,0.88,0.06,0.18,0.20,0.21,0.22,0.23,0.25,,
3/31/2011,0.99,-0.11,0.45,0.39,0.45,0.22,0.28,1.84,1.30,0.50,1.08,0.01,0.71,0.05,0.21,0.24,0.26,0.29,0.32,0.34,,
6/30/2011,-0.05,-0.49,0.30,0.21,0.47,0.31,0.15,0.05,1.28,0.50,1.12,-0.01,0.14,-0.01,0.30,0.33,0.36,0.38,0.40,0.42,,
9/30/2011,-0.04,-0.70,-0.06,0.32,0.48,0.35,-0.17,-0.91,1.92,0.50,1.07,0.00,-0.49,-0.08,0.25,0.25,0.24,0.24,0.25,0.25,,
12/31/2011,-0.37,-1.11,0.25,0.23,0.49,0.31,-0.18,-0.53,2.32,0.50,1.05,-0.01,-0.31,-0.06,0.15,0.14,0.14,0.14,0.14,0.14,,
3/31/2012,-0.35,-1.51,0.03,0.42,0.47,0.16,-0.06,-0.34,2.07,0.50,0.91,0.03,0.24,-0.04,0.09,0.09,0.09,0.09,0.09,0.09,,
6/30/2012,-0.41,-2.17,0.10,0.28,0.40,0.10,-0.45,-1.84,2.03,0.50,0.86,-0.01,-0.39,-0.14,0.07,0.07,0.07,0.07,0.07,0.07,,
9/30/2012,-0.25,-2.60,-0.11,0.41,0.33,0.04,-0.45,-1.74,1.89,0.50,0.72,0.01,-0.66,-0.11,0.02,0.02,0.02,0.02,0.02,0.02,,
12/31/2012,-0.46,-3.26,0.03,0.19,0.40,0.03,-0.20,-1.11,1.54,0.50,0.55,0.00,-0.24,0.00,0.02,0.02,0.01,0.01,0.02,0.02,,
3/31/2013,-0.43,-3.87,-0.03,0.58,0.32,0.03,-0.73,-2.73,1.30,0.50,0.69,0.01,-0.43,-0.14,0.02,0.03,0.03,0.03,0.04,0.04,,
6/30/2013,0.54,-3.73,0.22,0.22,0.25,0.03,0.02,0.72,1.24,0.50,0.72,0.02,1.08,-0.09,0.02,0.02,0.02,0.02,0.03,0.03,,
9/30/2013,0.26,-3.70,0.30,0.13,0.24,0.03,0.31,1.23,1.25,0.50,0.80,-0.03,0.08,-0.02,0.03,0.03,0.03,0.04,0.05,0.05,,
12/31/2013,0.20,-3.43,0.16,0.03,0.22,0.04,0.15,0.50,1.05,0.48,0.80,0.00,0.45,-0.02,0.03,0.03,0.03,0.04,0.04,0.04,,
3/31/2014,-0.13,-3.86,-0.06,0.51,0.30,0.06,-0.81,0.07,0.85,0.48,0.77,0.01,-0.67,-0.04,0.04,0.04,0.04,0.04,0.04,0.04,,
6/30/2014,0.12,-3.95,0.01,0.20,0.12,0.06,0.07,-2.25,0.77,0.45,0.62,-0.01,-0.08,0.03,0.03,0.03,0.02,0.02,0.02,0.03,,
9/30/2014,0.41,-3.79,0.19,0.14,0.15,0.02,0.33,2.07,0.89,0.48,0.50,0.01,1.35,0.05,0.01,0.01,0.00,0.00,0.00,0.00,,
12/31/2014,0.28,-3.53,0.18,0.27,0.15,0.00,0.22,-0.49,0.99,0.45,0.40,0.01,0.07,0.06,0.00,-0.01,-0.01,-0.01,-0.01,-0.01,,
3/31/2015,0.59,-3.98,-0.14,0.53,0.44,0.00,-0.38,0.21,0.98,0.45,0.29,0.01,-0.17,0.03,-0.01,-0.02,-0.02,-0.03,-0.03,-0.03,,
6/30/2015,0.38,-3.55,0.08,0.40,0.20,-0.01,0.70,5.91,0.98,0.45,0.32,-0.02,0.80,0.11,-0.03,-0.03,-0.03,-0.03,-0.03,-0.03,,
9/30/2015,0.37,-3.26,-0.19,0.37,0.20,-0.02,0.02,-3.87,1.14,0.48,0.37,0.01,0.65,0.12,-0.03,-0.03,-0.04,-0.04,-0.04,-0.03,,
12/31/2015,0.36,-3.14,0.29,0.10,0.27,-0.04,0.16,3.35,1.25,0.48,0.30,0.00,0.35,0.16,-0.05,-0.06,-0.06,-0.06,-0.06,-0.06,,
3/31/2016,0.40,-2.44,0.06,0.28,0.22,-0.07,0.06,0.21,1.44,0.45,0.26,0.01,0.03,0.11,-0.08,-0.09,-0.09,-0.10,-0.10,-0.10,,
6/30/2016,0.17,-2.30,-0.01,0.12,0.07,-0.09,0.35,-0.47,1.19,0.45,0.23,0.00,1.70,0.07,-0.09,-0.09,-0.09,-0.10,-0.10,-0.10,,
9/30/2016,0.37,-2.30,0.15,0.29,0.20,-0.09,0.27,2.22,1.04,0.45,0.16,0.01,-0.88,0.04,-0.09,-0.09,-0.10,-0.10,-0.10,-0.11,,
12/31/2016,0.66,-2.13,0.39,0.11,0.32,-0.09,0.94,0.37,0.98,0.45,0.27,0.00,0.76,0.02,-0.09,-0.09,-0.09,-0.09,-0.09,-0.09,,
3/31/2017,0.78,-1.63,0.18,0.32,0.26,-0.09,0.60,1.45,0.88,0.45,0.35,0.03,1.28,-0.01,-0.09,-0.09,-0.09,-0.09,-0.08,-0.08,,
6/30/2017,0.68,-1.25,-0.04,0.45,0.33,-0.09,0.34,4.03,0.79,0.45,0.29,0.00,0.05,0.03,-0.09,-0.09,-0.09,-0.09,-0.08,-0.08,,
9/30/2017,0.56,-1.05,0.11,0.22,0.34,-0.09,0.15,-2.57,0.68,0.45,0.28,0.00,0.87,0.04,-0.09,-0.09,-0.09,-0.09,-0.08,-0.08,,
12/31/2017,0.88,-0.50,0.30,0.42,0.18,-0.09,0.50,-1.66,0.66,0.48,0.25,0.01,0.18,0.05,-0.09,-0.09,-0.09,-0.09,-0.08,-0.08,,
3/31/2018,0.03,-0.44,-0.11,0.43,0.37,-0.09,0.51,3.49,0.69,0.48,0.29,0.00,0.93,0.04,-0.09,-0.09,-0.09,-0.09,-0.08,-0.08,,
6/30/2018,0.51,0.45,0.42,0.21,0.34,-0.09,0.53,-0.21,0.82,0.48,0.30,-0.01,0.65,0.03,-0.09,-0.09,-0.09,-0.09,-0.09,-0.08,,
9/30/2018,-0.10,0.58,0.25,0.52,0.29,-0.09,-0.12,2.79,0.89,0.48,0.32,-0.01,-0.62,-0.01,-0.09,-0.09,-0.09,-0.09,-0.09,-0.08,,
12/31/2018,0.63,0.84,0.03,0.51,0.20,-0.09,0.37,1.23,1.09,0.48,0.35,0.01,0.17,-0.02,-0.09,-0.09,-0.09,-0.09,-0.08,-0.08,,
3/31/2019,0.59,1.45,0.01,0.38,0.20,-0.09,-0.13,1.07,1.09,0.45,0.28,0.01,1.22,0.04,-0.09,-0.09,-0.09,-0.09,-0.09,-0.08,,
6/30/2019,0.35,1.07,0.39,0.30,0.45,-0.09,0.55,5.26,0.96,0.45,0.20,0.02,0.43,0.04,-0.09,-0.10,-0.10,-0.10,-0.10,-0.10,,
9/30/2019,0.00,1.29,0.12,0.50,0.34,-0.11,0.04,-3.34,0.91,0.43,0.04,-0.01,0.16,0.07,-0.11,-0.13,-0.13,-0.14,-0.14,-0.15,,
12/31/2019,-0.14,1.03,-0.32,0.52,0.34,-0.11,-0.18,5.16,0.88,0.43,0.07,0.00,-1.32,0.08,-0.11,-0.12,-0.12,-0.12,-0.12,-0.12,,
3/31/2020,-3.58,-3.46,-1.44,0.60,0.12,-0.12,-5.58,-0.94,1.08,0.43,0.07,-0.04,-3.06,0.08,-0.12,-0.12,-0.13,-0.13,-0.13,-0.13,,
6/30/2020,-11.88,-18.13,-5.35,1.10,0.30,-0.12,-14.11,-23.62,1.50,0.43,0.12,0.06,-11.67,0.08,-0.12,-0.12,-0.12,-0.12,-0.13,-0.13,,
9/30/2020,11.06,-4.83,6.54,-1.00,-0.07,-0.13,13.79,15.58,1.17,0.40,0.04,0.04,10.52,0.02,-0.12,-0.12,-0.12,-0.13,-0.13,-0.13,,
12/31/2020,0.32,-5.41,-0.03,0.70,0.06,-0.14,-3.18,1.00,1.01,0.43,-0.01,-0.06,-0.04,0.03,-0.12,-0.12,-0.13,-0.13,-0.13,-0.13,,
3/31/2021,0.62,-5.26,-0.42,0.64,0.74,-0.14,-1.13,0.43,0.82,0.43,0.01,0.01,1.17,0.06,-0.12,-0.12,-0.12,-0.12,-0.12,-0.12,,
6/30/2021,2.18,-2.13,0.58,0.31,0.14,-0.14,3.96,2.64,0.75,0.43,0.07,-0.02,3.47,0.06,-0.12,-0.12,-0.12,-0.12,-0.12,-0.12,,
9/30/2021,1.77,-0.77,0.67,1.22,0.69,-0.14,3.62,0.87,0.75,0.45,0.04,-0.01,1.03,0.05,-0.12,-0.12,-0.12,-0.12,-0.12,-0.12,,
12/31/2021,0.68,-0.15,-0.23,1.15,0.84,-0.15,0.39,0.57,0.83,0.48,0.08,0.00,0.00,0.07,-0.12,-0.12,-0.12,-0.12,NaN,NaN,,
3/31/2022,0.32,0.67,-0.53,1.41,1.10,-0.14,0.93,1.77,0.98,0.50,0.21,0.00,0.97,0.08,-0.12,NaN,NaN,NaN,NaN,NaN,,
6/30/2022,0.60,0.88,-0.46,1.23,1.55,-0.14,1.47,1.53,1.19,0.53,0.49,0.00,0.26,0.06,NaN,NaN,NaN,NaN,NaN,NaN,,
9/30/2022,0.41,0.98,0.23,1.27,1.84,0.02,1.42,0.94,1.44,0.55,0.58,-0.01,-0.17,0.05,NaN,NaN,NaN,NaN,NaN,NaN,,
12/31/2022,-0.28,1.18,-0.32,1.86,1.96,0.34,-0.44,-2.85,1.37,0.55,0.76,0.00,-0.73,0.04,NaN,NaN,NaN,NaN,NaN,NaN,,
3/31/2023,-0.25,1.79,-0.48,1.97,1.77,0.59,-0.50,2.36,1.12,0.53,0.79,-0.03,0.65,0.00,NaN,NaN,NaN,NaN,NaN,NaN,,
6/30/2023,-0.03,1.70,-0.19,1.10,1.20,0.79,0.27,-0.72,1.16,0.53,0.80,0.00,-0.04,0.02,NaN,NaN,NaN,NaN,NaN,NaN,,
9/30/2023,-0.17,1.90,0.49,0.73,0.84,0.91,0.18,-1.15,1.09,0.53,0.84,0.00,-0.37,-0.01,NaN,NaN,NaN,NaN,NaN,NaN,,
12/31/2023,-0.15,1.82,0.31,1.10,0.46,0.96,-0.71,-0.45,1.11,0.53,0.83,0.04,-0.56,-0.01,NaN,NaN,NaN,NaN,NaN,NaN,,
3/31/2024,0.24,1.91,0.60,0.56,0.75,0.97,0.42,-1.99,0.91,0.50,0.74,-0.01,0.82,0.01,NaN,NaN,NaN,NaN,NaN,NaN,,
6/30/2024,-0.12,1.75,0.36,0.50,0.72,0.94,-0.38,-1.28,0.86,0.50,0.78,0.00,0.12,0.04,NaN,NaN,NaN,NaN,NaN,NaN,,
9/30/2024,0.25,1.64,0.31,0.54,0.74,0.89,0.26,0.83,0.88,0.50,0.74,0.01,NaN,0.07,NaN,NaN,NaN,NaN,NaN,NaN,,
,,,,,,,,,,,,,,,,,,,,,,
,,,,,,,,,,,,,,,,,,,,,,
,,,,,,,,,,,,,,,,,,,,,,
