date,obs_gdp,obs_hours,obs_wages,obs_gdpdeflator,obs_corepce,obs_nominalrate,obs_consumption,obs_investment,obs_BBBspread,obs_longinflation,obs_longrate,obs_tfp,obs_gdi,obs_AAAspread,obs_nominalrate1,obs_nominalrate2,obs_nominalrate3,obs_nominalrate4,obs_nominalrate5,obs_nominalrate6
1970-06-30,1.868319282,NaN,2.617695823,1.812738459,NaN,1.98925,0.57886079,5.670108769,NaN,NaN,2.0636,NaN,NaN,NaN,NaN,NaN,NaN,NaN,NaN,NaN
1970-09-30,1.016941132,NaN,2.031858257,1.780462463,NaN,1.9005,0.990879643,0.698203364,NaN,NaN,2.0962,NaN,NaN,NaN,NaN,NaN,NaN,NaN,NaN,NaN
1970-12-31,1.043116043,NaN,2.260157101,1.169603976,NaN,1.8105,1.748777335,-0.039820886,NaN,NaN,2.085225,NaN,NaN,NaN,NaN,NaN,NaN,NaN,NaN,NaN
1971-03-31,-0.378462029,NaN,0.966477511,2.298951823,NaN,1.62925,-0.106649003,-0.817461717,NaN,NaN,1.96515,NaN,NaN,NaN,NaN,NaN,NaN,NaN,NaN,NaN
1971-06-30,0.984647232,NaN,0.837466934,1.129955525,NaN,1.48475,1.178257764,2.825207025,NaN,NaN,1.9827,NaN,NaN,NaN,NaN,NaN,NaN,NaN,NaN,NaN
1971-09-30,1.840694186,NaN,1.94692125,1.671348097,NaN,1.5565,1.152532099,0.16846011,NaN,NaN,2.00675,NaN,NaN,NaN,NaN,NaN,NaN,NaN,NaN,NaN
1971-12-31,0.664890893,NaN,1.644265644,1.098912158,NaN,1.5015,1.013049416,1.604289516,NaN,NaN,1.9615,NaN,NaN,NaN,NaN,NaN,NaN,NaN,NaN,NaN
1972-03-31,1.25048702,NaN,1.966466783,2.162246401,NaN,1.26175,0.922759642,0.364218844,NaN,NaN,1.8969,NaN,NaN,NaN,NaN,NaN,NaN,NaN,NaN,NaN
1972-06-30,0.605189289,NaN,0.439582494,1.591545531,NaN,1.1885,0.372791228,1.279761905,NaN,NaN,1.887425,NaN,NaN,NaN,NaN,NaN,NaN,NaN,NaN,NaN
1972-09-30,1.123031314,NaN,0.924361953,1.566611674,NaN,1.21425,2.069772217,0.571114971,NaN,NaN,1.8957,NaN,NaN,NaN,NaN,NaN,NaN,NaN,NaN,NaN
1972-12-31,1.163640029,NaN,1.452060926,1.542447033,NaN,1.59875,0.707808319,2.02153445,NaN,NaN,1.953675,NaN,NaN,NaN,NaN,NaN,NaN,NaN,NaN,NaN
1973-03-31,1.653955076,NaN,1.46557415,3.509131981,NaN,1.69775,0.319737931,1.26201532,NaN,NaN,1.993975,NaN,NaN,NaN,NaN,NaN,NaN,NaN,NaN,NaN
1973-06-30,0.504064183,NaN,0.768086095,2.433210066,NaN,2.12125,0.822297855,0.289557923,NaN,NaN,2.0763,NaN,NaN,NaN,NaN,NaN,NaN,NaN,NaN,NaN
1973-09-30,1.188359338,NaN,1.505358183,2.375408601,NaN,2.55275,0.350535226,1.212368618,NaN,NaN,2.150475,NaN,NaN,NaN,NaN,NaN,NaN,NaN,NaN,NaN
1973-12-31,0.836570279,NaN,1.684503225,2.320289708,NaN,2.77075,1.666735807,0.851998552,NaN,NaN,2.178975,NaN,NaN,NaN,NaN,NaN,NaN,NaN,NaN,NaN
1974-03-31,0.874938912,NaN,0.97217145,3.160533942,NaN,2.80675,0.420609199,1.097920165,NaN,NaN,2.335075,NaN,NaN,NaN,NaN,NaN,NaN,NaN,NaN,NaN
1974-06-30,0.245409379,NaN,1.692740881,3.493805136,NaN,2.86625,1.400170895,-1.623133267,NaN,NaN,2.516125,NaN,NaN,NaN,NaN,NaN,NaN,NaN,NaN,NaN
1974-09-30,0.62617417,NaN,0.524507135,3.375847993,NaN,2.881,0.141186145,0.971067414,NaN,NaN,2.674475,NaN,NaN,NaN,NaN,NaN,NaN,NaN,NaN,NaN
1974-12-31,-1.794222654,NaN,1.258369885,3.265596297,NaN,2.665,-0.783658708,-3.04940713,NaN,NaN,2.6468,NaN,NaN,NaN,NaN,NaN,NaN,NaN,NaN,NaN
1975-03-31,-0.880339528,NaN,0.38634283,2.772454802,NaN,2.2035,0.292685145,-1.945662049,NaN,NaN,2.474625,NaN,NaN,NaN,NaN,NaN,NaN,NaN,NaN,NaN
1975-06-30,0.813418884,NaN,1.680823413,2.316705928,NaN,1.76375,1.679780748,-1.611020452,NaN,NaN,2.39125,NaN,NaN,NaN,NaN,NaN,NaN,NaN,NaN,NaN
1975-09-30,0.998216824,NaN,1.158306919,2.264247675,NaN,1.5955,1.301691872,-0.36278534,NaN,NaN,2.360425,NaN,NaN,NaN,NaN,NaN,NaN,NaN,NaN,NaN
1975-12-31,0.807443564,NaN,1.280688998,1.848481467,NaN,1.64975,1.454081474,1.59649946,NaN,NaN,2.32185,NaN,NaN,NaN,NaN,NaN,NaN,NaN,NaN,NaN
1976-03-31,1.526695962,NaN,0.8199766,2.173998664,NaN,1.75025,1.534367787,0.115629375,NaN,NaN,2.3577,NaN,NaN,NaN,NaN,NaN,NaN,NaN,NaN,NaN
1976-06-30,0.999695163,NaN,0.670216044,3.866914116,NaN,2.142,-0.305658131,0.433301789,NaN,NaN,2.526,NaN,NaN,NaN,NaN,NaN,NaN,NaN,NaN,NaN
1976-09-30,0.622034457,NaN,1.13413538,3.056265041,NaN,2.337,0.202535126,-0.355838226,NaN,NaN,2.5814,NaN,NaN,NaN,NaN,NaN,NaN,NaN,NaN,NaN
1976-12-31,1.478333312,NaN,1.264693318,2.314152856,NaN,2.3015,1.316251965,2.720582274,NaN,NaN,2.608875,NaN,NaN,NaN,NaN,NaN,NaN,NaN,NaN,NaN
1977-03-31,0.271570213,NaN,0.132537852,2.580788396,NaN,2.5535,0.072212442,0.865580169,NaN,NaN,2.577725,NaN,NaN,NaN,NaN,NaN,NaN,NaN,NaN,NaN
1977-06-30,-0.039333119,NaN,1.247279121,2.825933731,NaN,2.343,0.793492944,-2.06801751,NaN,NaN,2.555775,NaN,NaN,NaN,NaN,NaN,NaN,NaN,NaN,NaN
1977-09-30,0.186114209,NaN,0.558470275,2.144033124,NaN,2.2495,1.197274985,0.775727226,NaN,NaN,2.521225,NaN,NaN,NaN,NaN,NaN,NaN,NaN,NaN,NaN
1977-12-31,1.10247514,NaN,0.40087849,2.395324102,NaN,2.2825,0.601419204,1.531884954,NaN,NaN,2.495225,NaN,NaN,NaN,NaN,NaN,NaN,NaN,NaN,NaN
1978-03-31,0.49061605,NaN,0.798756893,2.339287958,NaN,2.01425,-0.429311718,0.000410675,NaN,NaN,2.4292,NaN,NaN,NaN,NaN,NaN,NaN,NaN,NaN,NaN
1978-06-30,0.930028744,NaN,0.212255436,2.285813808,NaN,1.97725,0.60879157,0.445242117,NaN,NaN,2.393825,NaN,NaN,NaN,NaN,NaN,NaN,NaN,NaN,NaN
1978-09-30,0.227471338,NaN,0.671243415,2.234729869,NaN,2.293,0.517525948,0.269574382,NaN,NaN,2.394175,NaN,NaN,NaN,NaN,NaN,NaN,NaN,NaN,NaN
1978-12-31,0.951649713,NaN,0.815916511,1.915243222,NaN,2.28425,0.898066551,1.534702122,NaN,NaN,2.4428,NaN,NaN,NaN,NaN,NaN,NaN,NaN,NaN,NaN
1979-03-31,0.287000789,NaN,0.941407658,2.144854341,NaN,1.92425,0.745044047,-1.62005683,NaN,NaN,2.432425,NaN,NaN,NaN,NaN,NaN,NaN,NaN,NaN,NaN
1979-06-30,1.123584495,NaN,0.131297341,2.359218202,NaN,2.3375,1.425712646,3.690164032,NaN,NaN,2.543975,NaN,NaN,NaN,NaN,NaN,NaN,NaN,NaN,NaN
1979-09-30,0.002483358,NaN,0.694823799,3.061463582,NaN,2.7555,-0.872052034,0.346079302,NaN,NaN,2.6499,NaN,NaN,NaN,NaN,NaN,NaN,NaN,NaN,NaN
1979-12-31,0.7483988,NaN,0.766046913,2.481516912,NaN,3.1735,1.31400653,2.054751459,NaN,NaN,2.7837,NaN,NaN,NaN,NaN,NaN,NaN,NaN,NaN,NaN
1980-03-31,0.809885127,NaN,0.663423782,2.898753687,NaN,3.18375,1.006556516,2.182862891,NaN,NaN,3.022725,NaN,NaN,NaN,NaN,NaN,NaN,NaN,NaN,NaN
1980-06-30,-0.820431902,NaN,-0.520413721,2.817087697,NaN,3.30925,-1.206944507,-1.698622535,NaN,NaN,3.0785,NaN,NaN,NaN,NaN,NaN,NaN,NaN,NaN,NaN
1980-09-30,-0.351055182,NaN,0.302487821,2.288429383,NaN,3.05975,0.872789491,-0.309118163,NaN,NaN,3.061775,NaN,NaN,NaN,NaN,NaN,NaN,NaN,NaN,NaN
1980-12-31,-0.0982084,NaN,0.6390753,2.015745743,NaN,3.16575,0.444986065,-0.847902102,NaN,NaN,3.20915,NaN,NaN,NaN,NaN,NaN,NaN,NaN,NaN,NaN
1981-03-31,-0.068879173,NaN,-0.24918485,2.409755158,NaN,3.35825,-0.054367222,-0.648461611,NaN,NaN,3.3405,NaN,NaN,NaN,NaN,NaN,NaN,NaN,NaN,NaN
1981-06-30,0.052006885,NaN,1.030327215,2.774991295,NaN,3.877,0.010087565,-0.132678436,NaN,NaN,3.63055,NaN,NaN,NaN,NaN,NaN,NaN,NaN,NaN,NaN
1981-09-30,0.077027038,NaN,0.447923297,2.904768544,NaN,4.03325,0.08279448,-1.416770602,NaN,NaN,3.80615,NaN,NaN,NaN,NaN,NaN,NaN,NaN,NaN,NaN
1981-12-31,-0.039360786,NaN,0.180906605,2.822768063,NaN,3.8565,0.573597887,-3.037348909,NaN,NaN,3.775975,NaN,NaN,NaN,NaN,NaN,NaN,NaN,NaN,NaN
1982-03-31,0.247823818,NaN,-0.124361793,2.357673056,NaN,3.58275,-0.176964255,-0.013441785,NaN,NaN,3.6961,NaN,NaN,NaN,NaN,NaN,NaN,NaN,NaN,NaN
1982-06-30,0.145615561,NaN,-0.265945613,2.68215312,NaN,3.6,-0.332074459,-0.525511513,NaN,NaN,3.629,NaN,NaN,NaN,NaN,NaN,NaN,NaN,NaN,NaN
1982-09-30,-0.592354342,NaN,0.202079313,2.05807077,NaN,3.3375,-0.277749298,-1.246961772,NaN,NaN,3.567025,NaN,NaN,NaN,NaN,NaN,NaN,NaN,NaN,NaN
1982-12-31,-0.14673559,NaN,0.023557634,2.197890672,NaN,3.15175,0.629376962,-1.492974225,NaN,NaN,3.4191,NaN,NaN,NaN,NaN,NaN,NaN,NaN,NaN,NaN
1983-03-31,0.591303836,NaN,-0.35372318,2.150620522,NaN,2.9715,0.102741725,0.046314125,NaN,NaN,3.24915,NaN,NaN,NaN,NaN,NaN,NaN,NaN,NaN,NaN
1983-06-30,0.640213529,NaN,0.605882906,1.757514482,NaN,2.962,0.296478057,0.217762986,NaN,NaN,3.234525,NaN,NaN,NaN,NaN,NaN,NaN,NaN,NaN,NaN
1983-09-30,0.185017123,NaN,0.517562756,2.239542351,NaN,3.05475,-0.297603328,0.166068094,NaN,NaN,3.28265,NaN,NaN,NaN,NaN,NaN,NaN,NaN,NaN,NaN
1983-12-31,0.916551745,NaN,-0.273765817,2.023677829,NaN,3.04225,0.960274691,-1.33737923,NaN,NaN,3.27165,NaN,NaN,NaN,NaN,NaN,NaN,NaN,NaN,NaN
1984-03-31,0.731404912,NaN,0.607617998,1.655666959,NaN,2.858,0.728188954,-0.055281832,NaN,NaN,3.151925,NaN,NaN,NaN,NaN,NaN,NaN,NaN,NaN,NaN
1984-06-30,-0.519710138,NaN,-1.102803751,1.467018975,NaN,2.7145,-0.251470431,-2.553436754,NaN,NaN,3.126475,NaN,NaN,NaN,NaN,NaN,NaN,NaN,NaN,NaN
1984-09-30,0.81441567,NaN,0.366476591,1.605170901,NaN,2.6035,-0.055643632,0.999615822,NaN,NaN,3.0523,NaN,NaN,NaN,NaN,NaN,NaN,NaN,NaN,NaN
1984-12-31,0.415635743,NaN,0.688570538,1.108483242,NaN,2.532,0.510235789,1.232585152,NaN,NaN,2.854575,NaN,NaN,NaN,NaN,NaN,NaN,NaN,NaN,NaN
1985-03-31,0.157198065,5.597802645,0.428493655,1.56253179,NaN,2.46575,0.911565361,-1.638429258,NaN,NaN,2.73685,NaN,NaN,NaN,NaN,NaN,NaN,NaN,NaN,NaN
1985-06-30,0.810025527,5.520391043,0.058433535,1.385703466,NaN,2.4905,0.338250912,1.347905392,NaN,NaN,2.711025,NaN,NaN,NaN,NaN,NaN,NaN,NaN,NaN,NaN
1985-09-30,0.629702952,5.378186521,0.493152736,1.517479802,NaN,2.33675,0.380852876,1.303557137,NaN,NaN,2.66725,NaN,NaN,NaN,NaN,NaN,NaN,NaN,NaN,NaN
1985-12-31,0.304558849,5.179910623,-0.021903326,1.494796144,NaN,2.157,0.118892008,0.919099593,NaN,NaN,2.572575,NaN,NaN,NaN,NaN,NaN,NaN,NaN,NaN,NaN
1986-03-31,-0.628571916,4.952811238,-0.391076773,1.764751681,NaN,2.18725,-0.839853393,-2.479899466,NaN,NaN,2.441575,NaN,NaN,NaN,NaN,NaN,NaN,NaN,NaN,NaN
1986-06-30,1.552069221,4.78471392,0.21563372,1.303421784,NaN,2.007,0.797137512,1.994951669,NaN,NaN,2.14955,NaN,NaN,NaN,NaN,NaN,NaN,NaN,NaN,NaN
1986-09-30,0.179938568,4.699195505,0.120632176,1.144504625,NaN,1.93825,-0.168772397,0.355580281,NaN,NaN,2.100925,NaN,NaN,NaN,NaN,NaN,NaN,NaN,NaN,NaN
1986-12-31,-0.155385422,4.674102871,0.137423147,0.849863472,NaN,1.96875,0.497664288,0.568191137,NaN,NaN,2.11825,NaN,NaN,NaN,NaN,NaN,NaN,NaN,NaN,NaN
1987-03-31,-0.733114942,4.731641309,0.107822608,0.842701616,NaN,2.02625,-0.215675911,-1.824612103,NaN,NaN,2.1178,NaN,NaN,NaN,NaN,NaN,NaN,NaN,NaN,NaN
1987-06-30,1.364336396,4.760049305,0.962861341,0.835659459,NaN,2.1065,1.548183437,2.921249232,NaN,NaN,2.17225,NaN,NaN,NaN,NaN,NaN,NaN,NaN,NaN,NaN
1987-09-30,0.823969124,4.734335097,0.610281846,0.691087754,NaN,2.1225,0.75014426,2.00986411,NaN,NaN,2.36805,NaN,NaN,NaN,NaN,NaN,NaN,NaN,NaN,NaN
1987-12-31,1.091270009,4.680171912,0.232428219,1.232048439,NaN,2.1065,0.528672145,1.511941304,NaN,NaN,2.40335,NaN,NaN,NaN,NaN,NaN,NaN,NaN,NaN,NaN
1988-03-31,0.18494882,4.582261371,0.398088778,0.947874396,0.568459982,1.8635,-0.579995861,1.054161992,NaN,NaN,2.246525,NaN,NaN,NaN,NaN,NaN,NaN,NaN,NaN,NaN
1988-06-30,0.617118034,4.493103591,0.233911214,1.072396336,0.605685863,1.815,0.394985793,1.641186858,NaN,NaN,2.220725,NaN,NaN,NaN,NaN,NaN,NaN,NaN,NaN,NaN
1988-09-30,1.076962298,4.443202913,0.46074362,0.929004691,0.731594897,1.9935,1.281221847,1.83862107,NaN,NaN,2.258525,NaN,NaN,NaN,NaN,NaN,NaN,NaN,NaN,NaN
1988-12-31,0.820929833,4.42433777,0.089913698,1.312354793,0.844463501,2.11875,0.38970687,1.377209821,NaN,NaN,2.245175,NaN,NaN,NaN,NaN,NaN,NaN,NaN,NaN,NaN
1989-03-31,0.833848492,4.373667482,0.699069536,1.166571882,0.856487013,2.379,0.634449782,2.150281053,NaN,NaN,2.35105,NaN,NaN,NaN,NaN,NaN,NaN,NaN,NaN,NaN
1989-06-30,0.66983309,4.252991071,0.247213438,0.898017581,0.964000245,2.42275,0.866757936,1.02309789,NaN,NaN,2.406775,NaN,NaN,NaN,NaN,NaN,NaN,NaN,NaN,NaN
1989-09-30,0.214237069,4.00752942,0.549476588,1.016527178,0.802339741,2.5255,0.77287204,-0.098605954,NaN,NaN,2.4012,NaN,NaN,NaN,NaN,NaN,NaN,NaN,NaN,NaN
1989-12-31,0.480061155,3.662028306,0.179095963,1.38106401,0.949679482,2.768,0.102471809,1.694228406,NaN,NaN,2.521675,NaN,NaN,NaN,NaN,NaN,NaN,NaN,NaN,NaN
1990-03-31,0.868422587,3.25562774,0.929936315,1.362250168,1.000858831,2.8065,-0.02752055,2.486874503,NaN,NaN,2.702125,NaN,NaN,NaN,NaN,NaN,NaN,NaN,NaN,NaN
1990-06-30,0.106837695,2.984961056,0.540345079,1.465227679,0.852883635,2.6545,-0.062468554,-0.99905665,NaN,NaN,2.69805,NaN,NaN,NaN,NaN,NaN,NaN,NaN,NaN,NaN
1990-09-30,0.591473786,2.88674656,0.536338169,0.844905449,0.569987701,2.634,0.378080304,-0.031349945,NaN,NaN,2.72165,NaN,NaN,NaN,NaN,NaN,NaN,NaN,NaN,NaN
1990-12-31,0.127416042,2.920340041,0.646831037,1.194757342,1.130320447,2.7615,0.691983462,0.138983705,NaN,NaN,2.744425,NaN,NaN,NaN,NaN,NaN,NaN,NaN,NaN,NaN
1991-03-31,0.292912672,3.069771022,-0.317583925,1.415117955,0.974682159,2.77425,0.233994255,-0.911415207,NaN,NaN,2.638225,NaN,NaN,NaN,NaN,NaN,NaN,NaN,NaN,NaN
1991-06-30,0.316535101,3.222458392,1.204902935,1.395371477,1.043982908,2.6155,0.77355995,0.398642475,NaN,NaN,2.512975,NaN,NaN,NaN,NaN,NaN,NaN,NaN,NaN,NaN
1991-09-30,0.171772567,3.274424388,0.241264464,1.262208381,1.033196417,2.6265,0.2304445,-0.019720919,NaN,NaN,2.5357,NaN,NaN,NaN,NaN,NaN,NaN,NaN,NaN,NaN
1991-12-31,0.941052538,3.146939412,0.274527005,1.471447035,1.06886619,2.683,1.295246251,0.401128708,NaN,NaN,2.47355,NaN,NaN,NaN,NaN,NaN,NaN,NaN,NaN,NaN
1992-03-31,1.487233667,2.916773586,1.395883109,0.671895025,1.103290382,2.71225,0.825027464,1.530755078,NaN,NaN,2.394975,NaN,NaN,NaN,NaN,NaN,NaN,NaN,NaN,NaN
1992-06-30,-0.848820091,2.671321021,0.132491454,0.999453073,1.030936966,2.74475,0.03878471,-2.13183596,NaN,NaN,2.419025,NaN,NaN,NaN,NaN,NaN,NaN,NaN,NaN,NaN
1992-09-30,-0.16340152,2.5049653,1.351632973,0.770504637,0.945739992,2.982,-0.169154767,-1.955393052,NaN,NaN,2.513025,NaN,NaN,NaN,NaN,NaN,NaN,NaN,NaN,NaN
1992-12-31,-0.075441519,2.358038002,-0.558195155,0.982004618,0.892464647,2.863,1.0639897,-1.176747077,NaN,NaN,2.503225,NaN,NaN,NaN,NaN,NaN,NaN,NaN,NaN,NaN
1993-03-31,-0.891060486,2.224615161,-0.769662584,1.187277843,1.19233031,2.6765,-1.662189036,-3.412921424,NaN,NaN,2.3543,NaN,NaN,NaN,NaN,NaN,NaN,NaN,NaN,NaN
1993-06-30,-0.000759105,2.154679283,-0.023661097,0.96103249,0.830605868,2.27275,-0.193839325,-1.782737075,NaN,NaN,2.24815,NaN,NaN,NaN,NaN,NaN,NaN,NaN,NaN,NaN
1993-09-30,0.281146475,2.10903972,-0.418761867,0.63559536,0.794974195,2.03,0.405998744,-0.214953181,NaN,NaN,1.99445,NaN,NaN,NaN,NaN,NaN,NaN,NaN,NaN,NaN
1993-12-31,0.031056508,2.081478443,-0.379149889,0.84122473,0.745843962,1.853,0.439777696,-1.733301995,NaN,NaN,1.827275,NaN,NaN,NaN,NaN,NaN,NaN,NaN,NaN,NaN
1994-03-31,0.803254636,2.067609351,-0.031733366,0.522194398,0.598377622,1.745,0.375190682,0.993540263,NaN,NaN,1.743325,NaN,NaN,NaN,NaN,NaN,NaN,NaN,NaN,NaN
1994-06-30,0.558595461,2.010493139,0.156804568,0.623054975,0.637170297,1.6075,0.328196408,1.333369965,NaN,NaN,1.965,NaN,NaN,NaN,NaN,NaN,NaN,NaN,NaN,NaN
1994-09-30,0.619211,1.893971481,-0.0354406,0.722024797,0.619109899,1.5575,0.670742665,0.701258766,NaN,NaN,2.1825,NaN,NaN,NaN,NaN,NaN,NaN,NaN,NaN,NaN
1994-12-31,0.616905121,1.744797927,0.166336292,0.818837738,0.643178951,1.5675,0.177721281,1.956601829,NaN,NaN,2.285,NaN,NaN,NaN,NaN,NaN,NaN,NaN,NaN,NaN
1995-03-31,0.590113491,1.597429468,0.000251406,0.609757987,0.666761742,1.68,0.691352218,-1.341377659,NaN,NaN,2.33,NaN,NaN,NaN,NaN,NaN,NaN,NaN,NaN,NaN
1995-06-30,0.736325075,1.5919323,0.624013869,0.405553512,0.676097781,1.7675,0.866897918,1.058499671,NaN,NaN,2.2325,NaN,NaN,NaN,NaN,NaN,NaN,NaN,NaN,NaN
1995-09-30,-0.004885126,1.421447648,-0.559041132,1.26692128,0.685215782,1.665,0.031195516,-0.478298086,NaN,NaN,2.128325,NaN,NaN,NaN,NaN,NaN,NaN,NaN,NaN,NaN
1995-12-31,-0.040339519,1.35243623,0.232732288,0.746707471,0.599130333,1.625,-0.025106226,-0.039694728,NaN,NaN,2.038325,NaN,NaN,NaN,NaN,NaN,NaN,NaN,NaN,NaN
1996-03-31,0.161284682,1.182902848,-0.387319662,0.744057514,0.555068101,1.4175,0.875636072,-2.50854814,NaN,NaN,1.910825,NaN,NaN,NaN,NaN,NaN,NaN,NaN,NaN,NaN
1996-06-30,0.41007664,0.933652419,-0.010973872,0.39869649,0.444534981,1.2975,0.261666645,3.264270384,NaN,NaN,1.884175,NaN,NaN,NaN,NaN,NaN,NaN,NaN,NaN,NaN
1996-09-30,0.263076959,1.17834699,0.320656481,0.434306546,0.348853165,1.25,0.386525518,0.349516349,NaN,NaN,1.819175,NaN,NaN,NaN,NaN,NaN,NaN,NaN,NaN,NaN
1996-12-31,0.431315709,1.236239862,0.747497968,-0.188971023,0.360987089,1.1575,0.085379039,-0.499001401,NaN,NaN,1.618325,NaN,NaN,NaN,NaN,NaN,NaN,NaN,NaN,NaN
1997-03-31,0.082518863,0.886384012,1.038019165,-0.435129825,0.359688658,1.1225,0.380466775,-1.010100017,NaN,NaN,1.550825,NaN,NaN,NaN,NaN,NaN,NaN,NaN,NaN,NaN
1997-06-30,0.883984968,0.980793334,0.648285367,-0.253620714,0.238126849,1.08,0.247009294,1.646017085,NaN,NaN,1.555,NaN,NaN,NaN,NaN,NaN,NaN,NaN,NaN,NaN
1997-09-30,0.565458904,1.128239589,0.24862192,0.175873647,0.316622956,1.0725,0.516048534,0.031525949,NaN,NaN,1.4525,NaN,NaN,NaN,NaN,NaN,NaN,NaN,NaN,NaN
1997-12-31,0.829010625,1.165306979,-0.123128145,0.545829362,0.315623618,1.095,0.816692399,1.777211594,1.5675,NaN,1.4,NaN,NaN,NaN,NaN,NaN,NaN,NaN,NaN,NaN
1998-03-31,0.302811089,1.084019547,0.259615599,-0.259615599,0.340805154,1.0525,-0.01941419,1.23993063,1.445328283,NaN,1.279175,NaN,NaN,NaN,3.54,3.69,3.800528656,3.9,4.003585352,4.106520313
1998-06-30,-0.00262313,1.376329844,0.022276693,0.538559798,0.443922912,1.0175,-0.031786087,-0.370138195,1.364915224,NaN,1.2475,-0.000795672,NaN,NaN,3.733333333,3.7,3.841051877,3.996666667,4.110123806,4.216961902
1998-09-30,0.125282195,1.637274714,-0.017941778,0.467450401,0.325161241,0.9875,0.595888437,0.970976154,1.783061281,NaN,1.14,0.000343827,NaN,NaN,3.55,3.63,3.674017239,3.713333333,3.761726232,3.817460354
1998-12-31,0.038402457,1.303555941,-0.447918647,1.018511606,0.272320729,0.915,0.298560194,0.222946284,2.133147704,NaN,1.036675,0.000687971,NaN,NaN,3.35,3.37,3.383271429,3.396666667,3.419212512,3.454485196
1999-03-31,0.84265283,1.231084099,-0.061541097,0.230550894,0.168208618,0.7775,0.483570526,1.906091847,1.857041063,0.475,0.9981,0.00182751,NaN,NaN,3.036666667,3.013333333,3.027181373,3.05,3.069154412,3.090359477
1999-06-30,0.18693549,2.008197127,0.739692266,0.207602824,0.271125336,0.655,0.697130609,0.86052338,1.702234849,NaN,1.06435,-0.00025545,NaN,NaN,2.576666667,2.623333333,2.695984993,2.773333333,2.837243161,2.897179106
1999-09-30,0.926361772,1.563661216,0.424658727,0.091040884,0.257532978,0.6525,0.951132091,1.627842374,1.556964756,NaN,1.262675,0.001196057,NaN,NaN,2.643333333,2.983333333,3.12145633,3.226666667,3.349262116,3.472307066
1999-12-31,0.771241266,1.881273872,0.514126946,0.31450303,0.295345319,0.7775,0.617672186,0.498977805,1.458501318,NaN,1.330025,0.001307061,NaN,NaN,3.373333333,3.45,3.592433064,3.756666667,3.895003737,4.027781099
2000-03-31,0.816843592,2.040580808,0.253942382,0.463656751,0.192147629,0.8425,0.756010819,2.077756927,1.338769841,0.45,1.4044,0.002172102,NaN,1.148083333,2.333333333,2.473333333,2.604621196,2.72,2.816900597,2.905393123
2000-06-30,0.588512397,2.02631301,0.231364269,0.244190201,0.17900529,1.0275,0.696855201,1.109044638,1.64177421,NaN,1.356225,-6.82E-05,NaN,1.128860417,4.213333333,4.386666667,4.539722564,4.66,4.746692075,4.822800363
2000-09-30,0.358881182,2.040713254,0.326880745,0.529339425,0.318857486,1.14,0.280664088,0.899288465,1.902121996,NaN,1.359925,-0.00075457,NaN,1.14361875,4.693333333,4.886666667,5.028776225,5.126666667,5.187392935,5.238423349
2000-12-31,0.293285723,2.249496159,0.087029856,0.58686663,0.406659602,1.2275,0.270538917,-0.247146401,2.617085137,NaN,1.318325,-0.000267698,NaN,1.133527083,4.953333333,4.986666667,5.013623025,5.03,5.036897629,5.042149744
2001-03-31,1.066542994,2.437345558,-0.202585118,0.741355989,0.291268489,1.1975,0.581950439,0.277420509,2.580857543,0.45,1.247275,0.002171213,NaN,1.049789583,4.69,4.59,4.515592844,4.476666667,4.473752741,4.472039474
2001-06-30,-0.003349063,2.116845274,0.056014985,0.638633249,0.554856405,1.165,0.330470021,-0.498645899,2.783886693,0.45,1.297675,-0.000730952,NaN,1.06428125,4.533333333,4.44,4.396020486,4.376666667,4.3784375,4.385277778
2001-09-30,0.010394459,1.981723595,0.060207972,0.600998979,0.639300203,1.085,-0.126656518,-1.236278942,3.20335822,0.45,1.2788,0.000205744,NaN,1.059983333,4.19,4.076666667,4.006509162,3.973333333,3.976822917,3.992361111
2001-12-31,-0.301913945,1.812929388,-0.02686963,0.797531358,0.610403639,0.88,-0.292682862,-1.143472715,3.603180665,0.45,1.203525,0.000872816,NaN,0.961702852,3.36,3.246666667,3.220151623,3.223333333,3.25472858,3.31235133
2002-03-31,-0.163599795,1.403387609,-0.158094652,0.682732509,0.779369319,0.8375,-0.337481671,-0.917233971,3.027891955,0.475,1.2838,-0.000409873,NaN,0.900402791,3.31,3.353333333,3.449693802,3.573333333,3.683593851,3.795787127
2002-06-30,0.250611338,1.3115264,0.272334583,0.362051135,0.479440343,0.84,-0.085792892,-0.907964849,2.758243695,0.475,1.313775,0.000373457,0.695475668,0.889851811,3.393333333,3.52,3.671370697,3.816666667,3.936245636,4.046292417
2002-09-30,0.259583337,1.087578051,0.0458799,0.682210687,0.550359122,0.835,0.049938196,-0.416751625,3.015912698,0.475,1.19015,-0.001235325,0.157033268,0.929263188,3.29,3.283333333,3.304532726,3.34,3.38608494,3.445779206
2002-12-31,0.003696295,0.882500328,0.168376425,0.45745136,0.450259355,0.7925,0.448727837,0.666588781,2.878837521,0.475,1.1352,0.000591131,-0.35730688,0.941116974,2.99,2.91,2.89295249,2.886666667,2.90265625,2.947916667
2003-03-31,-0.450489603,0.787312824,-0.257686387,0.617498566,0.532817923,0.685,0.217906271,-0.620904891,2.09659127,0.475,1.0382,-0.001525584,-0.176453178,0.93948274,2.606666667,2.5,2.453315217,2.433333333,2.440885417,2.465972222
2003-06-30,-0.160840385,0.524989177,-0.006853515,0.585367525,0.481928644,0.6075,-0.302547863,-0.544449384,1.539777433,0.475,0.98925,0.000601938,-0.650238759,0.905059607,2.283333333,2.196666667,2.155150869,2.136666667,2.146458333,2.177222222
2003-09-30,0.51226036,0.56742229,0.584323879,0.6306252,0.407821124,0.5325,0.296801677,0.451425158,1.214204546,0.475,1.0416,-0.000346311,1.057110041,0.831734342,2.073333333,2.06,2.083967731,2.13,2.189233992,2.272652437
2003-12-31,0.484550437,0.664164672,-0.159034392,0.240412397,0.477669884,0.5275,0.401775489,0.936486433,0.95546129,0.475,1.091825,0.000482682,0.40480058,0.75259282,2.076666667,2.113333333,2.190884589,2.293333333,2.393873782,2.500480399
2004-03-31,0.422965794,0.44867047,0.24502982,0.457485904,0.641256205,0.515,0.451629863,-0.007581162,0.928439912,0.475,1.038275,0.001927776,0.869460393,0.700277165,2.003333333,1.99,2.014668001,2.063333333,2.121476165,2.198719554
2004-06-30,0.450274167,0.597413354,-0.040052624,0.617274175,0.566573754,0.515,0.160940659,1.095797566,0.883010462,0.475,1.089275,-0.000460456,0.075713571,0.629935751,2.033333333,2.066666667,2.135245925,2.226666667,2.31839596,2.417833446
2004-09-30,0.036482136,0.457988025,-0.108971863,0.456380016,0.3993897,0.52,-0.017635641,0.122178522,0.874082675,0.475,1.0518,-0.001950281,0.556402234,0.597054454,2.06,2.113333333,2.187830538,2.273333333,2.358999787,2.447999811
2004-12-31,0.212155467,0.482107167,-0.101650487,0.58069332,0.33939994,0.53,0.481674386,0.276273451,0.763295455,0.475,0.96145,-0.000551939,0.336254315,0.599962897,2.1,2.136666667,2.186677701,2.243333333,2.298959904,2.355742137
2005-03-31,0.050781469,0.30772661,0.071859526,0.352038314,0.373178276,0.525,0.307699215,-0.005887538,0.675486111,0.475,0.917625,-0.002563738,-0.855187924,0.621040706,2.08,2.123333333,2.183349943,2.25,2.31377871,2.377803298
2005-06-30,0.430506137,0.874315081,0.121661846,0.445135954,0.313789554,0.525,0.495233192,1.747724604,0.990568182,0.475,0.8527,-0.00056036,1.310354782,0.684423755,2.076666667,2.076666667,2.088558344,2.11,2.137710413,2.173890737
2005-09-30,0.542417507,0.659567512,0.07228088,0.49132242,0.359066813,0.5275,0.48294306,1.206624265,0.856747365,0.475,0.815575,0.000418291,-0.820168686,0.785116669,2.08,2.096666667,2.116737624,2.14,2.16736879,2.199512999
2005-12-31,0.526425597,1.235987809,0.230901759,0.66689882,0.392338375,0.5625,0.051360587,0.649435964,0.860494228,0.475,0.854975,-0.000842421,1.080112691,0.880155041,2.28,2.393333333,2.489631742,2.566666667,2.625101675,2.677034822
2006-03-31,0.747651958,1.556126098,0.034166952,0.263317584,0.298988263,0.6225,0.868146457,1.466590029,0.833317719,0.475,0.889575,0.001402036,2.070071673,0.870964935,2.56,2.686666667,2.798161119,2.886666667,2.951712045,3.008929226
2006-06-30,0.96794144,1.905157821,0.066506738,0.641301377,0.435381073,0.685,0.567892133,2.575623555,0.732503294,0.475,1.01225,-0.000686983,0.115782397,0.883291326,2.826666667,2.986666667,3.126429771,3.236666667,3.317128883,3.387818267
2006-09-30,0.437269127,2.417871487,0.001553158,0.561108173,0.41072505,0.765,0.078410898,0.68691006,0.727200734,0.475,0.992025,-0.001316685,-0.016167277,0.827927083,3.163333333,3.34,3.466863782,3.55,3.594942036,3.632078106
2006-12-31,0.988851183,2.779821895,0.113097778,0.535140908,0.443056675,0.8675,0.312106198,2.094469487,0.619137807,0.475,0.965675,8.57E-05,1.108464219,0.790964005,3.53,3.656666667,3.746235016,3.793333333,3.799183391,3.802977829
2007-03-31,0.509867205,3.068718455,-0.373127887,0.853411924,0.553892786,0.925,-0.147864841,0.760478617,0.545416337,0.475,1.02025,0.001534965,1.343630659,0.843651132,3.763333333,3.88,3.967622297,4.016666667,4.026599389,4.033180939
2007-06-30,0.558157048,3.384329356,0.136613285,0.454248953,0.517203761,0.99,0.900887258,0.615607743,0.495931818,0.475,1.10665,0.000318896,-0.315559936,0.95407489,4.01,4.13,4.241285508,4.313333333,4.337652736,4.356617247
2007-09-30,0.168844215,3.660702597,0.154439578,0.507690394,0.436413158,1.07,0.158529618,0.283335416,0.86110868,0.5,1.118675,-0.000793978,0.099191049,0.99938125,4.14,4.213333333,4.276003197,4.316666667,4.332776705,4.345431145
2007-12-31,0.348797024,3.818478298,0.331205793,0.684660228,0.712063534,1.0975,0.518780209,1.741288677,1.081824605,0.475,1.086125,-0.000581799,0.465163138,1.047232905,4.05,4.08,4.107237122,4.123333333,4.123455189,4.119460168
2008-03-31,0.490746494,4.038693944,0.635245647,0.492355466,0.762055706,1.0575,0.403236666,-0.69609109,1.724060786,0.5,1.0368,0.001083172,-1.367930168,1.023257737,3.996666667,3.93,3.843077277,3.763333333,3.707468024,3.657286391
2008-06-30,-0.671916718,3.626051864,-0.155754336,0.690579969,0.526721288,1.1025,-0.371035572,-1.531096255,1.594463188,0.475,1.126275,-0.002739151,1.063034807,1.087280341,4.093333333,4.156666667,4.205222912,4.23,4.233932246,4.232939774
2008-09-30,-0.614145492,3.117373752,0.732275407,0.256876204,0.480402715,1.135,-0.196716888,-1.309542125,2.219759552,0.5,1.151225,-0.00291795,-1.021492916,1.099852083,4.303333333,4.326666667,4.330497754,4.316666667,4.29330662,4.267198477
2008-12-31,-1.817164998,2.533981698,-0.02591366,0.289639538,0.423890641,0.9725,-1.560657715,-3.690027804,5.007165208,0.5,1.0417,-0.003556894,-2.687360031,1.23188252,2.626666667,2.456666667,2.371801357,2.333333333,2.34171875,2.370416667
2009-03-31,-3.20312776,0.587233329,-0.444497526,0.372641235,0.249147071,0.42,-1.686266211,-6.658044735,5.030598846,0.475,1.036825,0.001893127,-2.069368834,1.166012041,1.053333333,1.003333333,1.016196245,1.046666667,1.094554795,1.171826485
2009-06-30,-0.144867292,-0.402862136,0.427121645,0.039023943,0.302474034,0.2325,-0.069378451,-3.069219164,4.235046898,0.475,1.045475,0.006635088,-0.032982159,1.095692974,0.746666667,0.75,0.788756178,0.86,0.94054332,1.040853321
2009-09-30,0.384688749,-0.800402013,0.617354864,0.083735287,0.20473042,0.1325,0.100774425,-0.911527579,2.85427646,0.5,0.98715,0.000960851,1.077563435,0.884745833,0.43,0.486666667,0.577836307,0.693333333,0.820077071,0.961549989
2009-12-31,0.40258996,-1.118577388,0.401968584,0.211892392,0.215053846,0.1125,0.335515305,-0.341505778,2.061999184,0.475,0.95935,-0.00165601,0.277572089,0.824545361,0.426666667,0.493333333,0.607251171,0.743333333,0.872274741,1.003503474
2010-03-31,0.808886487,-0.788117631,0.247237382,0.105206592,0.214592357,0.105,0.902882165,0.072474711,1.740779848,0.475,1.0161,-0.000564228,0.444019881,0.802581177,0.363333333,0.436666667,0.539017609,0.653333333,0.760659797,0.867623523
2010-06-30,0.821642161,-0.652506895,0.516478586,0.254553271,0.235520931,0.105,0.486620499,2.235578904,1.787474748,0.475,0.9604,-0.002549178,0.886155758,0.755590565,0.406666667,0.473333333,0.525992389,0.576666667,0.632401264,0.690282605
2010-09-30,0.36912669,-0.737919661,0.018680258,0.341429326,0.330931714,0.1525,0.316340925,-0.689445405,1.674594862,0.5,0.87865,-0.000558123,0.35088279,0.7115375,0.533333333,0.59,0.64179759,0.69,0.735073685,0.778213646
2010-12-31,0.566658932,-0.738818265,0.265576006,0.150994835,0.351082865,0.2025,0.759474579,0.328021278,1.44205863,0.475,0.92675,0.000516781,0.881265714,0.757271178,0.716666667,0.78,0.83122476,0.88,0.932222569,0.98567932
2011-03-31,0.985277548,-0.112480326,0.451064289,0.388358797,0.445057426,0.215,0.276470184,1.807258681,1.298350069,0.5,1.0757,-0.000668649,0.71418656,0.859933333,0.823333333,0.943333333,1.059401836,1.17,1.273946402,1.374248654
2011-06-30,-0.052750717,-0.492625544,0.303995879,0.209967905,0.474659401,0.305,0.151137146,-0.193864027,1.278261183,0.5,1.117325,-0.00392344,0.136191976,0.825961045,1.183333333,1.316666667,1.427243811,1.523333333,1.609991427,1.69073312
2011-09-30,-0.037417743,-0.695523408,-0.061444234,0.323120247,0.482889874,0.345,-0.168761367,-0.193068356,1.917722332,0.5,1.0708,0.00213116,-0.494265367,0.718775,0.996666667,0.98,0.97442337,0.976666667,0.988300957,1.003674925
2011-12-31,-0.374544028,-1.108852023,0.245920801,0.230162619,0.490990801,0.31,-0.180848386,-0.480813608,2.316237374,0.5,1.047175,-0.002363551,-0.306107943,0.72433077,0.616666667,0.563333333,0.551169795,0.546666667,0.552395833,0.569166667
2012-03-31,-0.349543623,-1.506006394,0.033885551,0.417429668,0.467849271,0.1625,-0.063470882,-1.504853114,2.068704279,0.5,0.911175,0.000850019,0.241419989,0.640945835,0.353333333,0.343333333,0.345419409,0.35,0.358952163,0.374994515
2012-06-30,-0.409044299,-2.165218803,0.095342403,0.27546537,0.403706361,0.0975,-0.449231601,-0.533441484,2.029764163,0.5,0.85945,-0.000317115,-0.394786726,0.507374732,0.296666667,0.283333333,0.278571429,0.276666667,0.280416667,0.291111111
2012-09-30,-0.253599584,-2.595980796,-0.112184498,0.414553282,0.330033303,0.04,-0.448371322,-1.73796018,1.88941778,0.5,0.72295,-0.000823075,-0.664241077,0.432034438,0.09,0.08,0.075512821,0.073333333,0.077083333,0.087777778
2012-12-31,-0.463356478,-3.262785013,0.02718252,0.185048781,0.400760954,0.0275,-0.195914603,-1.358366049,1.543833333,0.5,0.554275,0.000351142,-0.236598203,0.413985029,0.073333333,0.06,0.05775641,0.056666667,0.060364583,0.070694444
2013-03-31,-0.427403333,-3.867231537,-0.034256105,0.579519794,0.317411826,0.03,-0.734582807,-2.609305854,1.300062951,0.5,0.6899,0.000627576,-0.434764922,0.38131783,0.09,0.103333333,0.117123813,0.133333333,0.151716715,0.17226671
2013-06-30,0.540140808,-3.734930034,0.219735857,0.223183702,0.245048111,0.03,0.023737213,0.78875394,1.244273794,0.5,0.71765,0.001860774,1.079504165,0.449286668,0.08,0.08,0.086972496,0.096666667,0.108389265,0.123753421
2013-09-30,0.255798005,-3.701238947,0.296075068,0.133890866,0.244449093,0.0325,0.306466062,0.732931908,1.250510697,0.5,0.8004,-0.003335193,0.082636077,0.581736846,0.103333333,0.113333333,0.131861877,0.156666667,0.182223032,0.210124177
2013-12-31,0.196465328,-3.428867994,0.155043876,0.031800164,0.22355461,0.04,0.154719436,1.164449763,1.046041,0.475,0.803925,0.001327347,0.452466131,0.583352341,0.13,0.13,0.13760255,0.146666667,0.158310929,0.173683789
2014-03-31,-0.130649998,-3.863400178,-0.057148513,0.50634127,0.304044017,0.055,-0.813514971,-0.858662342,0.850091991,0.475,0.765625,0.000793501,-0.666569465,0.534534141,0.16,0.146666667,0.142042125,0.14,0.142447917,0.149583333
2014-06-30,0.121435575,-3.946971457,0.005877197,0.201603085,0.121359238,0.055,0.072035876,-0.757104284,0.765912698,0.45,0.620075,-0.001021269,-0.082705777,0.496510048,0.13,0.106666667,0.099538019,0.096666667,0.097604167,0.100833333
2014-09-30,0.414969474,-3.791092696,0.186389336,0.140337159,0.151492227,0.0175,0.333595406,0.731004117,0.890548419,0.475,0.499725,0.000383541,1.349997495,0.426077083,0.02,0.02,0.013333333,0.006666667,0.006822917,0.007916667
2014-12-31,0.284305146,-3.525188478,0.178816,0.265990809,0.151263075,0.0025,0.219733012,0.234613084,0.99137391,0.45,0.3962,0.001291905,0.069575745,0.355536506,-0.013333333,-0.023333333,-0.035320513,-0.043333333,-0.04328125,-0.042916667
2015-03-31,0.593058815,-3.982906291,-0.140931052,0.529868449,0.442389622,0,-0.382640747,-0.776296355,0.976412338,0.45,0.285875,0.00080937,-0.166850451,0.240752725,-0.056666667,-0.083333333,-0.096777095,-0.103333333,-0.104657738,-0.105714286
2015-06-30,0.382434021,-3.547581522,0.081504782,0.402549302,0.200441037,-0.0125,0.700046281,7.516575934,0.979062049,0.45,0.320725,-0.000473999,0.796729177,0.352832775,-0.113333333,-0.123333333,-0.126322464,-0.126666667,-0.124055707,-0.120271739
2015-09-30,0.374992358,-3.25572641,-0.194078261,0.36562328,0.200040075,-0.0225,0.01866315,-5.269965114,1.137871808,0.475,0.366825,0.000596185,0.649737654,0.39941875,-0.13,-0.136666667,-0.140576923,-0.143333333,-0.142447917,-0.139583333
2015-12-31,0.357992859,-3.142916474,0.293952145,0.10162222,0.269420908,-0.0375,0.163238969,3.639764925,1.248109982,0.475,0.2958,-2.23E-06,0.349352558,0.381217488,-0.21,-0.23,-0.242953566,-0.25,-0.251272321,-0.251964286
2016-03-31,0.396512841,-2.438058458,0.061131582,0.279729422,0.218992721,-0.065,0.062973341,-0.381038791,1.442215007,0.45,0.256925,0.000957759,0.034226295,0.306630126,-0.316666667,-0.346666667,-0.36967603,-0.383333333,-0.387456178,-0.390609195
2016-06-30,0.169294501,-2.297550536,-0.005632181,0.122535324,0.06957905,-0.0875,0.352232454,0.505870813,1.185378788,0.45,0.234625,-0.000994307,1.698680839,0.245552083,-0.346666667,-0.363333333,-0.377988972,-0.39,-0.398734017,-0.406467275
2016-09-30,0.373807818,-2.302742022,0.152692732,0.29241186,0.198530937,-0.0925,0.271723627,1.128539327,1.043832345,0.45,0.164025,0.002318038,-0.877931225,0.162352083,-0.35,-0.373333333,-0.389931257,-0.403333333,-0.415164493,-0.426072142
2016-12-31,0.660561091,-2.134327328,0.391672111,0.11460468,0.316831948,-0.0925,0.940725178,1.782485098,0.981374459,0.45,0.27385,-0.000159303,0.762701454,0.221200901,-0.35,-0.353333333,-0.355764652,-0.356666667,-0.356612866,-0.355970696
2017-03-31,0.779601801,-1.629526088,0.17559916,0.317658911,0.256688857,-0.0925,0.603403776,-1.187170524,0.878118099,0.45,0.350075,0.001636134,1.282877388,0.25373125,-0.35,-0.35,-0.346394928,-0.34,-0.33337183,-0.324849034
2017-06-30,0.684331652,-1.248468883,-0.042941113,0.450401323,0.334678923,-0.0925,0.335178218,7.660099804,0.789917325,0.45,0.291975,0.00084592,0.046280475,0.247292102,-0.36,-0.36,-0.35541549,-0.346666667,-0.33724223,-0.325696797
2017-09-30,0.563267364,-1.046057654,0.113373993,0.21971677,0.343356398,-0.0925,0.150739858,-4.857638684,0.684259207,0.45,0.280475,0.000301243,0.867355599,0.254247917,-0.36,-0.356666667,-0.353231793,-0.346666667,-0.338353466,-0.326314192
2017-12-31,0.875474965,-0.495391986,0.301438889,0.423352024,0.17612529,-0.0925,0.499741101,0.735291801,0.656883117,0.475,0.24785,0.000275021,0.182043812,0.23091045,-0.353333333,-0.353333333,-0.351103896,-0.346666667,-0.339859984,-0.32876443
2018-03-31,0.034332119,-0.437456827,-0.107465513,0.426773608,0.370804484,-0.0925,0.505800158,0.288708262,0.692594697,0.475,0.2892,-0.002506336,0.927084701,0.255666964,-0.35,-0.346666667,-0.344624888,-0.34,-0.329125253,-0.308111336
2018-06-30,0.508247953,0.446771754,0.424426452,0.21114719,0.340318283,-0.0925,0.532026809,2.298090716,0.817824048,0.475,0.304075,0.000986873,0.653284707,0.25866018,-0.36,-0.356666667,-0.354595126,-0.35,-0.3404943,-0.323031971
2018-09-30,-0.097264077,0.582040547,0.249244225,0.524375269,0.290782409,-0.0925,-0.12002644,0.579542455,0.893350273,0.475,0.323675,-0.001552805,-0.618182872,0.228064583,-0.36,-0.356666667,-0.355610465,-0.353333333,-0.345501453,-0.328223514
2018-12-31,0.632685451,0.84018886,0.032648862,0.513413776,0.203045755,-0.0925,0.372239671,4.695194837,1.088779809,0.475,0.347775,0.001427387,0.172814318,0.244730857,-0.356666667,-0.356666667,-0.353001522,-0.346666667,-0.334448498,-0.31395422
2019-03-31,0.587879878,1.445568949,0.010731043,0.381801291,0.202634315,-0.0925,-0.130404159,-2.450044606,1.085465909,0.45,0.276075,NaN,1.21688762,0.249102716,-0.36,-0.36,-0.356719925,-0.35,-0.341338503,-0.329337928
2019-06-30,0.346414082,1.070632625,0.393073732,0.297654276,0.452032508,-0.0925,0.554877668,7.469387283,0.964042443,0.45,0.199675,NaN,0.432424863,0.188841191,-0.37,-0.383333333,-0.390865385,-0.396666667,-0.399447115,-0.400619658
2019-09-30,-0.003721093,1.287759398,0.115366637,0.501243969,0.344860961,-0.105,0.041146964,-5.927351023,0.909004486,0.425,0.042,NaN,0.164647361,0.102741667,-0.453333333,-0.5,-0.532865262,-0.556666667,-0.573943765,-0.588968531
2019-12-31,-0.142843674,1.026607964,-0.324911182,0.523009504,0.343675756,-0.1125,-0.17867207,9.59647698,0.878593858,0.425,0.0667,NaN,-1.315691611,0.125531847,-0.453333333,-0.463333333,-0.474395752,-0.483333333,-0.488011103,-0.492028388
2020-03-31,-3.578431236,-3.464248803,-1.439393857,0.604730824,0.123815436,-0.1175,-5.583764818,-5.418502047,1.082736292,0.425,0.06815,NaN,-3.061651573,0.126427119,-0.476666667,-0.49,-0.502248316,-0.51,-0.511272321,-0.511964286
2020-06-30,-11.88198528,-18.12719368,-5.350145462,1.100257431,0.304124926,-0.115,-14.11004044,-21.46179378,1.499525613,0.425,0.115225,NaN,-11.66708607,0.162963977,-0.466666667,-0.476666667,-0.487287014,-0.496666667,-0.503968802,-0.510564861
2020-09-30,11.05530284,-4.832939762,6.540524656,-1.001831237,-0.066448339,-0.13,13.78880806,13.43274001,1.171763991,0.4,0.042025,NaN,10.52196729,0.048677083,-0.466666667,-0.48,-0.49094086,-0.5,-0.507302135,-0.513898194
2020-12-31,0.323714172,-5.410763198,-0.030661786,0.698247222,0.056958422,-0.1375,-3.178747059,4.149321302,1.013595897,0.425,-0.0122,NaN,-0.036980165,0.021775167,-0.48,-0.49,-0.502292363,-0.513333333,-0.521157853,-0.528066239
2021-03-31,0.620065275,-5.261930582,-0.421927825,0.636960652,0.737522254,-0.1375,-1.131510785,-2.027246335,0.816590752,0.425,0.012375,NaN,1.167084844,0.065410753,-0.48,-0.486666667,-0.489871795,-0.493333333,-0.496378205,-0.49974359
2021-06-30,2.178745009,-2.133204985,0.578964916,0.305609503,0.14120972,-0.14,3.964559765,3.117291797,0.746753247,0.425,0.073825,NaN,3.465107474,0.115760417,-0.48,-0.48,-0.485,-0.49,-0.489921875,-0.489375
2021-09-30,1.7702691,-0.770965295,0.666603735,1.221963157,0.693731103,-0.14,3.618281714,0.008237528,0.754001976,0.45,0.03505,NaN,1.030257368,0.080954167,-0.48,-0.48,-0.485,-0.49,-0.489921875,-0.489375
2021-12-31,0.676837842,-0.150503197,-0.233369222,1.150329846,0.837292081,-0.145,0.388312669,3.381151603,0.832159091,0.475,0.07865,NaN,-0.000075229,0.125670833,-0.48,-0.48,-0.48,-0.48,NaN,NaN
2022-03-31,0.321951168,0.674409245,-0.527014478,1.407664726,1.096431494,-0.1375,0.929287243,-0.585125017,0.981291926,0.5,0.211025,NaN,0.969302117,0.240785417,-0.48,NaN,NaN,NaN,NaN,NaN
2022-06-30,0.601891436,0.879169115,-0.462070894,1.233271,1.554788787,-0.135,1.467762104,1.617223649,1.194536436,0.525,0.489975,NaN,0.260578177,0.42865625,NaN,NaN,NaN,NaN,NaN,NaN
2022-09-30,0.41371668,0.975829748,0.226312274,1.271120511,1.841475116,0.0225,1.422947795,1.114224931,1.437870553,0.55,0.580375,NaN,-0.169217094,0.48943125,NaN,NaN,NaN,NaN,NaN,NaN
2022-12-31,-0.283889339,1.184200641,-0.318651336,1.856864799,1.964630809,0.3375,-0.44042566,-0.621978797,1.366879509,0.55,0.75995,NaN,-0.728812016,0.6082375,NaN,NaN,NaN,NaN,NaN,NaN
2023-03-31,-0.250400582,1.786977503,-0.476741044,1.973961776,1.77330979,0.5875,-0.502038176,-0.373269906,1.11987871,0.525,0.791675,NaN,0.647894467,0.595864583,NaN,NaN,NaN,NaN,NaN,NaN
2023-06-30,-0.033079096,1.699782297,-0.191897346,1.098873141,1.19589229,0.7875,0.266862175,-0.930650006,1.156704875,0.525,0.79695,NaN,-0.037677235,0.6156125,NaN,NaN,NaN,NaN,NaN,NaN
2023-09-30,-0.168825297,1.896521895,0.488843348,0.730896465,0.839565002,0.905,0.179521165,-0.341702375,1.093875871,0.525,0.843125,NaN,-0.366331314,0.61811875,NaN,NaN,NaN,NaN,NaN,NaN
2023-12-31,-0.145556138,1.822484222,0.307709021,1.102460521,0.458773795,0.9625,-0.712693715,0.689176537,1.10869228,0.525,0.83415,NaN,-0.5557768,0.615279167,NaN,NaN,NaN,NaN,NaN,NaN
2024-03-31,0.238046579,1.909061916,0.596169988,0.558341986,0.75447027,0.965,0.424738934,-2.5720527,0.906857864,0.5,0.7401,NaN,0.823348559,0.562575,NaN,NaN,NaN,NaN,NaN,NaN
2024-06-30,-0.123706297,1.75087053,0.357707008,0.499513133,0.716022976,0.9425,-0.380130649,-2.950735701,0.861913075,0.5,0.780125,NaN,0.115878897,0.622660417,NaN,NaN,NaN,NaN,NaN,NaN
2023-09-30,0.248831783,1.63552733,0.313424656,0.544806667,0.743497849,0.8875,0.260951441,1.880690605,0.88152864,0.5,0.7377,NaN,NaN,0.622041667,NaN,NaN,NaN,NaN,NaN,NaN