date,obs_gdp,obs_hours,obs_wages,obs_gdpdeflator,obs_corepce,obs_nominalrate,obs_consumption,obs_investment,obs_BBBspread,obs_longinflation,obs_longrate,obs_tfp,obs_gdi,obs_AAAspread,obs_nominalrate1,obs_nominalrate2,obs_nominalrate3,obs_nominalrate4,obs_nominalrate5,obs_nominalrate6
1959-09-30,-0.287198779223559,NaN,0.188212632113121,0.38618931977239,2.7,0.894166666666668,0.897862314046392,0.62280797241354,0.23,NaN,NaN,-1.04975177172128,-1.18263316596665,0.0674999999999999,NaN,NaN,NaN,NaN,NaN,NaN
1959-12-31,-0.0328184505710851,NaN,0.563964660899174,0.391211296362526,2.3,0.9975,-0.0507070016408306,-1.69638078611175,0.2575,NaN,NaN,-0.396843324001403,0.36312555194479,0.0825,NaN,NaN,NaN,NaN,NaN,NaN
1960-03-31,1.54479954355941,NaN,1.71268587911288,0.396168727278612,1.2,0.983333333333333,0.00994080957286769,2.35082002382103,0.2575,NaN,NaN,2.88883042321397,1.52223968153055,0.0674999999999999,NaN,NaN,NaN,NaN,NaN,NaN
1960-06-30,-0.821315982404485,NaN,0.39100580387182,0.252468171002151,1.5,0.924166666666667,1.24082308036958,-2.19409529357597,0.2725,NaN,NaN,-3.10940286070802,-0.297699002627951,0.0725,NaN,NaN,NaN,NaN,NaN,NaN
1960-09-30,0.169402607036204,NaN,0.252806482070241,0.34207926990697,1.6,0.734166666666668,-0.686098022994543,-2.84918158632235,0.3075,NaN,NaN,-0.576236252231752,-0.315091339317973,0.11,NaN,NaN,NaN,NaN,NaN,NaN
1960-12-31,-1.64285587413963,NaN,0.118370978921092,0.295953378212399,1.3,0.574166666666667,-0.0775317006623482,-0.991630300486264,0.2925,NaN,NaN,-1.84902112595199,-0.895397909571784,0.0975,NaN,NaN,NaN,NaN,NaN,NaN
1961-03-31,0.30846416727627,NaN,0.663912649708479,0.21818657182946,0.7,0.500833333333332,-0.434090142817411,-1.62611398266105,0.3025,NaN,NaN,0.21238736637436,-0.160904420419683,0.105,NaN,NaN,NaN,NaN,NaN,NaN
1961-06-30,1.36137126887274,NaN,1.16486810986484,0.230503367521706,1.3,0.433333333333333,0.911737856645743,1.15029993543351,0.3025,NaN,NaN,3.25332956660617,1.35204613477561,0.1175,NaN,NaN,NaN,NaN,NaN,NaN
1961-09-30,1.59524813600456,NaN,0.492281310747046,0.25549324066767,1.8,0.420833333333333,0.281559014073935,1.77295791038907,0.2775,NaN,NaN,1.15995018810996,1.29301133190586,0.11,NaN,NaN,NaN,NaN,NaN,NaN
1961-12-31,1.78398020380166,NaN,0.41591041936239,0.312092224911931,1,0.6,1.6280705536206,2.65336997238808,0.27,NaN,NaN,1.21351745206743,2.18371696059501,0.095,NaN,NaN,NaN,NaN,NaN,NaN
1962-03-31,1.60949738180966,NaN,1.06661007595318,0.513781219627907,1.5,0.614166666666667,0.812437035759274,1.29935240863358,0.2425,NaN,1.00407258064516,0.248777078897076,1.04642987648765,0.0800000000000001,NaN,NaN,NaN,NaN,NaN,NaN
1962-06-30,0.532232121474408,NaN,0.505379443004046,0.164359351748145,1.5,0.651666666666667,1.04310574110588,2.35298569824178,0.2675,NaN,0.968928571428572,-0.14155785185646,0.737633432108169,0.09,NaN,NaN,NaN,NaN,NaN,NaN
1962-09-30,0.76520248393183,NaN,0.498495048819819,0.208221673489417,1.3,0.711666666666667,0.404195869763896,0.109881142023539,0.2575,NaN,0.997380952380953,1.21713339473458,0.550913889458002,0.0800000000000001,NaN,NaN,NaN,NaN,NaN,NaN
1962-12-31,-0.23255627223466,NaN,0.699433705654897,0.207789011576187,0.8,0.730833333333332,0.941153980198237,-1.17013022123652,0.2575,NaN,0.97561475409836,0.83689628801729,0.604020560684489,0.0824999999999999,NaN,NaN,NaN,NaN,NaN,NaN
1963-03-31,0.596372387744509,NaN,0.547322288997734,0.433077720664343,1.3,0.741666666666667,0.0611558054524153,0.396921329408826,0.2325,NaN,0.973032786885245,-0.00505335656821978,0.372675493226325,0.0600000000000001,NaN,NaN,NaN,NaN,NaN,NaN
1963-06-30,0.684125019041858,NaN,0.338375941110101,0.175208104391711,1.5,0.740833333333332,0.490154510881325,3.60462537355372,0.2075,NaN,0.990912698412697,0.528957912034555,1.01342158438445,0.0500000000000001,NaN,NaN,NaN,NaN,NaN,NaN
1963-09-30,1.7641180212828,NaN,0.8881172132713,0.131204917138339,1.6,0.8325,1.28590736146975,1.58562587565564,0.195,NaN,1.0080078125,2.05294031094875,0.930625623683341,0.0575000000000001,NaN,NaN,NaN,NaN,NaN,NaN
1963-12-31,0.231568070154594,NaN,0.319444605843742,0.808411839995893,1.9,0.863333333333332,-0.0299883563550907,1.98226920608292,0.17,NaN,1.02954918032787,-0.247347449143036,0.442743115785561,0.0425,NaN,NaN,NaN,NaN,NaN,NaN
1964-03-31,1.6660984798026,-44.65,-0.632536803662489,0.315369893143602,1.7,0.865833333333332,1.67835325315542,2.37299937623155,0.16,NaN,1.04467213114754,0.884835768254571,1.23188234146016,0.0474999999999999,NaN,NaN,NaN,NaN,NaN,NaN
1964-06-30,0.68384334776556,-43.89,0.877534039979537,0.228176843472427,1.2,0.8725,1.34376319111976,0.046054620209361,0.1625,NaN,1.0501953125,0.178484282884302,1.06915768963188,0.0525,NaN,NaN,NaN,NaN,NaN,NaN
1964-09-30,1.11962846609902,-43.98,0.913903514390128,0.399594789851188,1.1,0.864166666666667,1.32650460862789,0.923757322424706,0.16,NaN,1.04859375,1.00332227650784,0.97709246064619,0.0575000000000001,NaN,NaN,NaN,NaN,NaN,NaN
1964-12-31,-0.130970136922201,-43.9,0.28074763059675,0.452988041985947,1,0.894166666666668,-0.278599849957345,0.96964391092132,0.1575,NaN,1.04364754098361,-0.72474316681556,0.517023031225563,0.0625,NaN,NaN,NaN,NaN,NaN,NaN
1965-03-31,1.97293658681133,-43.16,-0.09000021396335,0.499574573794792,1.5,0.994166666666668,1.6095693692796,3.55480197004604,0.1475,NaN,1.05094262295082,2.08125551756739,1.78813174380628,0.055,NaN,NaN,NaN,NaN,NaN,NaN
1965-06-30,0.850486972509202,-42.74,0.213886717146281,0.460802367557189,1.2,1.02,0.734203735242431,2.12044831333807,0.1525,NaN,1.05238095238095,-0.398019815614431,0.862505270053248,0.0575000000000001,NaN,NaN,NaN,NaN,NaN,NaN
1965-09-30,1.86662036883649,-43.04,0.661122548813708,0.386403910106292,1.3,1.01916666666667,1.35798355785454,2.16062724649078,0.16,NaN,1.0623046875,1.97924195351796,1.06866869148803,0.0625,NaN,NaN,NaN,NaN,NaN,NaN
1965-12-31,1.94352884228022,-42.26,0.786009614962708,0.68460512400681,1.3,1.04166666666667,2.05846291725692,2.38558398028903,0.14,NaN,1.11909836065574,1.55700539539086,1.82974544606986,0.0500000000000001,NaN,NaN,NaN,NaN,NaN,NaN
1966-03-31,2.13611771580929,-42.09,1.09103002385132,0.638331772258915,2,1.14,1.33005672934689,2.3370962011405,0.13,NaN,1.19349206349206,1.86864328572673,1.8991791798145,0.0399999999999998,NaN,NaN,NaN,NaN,NaN,NaN
1966-06-30,0.0610441818436129,-41.82,0.763047328292913,0.817298005161859,3.3,1.22833333333333,-0.0280820943343656,-0.441723508476059,0.2,NaN,1.19551587301587,-1.45207562348385,0.384165096603624,0.0774999999999999,NaN,NaN,NaN,NaN,NaN,NaN
1966-09-30,0.558224558523307,-41.97,0.463374394595277,0.962674727320412,3.3,1.3525,0.649617380530458,-1.12811046815295,0.24,NaN,1.2865234375,-0.722943085034553,0.401621097413909,0.1025,NaN,NaN,NaN,NaN,NaN,NaN
1966-12-31,0.518568873722529,-41.79,0.504258157243967,0.831907994513426,3.5,1.39083333333333,0.0537911531009172,-2.65789240787396,0.33,NaN,1.2495,-0.0992908371549005,0.582723113550287,0.14,NaN,NaN,NaN,NaN,NaN,NaN
1967-03-31,0.550707933780586,-43.24,0.925268088144335,0.416257755462102,2.2,1.20583333333333,0.117474918631387,-2.27665224024588,0.33,NaN,1.14491803278689,-0.275847889271635,0.250981948320373,0.14,NaN,NaN,NaN,NaN,NaN,NaN
1967-06-30,-0.312517867049905,-43.13,1.08905782927472,0.506417609884924,2.7,0.9975,0.952059946078919,2.03319767569087,0.285,NaN,1.207109375,0.096751980628883,0.174978354159862,0.105,NaN,NaN,NaN,NaN,NaN,NaN
1967-09-30,0.449764304021528,-42.87,0.382375206639068,0.954047626054111,3.7,0.973333333333332,-0.0143792616015048,0.380184562806818,0.3075,NaN,1.31174603174603,-0.273599360365393,0.553568798255128,0.13,NaN,NaN,NaN,NaN,NaN,NaN
1967-12-31,0.297507054876291,-42.47,0.254593943119744,1.10823253433319,4.1,1.04333333333333,-0.0977314271870569,2.58047287972033,0.295,NaN,1.41045081967213,-0.114015474259655,0.550001742166728,0.1225,NaN,NaN,NaN,NaN,NaN,NaN
1968-03-31,1.62973345398189,-43.22,1.54809013510697,1.10164681876053,4.6,1.1975,1.93255933161242,1.7808977227304,0.345,NaN,1.40274193548387,1.85528751521047,1.08332693372506,0.17,NaN,NaN,NaN,NaN,NaN,NaN
1968-06-30,1.31789224198599,-42.51,0.564725983228641,1.0511271817419,4.7,1.49583333333333,1.13575138926097,-0.688763135807307,0.3875,NaN,1.43653225806452,0.807511866937148,1.15851064377978,0.195,NaN,NaN,NaN,NaN,NaN,NaN
1968-09-30,0.364152644287515,-42.96,0.636097453166343,0.974816043589666,4.5,1.48666666666667,1.5043890599519,0.762899909150974,0.3975,NaN,1.3646484375,0.0357394702794769,0.940329146732211,0.2025,NaN,NaN,NaN,NaN,NaN,NaN
1968-12-31,-0.08323470123878,-43.03,0.560907911628995,1.40165186734924,4.7,1.47916666666667,-0.324847592208926,2.58353023037432,0.35,NaN,1.44193548387097,-0.784925170345286,0.19901763231735,0.1525,NaN,NaN,NaN,NaN,NaN,NaN
1969-03-31,1.10479749274896,-42.56,0.327712593256415,1.0265274059595,4.4,1.64166666666667,0.596280252960639,2.4199584413366,0.3175,NaN,1.54274590163935,-0.532740079934563,0.521346933266841,0.1475,NaN,NaN,NaN,NaN,NaN,NaN
1969-06-30,-0.104089576986553,-42.33,0.349835089215013,1.26326371396357,4.9,2.08166666666667,0.241832221517484,-0.0672445302612914,0.3625,NaN,1.58924603174603,-0.928966398720285,0.199279015498291,0.1875,NaN,NaN,NaN,NaN,NaN,NaN
1969-09-30,0.229910234991394,-42.45,0.354805480191331,1.39782174781402,4.7,2.24583333333333,-0.120713998320298,0.514309925151906,0.3925,NaN,1.71420634920635,-0.544719449268202,0.245290403581521,0.1775,NaN,NaN,NaN,NaN,NaN,NaN
1969-12-31,-0.972404912477032,-42.53,0.622095549820543,1.28144202627194,4.8,2.235,0.18158128467411,-2.71475211682076,0.415,NaN,1.82762295081967,-1.56140101379526,-0.692931807913055,0.19,NaN,NaN,NaN,NaN,NaN,NaN
1970-03-31,-0.667447416396499,-43.42,0.382358429660734,1.40146500164904,4.4,2.14333333333333,-0.147243827690772,-1.61756909210487,0.4975,NaN,1.84379166666667,-1.1923820703198,-1.19575591523665,0.28,NaN,NaN,NaN,NaN,NaN,NaN
1970-06-30,-0.391713899897695,-45.35,0.186455310037033,1.38209510974394,4.6,1.97166666666667,-0.362682580845501,-1.864324330111,0.46,NaN,1.9275,0.074960005902662,-0.515643462835214,0.25,NaN,NaN,NaN,NaN,NaN,NaN
1970-09-30,0.348665094928606,-45.91,0.790560481820833,0.817220565572807,4.5,1.67666666666667,0.453865887036045,0.0742683361686147,0.6125,NaN,1.8644921875,1.17035778485534,0.259155685655287,0.315,NaN,NaN,NaN,NaN,NaN,NaN
1970-12-31,-1.66080741967369,-46.73,-0.348322543105496,1.31329373209788,5.8,1.39166666666667,-0.879869688114013,-0.767621706614108,0.675,NaN,1.71151639344262,-2.03020516301492,-1.52697965516518,0.3325,NaN,NaN,NaN,NaN,NaN,NaN
1971-03-31,2.1221436576983,-47.47,0.535750821070664,1.50749339794229,5.2,0.964166666666667,0.77586150462929,1.67275079987405,0.61,NaN,1.49987704918033,2.96777448058133,1.41674074761875,0.2825,NaN,NaN,NaN,NaN,NaN,NaN
1971-06-30,-0.0298622793833374,-47.74,0.152438789213853,1.3054020531639,4.6,1.14166666666667,0.171336093191542,3.19332961360004,0.595,NaN,1.56289682539683,-0.333665762014541,0.0819863047680656,0.31,NaN,NaN,NaN,NaN,NaN,NaN
1971-09-30,0.266121418150988,-47.3,0.347467757976368,1.01251188762754,3.8,1.36916666666667,0.203772932581444,1.29733999505143,0.6175,NaN,1.6213671875,0.806349525233938,0.290149176498176,0.3325,NaN,NaN,NaN,NaN,NaN,NaN
1971-12-31,-0.3320702102327,-46.52,-0.140478724540159,0.830577309921043,2.3,1.1875,0.864412238082764,2.10359181539266,0.62,NaN,1.47200819672131,-0.637597648961712,0.689374902622376,0.3425,NaN,NaN,NaN,NaN,NaN,NaN
1972-03-31,0.69280447080007,-46.19,1.22585569898229,1.51266488778203,3.9,0.886666666666667,-0.28400587722814,2.76430566314335,0.5475,NaN,1.50805555555556,0.940929146479168,0.309562170081563,0.2975,NaN,NaN,NaN,NaN,NaN,NaN
1972-06-30,1.71851798959267,-46.11,0.545688678059335,0.620553186853501,2.7,1.075,1.31568562150215,1.23743524500668,0.535,NaN,1.535234375,1.80114306705091,0.748579371889264,0.3,NaN,NaN,NaN,NaN,NaN,NaN
1972-09-30,0.409621929288733,-46.14,0.371452413893238,0.95070660384331,3,1.18583333333333,0.924202638299505,0.626777526624892,0.5425,NaN,1.57178571428572,0.501646306189336,1.09382807148018,0.3025,NaN,NaN,NaN,NaN,NaN,NaN
1972-12-31,1.18266723837814,-45.4,0.600961305253726,1.26705820843185,2.5,1.28666666666667,1.38959379305464,3.94702019470458,0.5175,NaN,1.59320833333333,1.9100508076224,2.06324414393214,0.305,NaN,NaN,NaN,NaN,NaN,NaN
1973-03-31,1.93012149974686,-44.68,1.45387582096676,1.14570071920546,2.8,1.63416666666667,1.3548936296454,3.18901147147994,0.2775,NaN,1.65024193548387,1.75579209224132,1.25512349686562,0.0899999999999999,NaN,NaN,NaN,NaN,NaN,NaN
1973-06-30,0.566715595237042,-44.33,-0.134942642506552,1.52768018379756,5.6,1.95416666666667,-0.180103389432759,0.478623645736434,0.28,NaN,1.70202380952381,-0.662031486869821,0.0301449064631925,0.085,NaN,NaN,NaN,NaN,NaN,NaN
1973-09-30,-1.04297929738152,-44.67,-0.215885214993854,1.9262301660385,5.4,2.64,-0.282319148314969,-0.624919451835638,0.2725,NaN,1.80468253968254,-2.08744357275172,-0.194096483966064,0.0525,NaN,NaN,NaN,NaN,NaN,NaN
1973-12-31,0.439067579497873,-44.29,0.0237792539528385,1.97318082741611,5.7,2.49916666666667,-0.746331730752559,-1.97302703099484,0.295,NaN,1.68908333333333,-0.24703879190434,0.540636895028115,0.0975000000000001,NaN,NaN,NaN,NaN,NaN,NaN
1974-03-31,-1.37529008929835,-44.76,0.375082854519675,1.86959903865072,7,2.33083333333333,-0.344760791049623,-2.39045659923551,0.2475,NaN,1.76381147540984,-3.24365132090106,-1.30798520605492,0.0875000000000001,NaN,NaN,NaN,NaN,NaN,NaN
1974-06-30,-0.271401136184409,-45.42,0.230127904248789,2.33583722681341,10.3,2.8125,0.306758774768866,-1.2421127106735,0.245,NaN,1.88547619047619,-1.3301478585054,-0.902586846040549,0.0699999999999998,NaN,NaN,NaN,NaN,NaN,NaN
1974-09-30,-1.45025525109998,-45.88,0.0263622883321375,2.88973733176427,11.9,3.0225,-0.303486269998587,-1.31214412929364,0.3325,NaN,1.9899609375,-2.09714869576841,-1.04392484053608,0.1275,NaN,NaN,NaN,NaN,NaN,NaN
1974-12-31,-0.889575662372522,-48.24,-0.197484360943058,2.89908631235205,10.1,2.33666666666667,-2.37211392988695,-5.12508601131816,0.62,NaN,1.91844262295082,-1.23878271796924,-1.69886612667403,0.2325,NaN,NaN,NaN,NaN,NaN,NaN
1975-03-31,-1.70943349146728,-50.67,0.690815507898734,2.24770444477693,8.1,1.57583333333333,-0.0459230058879712,-5.27783629680852,0.6975,NaN,1.88604166666667,-0.299180088927828,-1.62805727722991,0.2125,NaN,NaN,NaN,NaN,NaN,NaN
1975-06-30,0.239335874349877,-50.97,0.623884380862528,1.47451585771674,6.2,1.355,0.893796151388813,-0.813562457778772,0.605,NaN,2.01296875,1.347839454952,0.352381394091253,0.165,NaN,NaN,NaN,NaN,NaN,NaN
1975-09-30,1.12858685842969,-50,0.0039106055810052,1.74975662302739,6.1,1.54,0.943446427802542,1.24933304690265,0.5425,NaN,2.072890625,1.71684720685867,1.44448264744051,0.125,NaN,NaN,NaN,NaN,NaN,NaN
1975-12-31,0.846189162659016,-49.76,-0.0335596557189959,1.66000944971949,6.7,1.35333333333333,0.582618761752883,1.28051457534801,0.5725,NaN,2.01581967213115,0.0894521732057334,0.51198033383173,0.13,NaN,NaN,NaN,NaN,NaN,NaN
1976-03-31,1.7470735117596,-48.43,0.853319382628932,1.05104237626215,6.2,1.20666666666667,1.55343487216015,3.4411172615834,0.565,NaN,1.93850806451613,1.97575137632735,1.57765276141515,0.14,NaN,NaN,NaN,NaN,NaN,NaN
1976-06-30,0.281389094091196,-48.61,0.860642460512942,1.00228944404823,4.9,1.29916666666667,0.301735843029803,1.90917918962347,0.4725,NaN,1.94325396825397,0.23686363233375,0.176601733855023,0.13,NaN,NaN,NaN,NaN,NaN,NaN
1976-09-30,0.0634717228381305,-48.49,0.79041792096389,1.28474107950702,6.4,1.32083333333333,0.790785335570376,0.750747367890625,0.43,NaN,1.933046875,-0.150003394348928,0.27524893242321,0.14,NaN,NaN,NaN,NaN,NaN,NaN
1976-12-31,0.276762319701788,-48.67,0.329129713403148,1.77668794056025,6.4,1.21833333333333,0.63853180703569,3.96861106783587,0.415,NaN,1.79454918032787,-0.186252039543507,-0.132660906637625,0.1575,NaN,NaN,NaN,NaN,NaN,NaN
1977-03-31,0.742187255181648,-48.19,0.280851644180302,1.59479293212046,6.9,1.165,0.926607901145587,3.42842522026626,0.3725,NaN,1.83924603174603,0.469630660849453,0.671432467092131,0.1025,NaN,NaN,NaN,NaN,NaN,NaN
1977-06-30,1.45494358714132,-46.96,0.622861283068495,1.40158748124852,6.3,1.28916666666667,0.365716424652533,5.0466416662361,0.33,NaN,1.84150793650794,0.850844240845743,1.84778320421128,0.0825,NaN,NaN,NaN,NaN,NaN,NaN
1977-09-30,1.2981268426006,-47,0.711199413047979,1.20967919785713,6.8,1.455,0.733743516540187,1.75710585420075,0.3075,NaN,1.83972222222222,1.47314134694683,1.332733533598,0.0875000000000001,NaN,NaN,NaN,NaN,NaN,NaN
1977-12-31,-0.442564141127036,-45.84,-0.420133475830127,2.13871292098422,5.9,1.62833333333333,0.319171493328099,1.23788276911188,0.29,NaN,1.89929166666667,-1.52010195694391,0.130378441893299,0.0799999999999999,NaN,NaN,NaN,NaN,NaN,NaN
1978-03-31,-0.109786617503346,-46.5,1.17290399353415,1.44195916505869,6.4,1.68916666666667,0.312701788317383,0.894833611207389,0.2525,NaN,2.0019262295082,-0.953385551783398,0.167976863754461,0.065,NaN,NaN,NaN,NaN,NaN,NaN
1978-06-30,3.35992911242317,-44.56,-0.198802779253043,1.89486430995758,7.1,1.82083333333333,1.82002183815672,6.32243871523559,0.26,NaN,2.08138888888889,2.54344802820138,2.53658365600393,0.0600000000000001,NaN,NaN,NaN,NaN,NaN,NaN
1978-09-30,0.54363758077136,-44.75,0.20847150961059,1.68414289303729,7,2.025,0.0197720475165966,2.472115314164,0.24,NaN,2.12134920634921,-0.48048603381421,0.267196233139771,0.0525000000000002,NaN,NaN,NaN,NaN,NaN,NaN
1978-12-31,0.8685093944855,-44.47,0.430234438502183,2.02449783936016,7.4,2.39583333333333,0.186341503763629,1.67171639943376,0.2525,NaN,2.20377049180328,-0.336198366267354,0.497086393821064,0.0625,NaN,NaN,NaN,NaN,NaN,NaN
1979-03-31,-0.268779401100119,-44.11,0.72850228985876,1.80685140458148,5.6,2.51833333333332,0.132047281907603,0.71474912428198,0.2825,NaN,2.27637096774193,-1.06310853111917,0.343615260061711,0.065,NaN,NaN,NaN,NaN,NaN,NaN
1979-06-30,-0.31418956699747,-44.89,-0.151509342314817,2.42005498871825,9.1,2.545,-0.206832647818487,-0.881012248004197,0.3275,NaN,2.27875,-1.9501686485071,-0.924323831607126,0.0775000000000001,NaN,NaN,NaN,NaN,NaN,NaN
1979-09-30,0.28340813091279,-44.37,0.0282800396088021,2.16329321356392,7.6,2.73666666666667,0.802504356385782,1.51272155121154,0.34,NaN,2.27376984126984,-0.997183908672555,-0.335702213359127,0.065,NaN,NaN,NaN,NaN,NaN,NaN
1979-12-31,-0.266487731699726,-44.3,0.64901470394895,1.83844657333845,8.6,3.39416666666667,0.288234834713762,-1.26723509304026,0.41,1.6,2.60946721311475,-1.00407423651826,-0.120052594911954,0.0899999999999999,NaN,NaN,NaN,NaN,NaN,NaN
1980-03-31,-0.111181952606898,-45.59,0.685528850191396,2.07930915920906,10.2,3.76166666666668,0.311361081848645,-1.51930797862207,0.425,NaN,2.98895161290323,-0.660233778865564,-0.502820734094371,0.0900000000000003,NaN,NaN,NaN,NaN,NaN,NaN
1980-06-30,-2.47296766406237,-47.78,0.310692279401579,2.35103018992882,9.2,3.17166666666667,-2.59992172333057,-9.0154050293952,0.695,1.8375,2.61940476190475,-3.16129005496799,-2.02302368866867,0.155,NaN,NaN,NaN,NaN,NaN,NaN
1980-09-30,-0.533200518699459,-47.96,0.291622021270484,2.20906554184159,9.2,2.45916666666667,0.781809014477062,0.718341669445522,0.555,NaN,2.7354296875,-0.309128960366231,0.324291771268463,0.1575,NaN,NaN,NaN,NaN,NaN,NaN
1980-12-31,1.50155143209781,-47.08,0.0556285373455552,2.57137169304049,10.1,3.96333333333332,0.870968493541625,2.89637033288955,0.61,1.9375,3.10139344262295,1.45095096107116,1.95180114121638,0.15,NaN,NaN,NaN,NaN,NaN,NaN
1981-03-31,1.59409322597298,-46.39,-0.120150365392568,2.60006181880583,9.2,4.1425,-0.0486764174965515,0.56526186990493,0.6275,NaN,3.23766393442622,0.971986092660458,0.379852393785768,0.105,NaN,NaN,NaN,NaN,NaN,NaN
1981-06-30,-1.07312280900248,-47.1,-0.246477187906294,1.96223789978096,7.8,4.445,-0.619761848709913,0.678436396403242,0.57,1.825,3.43511904761905,-1.64766406554544,-0.282765579975717,0.1225,NaN,NaN,NaN,NaN,NaN,NaN
1981-09-30,0.852205719589279,-48.04,0.331761181266351,1.86474777389316,7.6,4.39416666666668,-0.10899739003014,-0.510675307254815,0.495,NaN,3.709609375,1.2279932471067,1.09240911330721,0.105,NaN,NaN,NaN,NaN,NaN,NaN
1981-12-31,-1.43398412797796,-49.17,-0.084337412416744,1.71322108069085,7.3,3.39666666666667,-1.22020344485549,-0.380421568975294,0.635,1.6375,3.52918032786885,-3.14716102427056,-1.38468762937191,0.12,NaN,NaN,NaN,NaN,NaN,NaN
1982-03-31,-1.86171508781922,-50.3,1.21967970404963,1.36624260650184,6,3.55666666666667,0.329021834403591,-3.09574570215096,0.69,NaN,3.5670081967213,-2.18992287769225,-1.09146319726506,0.185,NaN,NaN,NaN,NaN,NaN,NaN
1982-06-30,0.150642255967341,-50.44,-0.518692863912719,1.29065471135252,5.5,3.62833333333332,-0.337550199622569,-3.58234882224497,0.76,1.3,3.48551587301587,-0.937483961268228,0.059545874347009,0.1925,NaN,NaN,NaN,NaN,NaN,NaN
1982-09-30,-0.674207675336902,-50.87,0.138065691627503,1.40876624108,6.6,2.75166666666667,0.53151071777387,-3.49403303718623,0.8275,NaN,3.278125,-1.40054343247232,-0.679874889323969,0.2025,NaN,NaN,NaN,NaN,NaN,NaN
1982-12-31,-0.263461479301668,-52.02,0.424398899713154,1.03135960703966,5.7,2.32166666666667,1.49589493428061,-1.0109023195626,0.9175,1.2875,2.6658606557377,-0.392702631574521,-0.739795376216534,0.29,NaN,NaN,NaN,NaN,NaN,NaN
1983-03-31,1.04428685669882,-51.95,0.258494947865678,0.752751512183592,5.4,2.16333333333333,0.785343864706874,0.918793626192894,0.74,1.2,2.63896825396825,0.37869635073351,0.799301851145174,0.2425,NaN,NaN,NaN,NaN,NaN,NaN
1983-06-30,1.98965235428989,-50.28,0.226043914615978,0.738668666856901,3.1,2.20083333333333,1.92623694003998,2.41757110984082,0.61,NaN,2.6375,1.6923236837975,1.4045894037672,0.19,NaN,NaN,NaN,NaN,NaN,NaN
1983-09-30,1.69680906331871,-49,-0.519944775131457,1.05812188918892,6.2,2.365,1.74360122289096,4.14126421184119,0.435,NaN,2.9091015625,0.131271600170857,1.09609710559266,0.1375,NaN,NaN,NaN,NaN,NaN,NaN
1983-12-31,1.77794202469795,-47.77,0.388003173971157,0.754641896900043,3.2,2.3575,1.20064424859248,4.59900711659634,0.4275,1.175,2.92229166666668,1.35494071973151,2.01271112426639,0.1275,NaN,NaN,NaN,NaN,NaN,NaN
1984-03-31,1.52048524831275,-47.14,0.134233450583032,1.00837717755846,4.1,2.42166666666667,0.482820616957838,1.87938269993543,0.4125,1.275,2.98862903225807,1.56383177001797,2.27759478093071,0.0474999999999999,NaN,NaN,NaN,NaN,NaN,NaN
1984-06-30,1.45907610239203,-45.94,0.195284896396188,0.851643937931224,4.8,2.63916666666667,1.25295512589537,3.21316236404965,0.3725,NaN,3.30349206349207,0.866334848871057,1.36457213084975,0,NaN,NaN,NaN,NaN,NaN,NaN
1984-09-30,0.692893123861268,-46.5,0.563283345717188,0.884871724654301,3.8,2.8475,0.357736471371993,1.21392920831551,0.47,NaN,3.21829365079365,-0.284810549678856,0.786235603261162,0.04,NaN,NaN,NaN,NaN,NaN,NaN
1984-12-31,0.513799279693444,-46.3,0.0555745542508888,0.744829918963275,2.9,2.31666666666667,0.853907505530913,1.04641468855306,0.4575,1.175,2.94016393442622,-0.554520341350316,0.79088656786098,0.1425,NaN,NaN,NaN,NaN,NaN,NaN
1985-03-31,0.744382389616249,-46.17,0.272506426908791,0.983892585029311,5.6,2.11916666666667,1.65184369041344,0.0481265740043,0.4025,0.9625,2.896625,0.26971138151708,0.617123127498985,0.12,NaN,NaN,NaN,NaN,NaN,NaN
1985-06-30,0.638061596665693,-46.77,0.304373385594317,0.641383147328689,3.5,1.98083333333333,0.840971983497013,0.590726524866113,0.4675,NaN,2.70587301587302,-0.850866725440887,0.478287533344087,0.12,NaN,NaN,NaN,NaN,NaN,NaN
1985-09-30,1.25363113101946,-46.25,0.86463782930818,0.60199666368832,4.2,1.975,1.79924362230463,-0.806992971636134,0.4325,NaN,2.5838888888889,1.10150363396812,0.943675043403346,0.0724999999999998,NaN,NaN,NaN,NaN,NaN,NaN
1985-12-31,0.445566784125276,-45.94,1.31316076892276,0.557442300982203,2.9,2.02583333333333,0.0601191196038258,1.66820474157839,0.44,1.0125,2.44153225806452,-0.484795795349393,0.265414867193499,0.0899999999999999,NaN,NaN,NaN,NaN,NaN,NaN
1986-03-31,0.436242190401458,-45.85,0.91978839710842,0.496143751202638,4.4,1.95666666666667,0.590142173773074,-0.189787784958412,0.525,0.875,2.14175,0.547301445657057,0.489148210251301,0.1625,NaN,NaN,NaN,NaN,NaN,NaN
1986-06-30,0.174211753513191,-46.04,0.774625933250753,0.377750030277024,2.8,1.73,0.327183673780269,0.126071364265158,0.65,NaN,1.8994921875,-0.369338339071988,0.00214631486971939,0.3325,NaN,NaN,NaN,NaN,NaN,NaN
1986-09-30,0.666925698009436,-45.85,0.832331604292193,0.409069552590857,2.8,1.55166666666667,1.58522059028087,-0.304707566275397,0.7,NaN,1.8263671875,-0.226264020600738,0.3392508288008,0.3625,NaN,NaN,NaN,NaN,NaN,NaN
1986-12-31,0.242488084922002,-45.57,0.783511241568746,0.543474380080422,3.3,1.56666666666667,0.377219132106461,0.57436103332617,0.6625,0.875,1.81600806451613,-0.814849703179505,0.490585298476162,0.31,NaN,NaN,NaN,NaN,NaN,NaN
1987-03-31,0.389046814322114,-44.92,-0.196407370140321,0.63763794439371,2.6,1.555,0.0468242612615768,-2.35399708942407,0.58,0.925,1.79885245901639,-0.826579385778051,0.6806408468874,0.2575,NaN,NaN,NaN,NaN,NaN,NaN
1987-06-30,0.784179950831913,-44.55,0.0370852194745979,0.690311863217552,3.9,1.6625,1.33459464006961,0.766303360777897,0.48125,NaN,2.0856746031746,1.21888708420979,1.29309375518551,0.18375,NaN,NaN,NaN,NaN,NaN,NaN
1987-09-30,0.595709668930454,-44.21,0.260567685877312,0.755004763202205,3.6,1.71083333333333,1.05257026262171,0.98308615454846,0.48375,NaN,2.217421875,0.051317551238463,1.17550061429893,0.19625,NaN,NaN,NaN,NaN,NaN,NaN
1987-12-31,1.45626032362009,-43.68,0.387397940415319,0.794018239707039,4.1,1.72916666666667,0.0305939506339996,-0.138738306295863,0.55125,1,2.28225806451613,0.204104025725099,1.08131870491468,0.25875,NaN,NaN,NaN,NaN,NaN,NaN
1988-03-31,0.24321220749141,-44.12,0.947364672774185,0.780377835410118,3.9,1.66583333333333,1.48485885473013,-0.124591825758785,0.55625,0.95,2.10274193548387,0.144804742000429,0.914385837680925,0.25875,NaN,NaN,NaN,NaN,NaN,NaN
1988-06-30,1.07634791057319,-43.59,0.23195346450462,0.968357054760416,4.9,1.78916666666667,0.636521830784375,1.37826189577959,0.49875,NaN,2.22821428571428,-0.388670394000975,0.915731316403594,0.20625,NaN,NaN,NaN,NaN,NaN,NaN
1988-09-30,0.339967002834214,-43.63,0.0413902302199531,1.18882391885453,4.7,1.99583333333333,0.676581917976819,-0.459488724697621,0.48375,NaN,2.2758984375,-0.0226619863266472,0.65357168302728,0.20625,NaN,NaN,NaN,NaN,NaN,NaN
1988-12-31,1.10047010194251,-43.02,-0.112621871385258,0.860042365569669,4.5,2.1175,1.05444250684178,1.03494472366225,0.38625,0.9625,2.23926229508197,-0.177524368247189,1.13750358566244,0.13625,NaN,NaN,NaN,NaN,NaN,NaN
1989-03-31,0.731319767447985,-42.6,-0.756821477560692,1.03727604895365,4.4,2.36083333333333,0.289610195427883,0.12891977030165,0.37875,0.9375,2.30290983606557,-0.762080904397113,0.327824209447272,0.14125,NaN,NaN,NaN,NaN,NaN,NaN
1989-06-30,0.542252643035226,-42.78,-0.652267204324453,1.05996530362944,3.7,2.43166666666667,0.5277994576997,-0.503774414875068,0.4075,NaN,2.1894921875,-1.55320587608089,-0.396212452297505,0.1875,NaN,NaN,NaN,NaN,NaN,NaN
1989-09-30,0.510346905438723,-43.05,0.167009439494336,0.727161518373798,3,2.27083333333333,0.598490619338065,1.28414998171672,0.443750000000001,NaN,2.02686507936508,-0.429804404609733,0.186236678731802,0.21375,NaN,NaN,NaN,NaN,NaN,NaN
1989-12-31,-0.0255420723582347,-42.98,0.715442642199236,0.709807480207481,3.7,2.15333333333333,0.287551817809288,-1.68274112387832,0.4725,0.925,1.97677419354839,-0.883674538869644,-0.112270526086832,0.2425,NaN,NaN,NaN,NaN,NaN,NaN
1990-03-31,0.287028511260019,-42.6,0.831123460931444,1.07331863919571,4.7,2.0625,0.406620079733671,-0.0892140444020129,0.4175,0.8625,2.10596774193549,0.540981122109861,0.14980068776697,0.19,NaN,NaN,NaN,NaN,NaN,NaN
1990-06-30,0.152122646024964,-43.4,0.814639894471469,1.11438352842628,4.5,2.06083333333333,-0.115390861800392,-2.92873050890933,0.41125,NaN,2.16853174603174,0.226024740198402,0.344955892132361,0.18375,NaN,NaN,NaN,NaN,NaN,NaN
1990-09-30,-0.164140600877204,-44.23,0.455154640695405,0.852459759755764,4.1,2.04,0.575541224660867,-1.29755439389839,0.4175,NaN,2.17531746031746,-0.946090694245963,-0.30139997879121,0.1625,NaN,NaN,NaN,NaN,NaN,NaN
1990-12-31,-1.18548189422518,-44.92,0.0126874565370727,0.74206882065555,3.4,1.93583333333333,-0.463135344221826,-3.09097242677052,0.53125,0.9125,2.10149193548387,-2.05051768564015,-0.734885932843895,0.203749999999999,NaN,NaN,NaN,NaN,NaN,NaN
1991-03-31,-0.68229488344582,-45.81,-0.39382470800949,0.974340339946345,3.6,1.60666666666667,-1.04155168718256,-3.15714190352628,0.5225,0.8875,2.00570833333333,-1.17430191881644,-0.421060574657531,0.205,NaN,NaN,NaN,NaN,NaN,NaN
1991-06-30,0.575051865041587,-46.13,1.16998175597917,0.731123513742027,3.1,1.46583333333333,0.43565938898962,-0.45657654019044,0.42375,NaN,2.0313671875,0.842296529805588,0.0903504635701893,0.17125,NaN,NaN,NaN,NaN,NaN,NaN
1991-09-30,0.260138968022034,-46.05,0.409125997180844,0.779432256478962,3.6,1.41083333333333,0.14969288962385,-0.805740564619612,0.405,NaN,1.9875,0.0791653870999301,0.0277343756182518,0.1825,NaN,NaN,NaN,NaN,NaN,NaN
1991-12-31,0.0713597377157385,-46.7,0.736074260200432,0.591109197451623,3.2,1.20416666666667,-0.196370342042144,-0.759784945197339,0.45,0.875,1.83625,-0.386454210720616,0.0737745018814167,0.2125,NaN,NaN,NaN,NaN,NaN,NaN
1992-03-31,0.969150348630819,-46.34,2.20138313661965,0.37069313634337,3.1,1.00583333333333,1.88655664192822,0.344765681871081,0.4125,0.8,1.82673387096774,3.06976771794582,1.47846986907416,0.1825,NaN,NaN,NaN,NaN,NaN,NaN
1992-06-30,0.853806874889983,-45.86,0.326756667562933,0.599860655479301,2.9,0.9425,0.51412802539312,2.59784510467489,0.3725,0.85,1.84400793650794,0.279110279514856,0.607872983731454,0.16,NaN,NaN,NaN,NaN,NaN,NaN
1992-09-30,0.714712775668204,-46,0.64213910803262,0.488132669086916,2.4,0.814166666666667,0.944759851224831,0.625315943342685,0.4175,0.8125,1.6546875,-0.191129924742827,0.0509859635801604,0.2375,NaN,NaN,NaN,NaN,NaN,NaN
1992-12-31,0.731571969476022,-46.15,-0.147071139311965,0.685097117984856,3,0.759166666666668,0.889373576265371,2.24103309602447,0.43375,0.775,1.68508064516129,-0.168111230606128,0.632020664583592,0.22125,NaN,NaN,NaN,NaN,NaN,NaN
1993-03-31,-0.0861261902808792,-45.83,-1.30109964597854,0.559492716452681,2.8,0.76,0.165090842787833,0.268993884597478,0.43,0.75,1.56454918032787,-2.22687695115446,-0.601091079724597,0.2625,NaN,NaN,NaN,NaN,NaN,NaN
1993-06-30,0.349261762718243,-45.16,0.151982685636806,0.593882734254869,3.1,0.75,0.750322070045797,1.29803516166129,0.42875,0.8,1.49702380952381,-0.352567821845686,0.96555048573191,0.24625,NaN,NaN,NaN,NaN,NaN,NaN
1993-09-30,0.212859749479435,-45.12,-0.557868304050885,0.591929700045846,2.3,0.765,0.685694399017393,0.893310391557463,0.4125,0.7375,1.403828125,-1.22637852234915,-0.0656570031635511,0.23,NaN,NaN,NaN,NaN,NaN,NaN
1993-12-31,1.06789249435428,-44.45,0.181641092003566,0.543660583980721,2.1,0.7475,0.621574895028687,3.42191986178892,0.3175,0.7375,1.40399193548387,1.28904719667805,1.64340436534769,0.14,NaN,NaN,NaN,NaN,NaN,NaN
1994-03-31,0.728602720126901,-44.47,-1.05625502873759,0.477710368660755,1.8,0.803333333333332,0.780175950040189,1.01079407161546,0.3,0.7375,1.52258064516129,-1.18706634712079,0.313334024493201,0.1275,NaN,NaN,NaN,NaN,NaN,NaN
1994-06-30,1.12363758778088,-43.75,0.350235744313125,0.481559093325057,2.7,0.985,0.627431103612139,1.62325909509184,0.28,0.75,1.77237903225807,0.00375060875950624,1.31615888385863,0.1175,NaN,NaN,NaN,NaN,NaN,NaN
1994-09-30,0.314570558826745,-43.08,-0.601601131654242,0.572088303900298,2.3,1.12166666666667,0.634797364283145,0.418020848052095,0.28,0.75,1.8319921875,-1.06967829498891,0.665012474114292,0.1125,NaN,NaN,NaN,NaN,NaN,NaN
1994-12-31,0.859992638055587,-42.61,0.23488706662431,0.540090822074824,2,1.29166666666667,0.724842164747031,1.96989295995741,0.28,0.75,1.95930327868853,1.19048454775168,0.910825247271191,0.12,NaN,NaN,NaN,NaN,NaN,NaN
1995-03-31,0.211879214398778,-42.74,0.0465328477372111,0.541704142569444,2.1,1.4525,0.0534073470799399,2.03610195588936,0.28,0.7,1.86782258064516,-1.08375321201129,0.271208323924384,0.13,NaN,NaN,NaN,NaN,NaN,NaN
1995-06-30,0.0892179027283646,-43.89,0.34340260857477,0.478897201937567,2.4,1.505,0.765564155779771,-0.3862138329701,0.3025,0.7125,1.65003968253968,-0.549640891731589,0.373686461927946,0.16,NaN,NaN,NaN,NaN,NaN,NaN
1995-09-30,0.589426927240879,-43.49,0.0495288797023541,0.491518943402802,1.9,1.44916666666667,0.560731528130816,0.944164042228408,0.32,0.675,1.58230158730159,0.0792644605927277,0.967794667818453,0.165,NaN,NaN,NaN,NaN,NaN,NaN
1995-12-31,0.403193731971669,-43.77,0.324888477851353,0.480216202015349,2,1.43,0.3799050686697,1.14632802768523,0.335,0.625,1.47463709677419,-0.260140449393846,0.375772571460857,0.1725,NaN,NaN,NaN,NaN,NaN,NaN
1996-03-31,0.533795068587324,-43.85,0.597514451102537,0.479397233880885,1.6,1.34083333333333,0.779950789738507,1.69210874413307,0.3325,0.625,1.47762096774194,0.444780594635046,0.896645739449809,0.1675,NaN,NaN,NaN,NaN,NaN,NaN
1996-06-30,1.40238783684094,-43.05,0.517959129148277,0.413920679356838,1.9,1.31083333333333,1.07102609231913,2.2138741363305,0.3,0.625,1.678515625,0.820651887978191,1.19688942435141,0.1275,NaN,NaN,NaN,NaN,NaN,NaN
1996-09-30,0.608836014256099,-42.42,0.433809428820542,0.327270084221443,1.8,1.32666666666667,0.417716126858863,1.90813473442108,0.3,0.625,1.693984375,0.0908266834844947,0.630735401571087,0.125,NaN,NaN,NaN,NaN,NaN,NaN
1996-12-31,0.730758290099175,-42.35,0.0425052217281348,0.531908374921475,2.3,1.32,0.638638419834535,0.708245237263441,0.3025,0.625,1.58854838709677,-0.0161550139986018,0.925906407823618,0.13,NaN,NaN,NaN,NaN,NaN,NaN
1997-03-31,0.178842456561142,-41.98,0.541317624314402,0.595758809462232,1.6,1.31916666666667,0.429506266222006,0.807858005901323,0.29,0.625,1.64175,-0.802876496793021,0.62981911498639,0.13,NaN,NaN,NaN,NaN,NaN,NaN
1997-06-30,1.43434474735818,-41.63,0.712188717013628,0.198282103071268,2.1,1.38083333333333,0.284499838767886,1.54689856811319,0.2925,0.5875,1.674921875,1.09668188867798,1.06856320213967,0.1375,NaN,NaN,NaN,NaN,NaN,NaN
1997-09-30,0.979228085277669,-41.15,0.560148684257033,0.435705391141283,0.9,1.38333333333333,1.25582569044934,2.92976466992263,0.2925,0.625,1.560546875,0.871978209151037,1.33660214434474,0.145,NaN,NaN,NaN,NaN,NaN,NaN
1997-12-31,0.570999441196022,-40.9,1.45993402314655,0.331994642350608,1.3,1.37666666666667,0.890755807595269,0.000833263580716448,0.305,0.5375,1.47657258064516,0.0708421936093934,1.06839904622711,0.165,NaN,NaN,NaN,NaN,NaN,NaN
1998-03-31,0.773767465316041,-41.21,1.52995053477849,0.141946700632722,1.2,1.38,0.647261293038298,2.17547186143537,0.325,0.525,1.39774590163935,0.681813666739806,0.750926541769331,0.18,NaN,NaN,NaN,NaN,NaN,NaN
1998-06-30,0.672060474771115,-41.34,1.02474411650603,0.236130997784745,1.2,1.375,1.43986457812002,2.65103146961076,0.3275,0.5,1.39825396825397,0.0465938523721158,1.21046061605841,0.175,NaN,NaN,NaN,NaN,NaN,NaN
1998-09-30,0.969558891342217,-41.07,1.17487315410549,0.422212389227905,1.4,1.38333333333333,0.899780887003601,1.1345094395931,0.38,0.5,1.3018359375,0.868327785638273,1.09586650989991,0.22,NaN,NaN,NaN,NaN,NaN,NaN
1998-12-31,1.29753792812539,-40.79,0.27977273610939,0.281434077221565,1.3,1.215,1.11597387412235,2.20699223649325,0.4675,0.5,1.16548387096774,-0.25979696985602,0.653502885613648,0.2375,NaN,NaN,NaN,NaN,NaN,NaN
1999-03-31,0.558107163824275,-41.09,1.42981020175798,0.324512276845734,1,1.18333333333333,0.515384284288984,1.16484476972443,0.435,0.45,1.25020491803279,1.57574086223714,1.01029640126046,0.19,NaN,NaN,NaN,NaN,NaN,NaN
1999-06-30,0.563039364123597,-41.25,0.0354144470267812,0.377036547504872,1.4,1.18666666666667,1.4403321568044,1.78650732278192,0.4125,0.5,1.3853125,-1.06951874680412,0.212304728753679,0.21,NaN,NaN,NaN,NaN,NaN,NaN
1999-09-30,1.02256778853211,-41.21,0.518563969506246,0.353150934390456,1.5,1.27333333333333,1.01819955701961,1.53368070176884,0.425,0.5,1.4707421875,0.114497442809621,0.681717831158835,0.2325,NaN,NaN,NaN,NaN,NaN,NaN
1999-12-31,1.33137987026862,-40.78,1.43247852737535,0.553242070803961,1.9,1.32666666666667,1.20874483200566,-0.00903408509913106,0.4075,0.5,1.53620967741936,0.876879803119862,1.15524252112289,0.22,NaN,NaN,NaN,NaN,NaN,NaN
2000-03-31,-1.07182557519945,-40.57,2.80702240341572,0.662650511303564,2.1,1.41916666666667,0.214151538787462,1.35532029033459,0.435,0.5,1.61710317460318,0.0233175817914286,0.535717393519121,0.28,NaN,NaN,NaN,NaN,NaN,NaN
2000-06-30,1.5369232559234,-40.92,-0.382326417491587,0.621064164764551,1.4,1.56833333333333,0.516729148626098,1.70554954107934,0.5625,0.5,1.54623015873016,0.91658103250675,0.39615626212526,0.3575,NaN,NaN,NaN,NaN,NaN,NaN
2000-09-30,-0.216430636888163,-41.47,1.36116902597567,0.582963758443533,1.9,1.63,0.696066591067222,-0.02896964465873,0.555,0.5,1.47246031746032,-0.820808699666968,0.593925708440338,0.3775,NaN,NaN,NaN,NaN,NaN,NaN
2000-12-31,0.29434974645801,-41.61,0.0042158988363088,0.537323296320746,2,1.61833333333333,0.597480715500581,-0.332809742138693,0.58,0.5,1.39266129032258,0.139510184573934,-0.277892585260247,0.3775,NaN,NaN,NaN,NaN,NaN,NaN
2001-03-31,-0.581185427611445,-41.95,1.56543619837409,0.659153372929833,2.6,1.39833333333333,0.190388926212506,-1.45603359150783,0.5725,0.5,1.26104838709678,-1.24531358022754,0.772918776932329,0.3725,NaN,NaN,NaN,NaN,NaN,NaN
2001-06-30,0.326566185354181,-43.1,-0.201566696848188,0.599645252045455,1.5,1.08166666666667,-0.226688826941427,-1.76707444527887,0.55,0.5,1.31904761904762,0.185780366798163,-0.403666961759086,0.345,NaN,NaN,NaN,NaN,NaN,NaN
2001-09-30,-0.720397239812314,-43.75,-0.248187364167107,0.392410329918391,1,0.874166666666667,-0.313321306856665,-1.19459291647524,0.5825,0.5,1.24893442622951,-1.16675908880092,-0.83640215770788,0.3725,NaN,NaN,NaN,NaN,NaN,NaN
2001-12-31,-0.0453915387872712,-45.03,0.586040870537946,0.313358140578401,1.9,0.533333333333333,1.00787342679251,-2.89164726424877,0.61,0.5125,1.19052419354839,-0.414431987820749,-1.14036543201212,0.36,NaN,NaN,NaN,NaN,NaN,NaN
2002-03-31,0.577628852248836,-45.07,0.139852025226499,0.313712136284394,1.2,0.433333333333333,-0.146957992158661,-1.53449927817894,0.555,0.5,1.26979166666667,1.78279025629369,0.941082475851204,0.22,NaN,NaN,NaN,NaN,NaN,NaN
2002-06-30,0.362066870729222,-44.87,0.505423651515024,0.348599304560881,2.2,0.4375,0.645136401026832,-0.610600163491199,0.5625,0.5,1.2765234375,-0.0292371965104429,0.692562296517849,0.235,NaN,NaN,NaN,NaN,NaN,NaN
2002-09-30,0.100449865664814,-44.64,0.0357223709098449,0.478339843689835,2.1,0.435,0.429350839237827,-1.01128114804612,0.61,0.5,1.0680859375,0.0619581390808368,-0.0160551413143821,0.29,NaN,NaN,NaN,NaN,NaN,NaN
2002-12-31,-0.185965943805741,-45.77,-0.321079036504049,0.5786267536255,1.4,0.360833333333332,0.131692739989433,-0.795699876630351,0.645,0.4875,1.00120967741936,-0.205006154470643,0.420125860289772,0.315,NaN,NaN,NaN,NaN,NaN,NaN
2003-03-31,-0.237122008701476,-46.15,0.12412374026999,0.487709914609891,1.2,0.3125,0.00260072333327344,0.0305772143220224,0.555,0.5,0.98,0.00934079789785588,-0.818384029927302,0.275,NaN,NaN,NaN,NaN,NaN,NaN
2003-06-30,0.628428897194908,-46.3,1.36374586876039,0.351195927285453,1.5,0.311666666666667,0.633957238024436,1.6819806739669,0.47,0.5,0.90515873015873,1.05906913162909,0.555515191011068,0.18,NaN,NaN,NaN,NaN,NaN,NaN
2003-09-30,1.31549827280219,-46.78,0.905772836443171,0.570505579245229,1.8,0.254166666666667,1.15555090149257,2.32703460761041,0.41,0.5,1.0569140625,1.44616406982419,0.738119523125533,0.1325,NaN,NaN,NaN,NaN,NaN,NaN
2003-12-31,0.810178746119163,-46.33,0.791921366474924,0.607205627705199,1.8,0.249166666666667,0.225049696137262,1.51835757996855,0.375,0.5,1.07129032258065,0.236246597189515,0.498886743459138,0.125,NaN,NaN,NaN,NaN,NaN,NaN
2004-03-31,0.485078252822291,-46.22,-0.902552251519586,0.711025121906772,2.2,0.250833333333332,0.904594293727257,-0.169487410897261,0.345,0.5,1.0025,0.00467622270095911,0.744901274477797,0.1425,NaN,NaN,NaN,NaN,NaN,NaN
2004-06-30,0.538555807518833,-46.09,1.10785578161211,0.803738954202782,2.3,0.2525,0.177138184546948,2.71463740720787,0.325,0.5,1.14927419354839,0.711124683408319,0.895117132917108,0.1425,NaN,NaN,NaN,NaN,NaN,NaN
2004-09-30,0.627695368453487,-46.2,1.14142858657182,0.632321200340957,1.4,0.358333333333332,0.709515922366222,1.99956594103384,0.345,0.5,1.0753515625,0.774942438056833,0.907043735013986,0.1425,NaN,NaN,NaN,NaN,NaN,NaN
2004-12-31,0.685646603126088,-45.85,-0.345759914931731,0.772311279931426,2.2,0.4875,0.874052961407699,1.69312449606389,0.33,0.5,1.04395161290323,-0.369978010797114,0.219074476773926,0.155,NaN,NaN,NaN,NaN,NaN,NaN
2005-03-31,0.782716648119049,-45.84,-0.1133702213048,0.8,2.9,0.62,0.096375392825621,1.67388298530705,0.3025,0.4875,1.07590163934426,0.201950757013858,0.540798294181741,0.14,NaN,NaN,NaN,NaN,NaN,NaN
2005-06-30,0.254855591993305,-45.39,-0.124409383558078,0.72,2,0.74,0.778263289624647,1.69783249473727,0.355,0.5,1.0396484375,-0.401214865847333,0.715192838948269,0.15,NaN,NaN,NaN,NaN,NaN,NaN
2005-09-30,0.435201887733797,-45.25,0.335820620018064,0.91,1.6,0.87,0.647244020492451,1.60954821829438,0.3675,0.5,1.0537890625,0.351226578715434,0.398109888324484,0.145,NaN,NaN,NaN,NaN,NaN,NaN
2005-12-31,0.23159578886191,-45.13,-0.197744269985183,0.82,2.7,1,-0.162214356739412,0.440828551368952,0.3925,0.5,1.12204918032787,0.315802231262993,1.17552175470314,0.1525,NaN,NaN,NaN,NaN,NaN,NaN
2006-03-31,1.09486783361081,-44.58,1.26373847635536,0.71,2.3,1.11,0.657095650366728,1.85209046763498,0.3875,0.5,1.14427419354839,0.812421976715748,1.29902190341545,0.1575,NaN,NaN,NaN,NaN,NaN,NaN
2006-06-30,-0.0464129746910658,-44.46,-0.788413247271576,0.87,3.2,1.23,0.217207356242113,-1.0900399532581,0.3625,0.5,1.2681746031746,-1.04102260869021,0.101804654795501,0.15,NaN,NaN,NaN,NaN,NaN,NaN
2006-09-30,-0.177165949750361,-44.47,-0.456597418282772,0.7,2.2,1.31,0.334357061430978,-1.13992741181931,0.375,0.5,1.22337301587302,-1.17830018186426,0.0590310379211587,0.1475,NaN,NaN,NaN,NaN,NaN,NaN
2006-12-31,0.556339648920471,-43.88,1.25818713165216,0.36,1.7,1.31,0.127394277120175,-0.608294998885697,0.3625,0.5,1.15766129032258,-0.290395940269841,-0.0753619684344358,0.14,NaN,NaN,NaN,NaN,NaN,NaN
2007-03-31,-0.101228129169726,-44.24,1.32840664391405,0.95,2.8,1.31,0.176035323832764,-0.931120101964495,0.35,0.5,1.16975806451613,-0.964246078845996,-0.405478622612463,0.115,NaN,NaN,NaN,NaN,NaN,NaN
2007-06-30,0.316433185349751,-44.61,-0.811784772379683,0.69,1.7,1.31,0.120887570324214,-0.455432098745348,0.355,0.5,1.2115234375,-0.628090575572142,0.187650754258925,0.1275,NaN,NaN,NaN,NaN,NaN,NaN
2007-09-30,0.252079898697502,-44.9,-0.072828583811396,0.55,2,1.27,0.361450973551257,-1.46931508358756,0.405,0.525,1.18460317460318,-1.4777422038825,-1.1858974740785,0.185,NaN,NaN,NaN,NaN,NaN,NaN
2007-12-31,0.327742710499024,-45.18,0.779031532388845,0.4,2.8,1.12,0.703362324417753,-1.68329030620896,0.465,0.525,1.06665322580645,-0.348899805361072,-0.261064314355622,0.22,NaN,NaN,NaN,NaN,NaN,NaN
2008-03-31,-0.358601226912583,-45.44,0.619680922074623,0.37,2.1,0.79,0.374639090052767,-1.64402847418182,0.5875,0.55,0.916311475409835,-2.25073000395061,0.00748838595256984,0.265,NaN,NaN,NaN,NaN,NaN,NaN
2008-06-30,0.322779357254831,-46.05,-0.351646444834675,0.48,1.7,0.52,0.491722823354507,-1.43572635617875,0.6,0.55,0.970390625,-0.418926331614953,-0.45349212723454,0.2525,NaN,NaN,NaN,NaN,NaN,NaN
2008-09-30,-0.839899201262597,-47.01,0.244501554781715,0.75,2.1,0.49,-0.775882100496176,-2.98551140767046,0.68,0.55,0.965546875,-0.768727729767101,-0.4287256944707,0.29,NaN,NaN,NaN,NaN,NaN,NaN
2008-12-31,-2.50094572873843,-49.08,1.10226309759219,0.24,-0.3,0.13,-3.04259273690661,-6.42509155007997,1.2175,0.55,0.80866935483871,-3.0311425396715,-2.58571487725783,0.4625,0.05,0.1,0.15,0.2,0.25,0.3
2009-03-31,-1.16305967802896,-51.58,-2.5809486054541,-0.08,0,0.05,-0.875375566604248,-8.95475322528773,1.13,0.55,0.68405737704918,-1.54571476803515,-1.68553239451978,0.395,0.05,0.075,0.125,0.15,0.2,0.275
2009-06-30,-0.420557362530985,-52.92,2.72851494597751,-0.17,1.6,0.05,-0.172088902458938,-5.1043300606629,0.9475,0.56875,0.830198412698413,1.45793498308352,0.106214624657696,0.33,0.05,0.1,0.175,0.275,0.35,0.45
2009-09-30,0.0679360751553304,-53.86,0.572090770683938,0.12,1.4,0.04,0.955006119606196,-1.09459682282915,0.595,0.5375,0.879453125,1.20599668845508,0.127886621378025,0.2475,0.05,0.1,0.175,0.25,0.35,0.45
2009-12-31,0.820700262499713,-54.49,0.26086998533517,0.32,2.5,0.03,0.087436339417593,-0.30795468326005,0.515,0.525,0.86600806451613,2.03781807437838,1.28582294975229,0.2325,0.05,0.1,0.2,0.3,0.4,0.5
2010-03-31,0.38419225554469,-53.85,-1.23092300741202,0.29,1.4,0.03,0.577172852890385,-0.943236343756155,0.45,0.525,0.929467213114755,-0.312128425476771,0.447244388432296,0.2,0.05,0.1,0.15,0.225,0.3,0.4
2010-06-30,0.739284844496524,-53.4,0.624768959212391,0.49,1.1,0.05,0.335985795245847,2.79116224333637,0.495,0.5375,0.873125,0.60884321206865,0.73432721363622,0.21,0.05,0.075,0.1,0.125,0.15,0.2
2010-09-30,0.502587590257008,-53.18,0.288779306338791,0.3,0.6,0.05,0.334028912053611,-0.0255614519700771,0.545,0.52625,0.6961328125,1.29874733218751,1.23381531820837,0.245,0.05,0.05,0.05,0.075,0.1,0.125
2010-12-31,0.286105519048419,-53.29,-0.195611949170488,0.58,1.3,0.05,0.433333044792903,1.39746457309082,0.5175,0.5,0.719596774193547,-0.657557818050989,0.0226163090634373,0.255,0.05,0.05,0.075,0.1,0.15,0.2
2011-03-31,-0.283940976589747,-53.29,1.28928928287639,0.51,1.8,0.04,0.661711180550412,-0.43053731898118,0.4425,0.525,0.864354838709678,-1.30133354923143,0.0642757377901262,0.2025,0.025,0.05,0.1,0.175,0.225,0.3
2011-06-30,0.469910262276585,-53.28,-1.52160472618016,0.66,2.4,0.02,0.218105677819722,1.96735788553264,0.445,0.5673,0.800357142857142,-0.328528332044929,0.520937893947803,0.2425,0.025,0.05,0.075,0.1,0.125,0.175
2011-09-30,-0.265037840364357,-52.95,0.20033410488439,0.6,1.8,0.02,-0.0776960742501842,3.4701004186262,0.53,0.5625,0.6035546875,-1.33836468861983,-0.0292998447270065,0.28,0.025,0.025,0.025,0.025,0.05,0.05
2011-12-31,0.90333088230318,-52.45,-1.58268239660289,0.12,1.4,0.02,0.170260259333361,2.42484693421079,0.625,0.53875,0.511680327868853,0.931564218782539,0.703432011796508,0.295,0.025,0.025,0.025,0.025,0.05,0.05
2012-03-31,-0.00102416876984535,-52.29,1.74004388177547,0.59,2.5,0.03,-0.0422367555551091,2.15265585185455,0.6,0.5375,0.51,1.52077111466231,1.13723488188862,0.275,0.025,0.025,0.05,0.05,0.075,0.075
2012-06-30,0.218480060993329,-52.47,0.135916550416725,0.41,1.7,0.04,-0.222251962334326,1.6654528594583,0.635,0.55,0.4564453125,-0.835770035096183,0.00354222656301317,0.3125,0.05,0.05,0.05,0.05,0.05,0.075
2012-09-30,-0.109501837390212,-52.26,-0.589129944463573,0.55,1.2,0.04,-0.308321140499004,-0.243304794926644,0.625,0.55,0.41031746031746,-1.58054617077247,-1.10880352572212,0.2725,0.025,0.025,0.025,0.025,0.025,0.025
2012-12-31,-0.121252408506393,-52.3,2.02666986082927,0.5,1.8,0.04,0.220118677758478,1.19253198263874,0.5275,0.525,0.426762295081968,-0.0433475922859345,1.18764110363566,0.27,0.025,0.025,0.025,0.025,0.025,0.05
2013-03-31,0.718108080846832,-52.57,-1.90132757670077,0.4,1.6,0.04,0.337603171842204,1.29973667677348,0.515,0.5,0.48775,-0.405344451700656,-0.271153012546279,0.2825,0.025,0.025,0.025,0.025,0.05,0.05
2013-06-30,0.0401853005608928,-52.32,0.485280574428051,0.22,1.1,0.03,-0.105695235654878,0.914565434905398,0.515,0.5,0.4965625,-0.538858684689466,0.376108048565925,0.295,0.025,0.05,0.05,0.075,0.1,0.125
2013-09-30,0.597240431201499,-52.48,-0.717437383668002,0.49,1.6,0.02,0.0761856685809335,1.39347125156638,0.49,0.5,0.676640625,-0.350592192336292,-0.158445069241793,0.2675,0.025,0.025,0.025,0.05,0.05,0.075
2013-12-31,0.63384552277148,-52.47,0.220390073090684,0.53,1.7,0.02,0.482981432086831,1.43650295435867,0.465,0.5,0.686048387096775,0.209415987445376,0.340069528853064,0.2725,0.025,0.025,0.025,0.05,0.075,0.1
2014-03-31,-0.553383936034265,-52.28,1.5231079402298,0.38,1.3,0.02,0.230777167706208,1.30630077296132,0.425,0.5,0.691352459016392,-1.9470459963427,0.450810614727288,0.255,0.025,0.025,0.025,0.05,0.1,NaN
2014-06-30,1.05895513493169,-51.59,-1.09117707663926,0.56,1.8,0.02,0.613343869640971,2.31740757050011,0.41,0.5,0.655238095238095,1.71588226551755,1.15225674083615,0.26,0.025,0.025,0.05,0.075,NaN,NaN
2014-09-30,0.953359500021634,-51.49,0.164264407044207,0.41,1.5,0.02,0.591587670553565,1.89442216731612,0.4325,0.5,0.6248828125,0.342143856229134,0.887888363427123,0.2775,0.025,0.025,0.05,NaN,NaN,NaN
2014-12-31,0.270877979413967,-50.95,0.938437933463819,0.1,1.1,0.03,0.680240788599861,1.24830752600025,0.5125,0.5,0.56899193548387,-0.67028489705114,0.623955404612843,0.2975,0.025,0.05,NaN,NaN,NaN,NaN
2015-03-31,0.474500552489417,-51.13,1.20024982048378,-0.05,0.7,0.03,-0.051497624110425,0.295134755790457,0.545,0.5,0.492213114754098,0.23594883724212,0.247364359695325,0.3125,0.0325,NaN,NaN,NaN,NaN,NaN
2015-06-30,0.384640574053378,-51.29,0.296806506523922,0.57,1.8,0.03,0.378439175474398,0.244837338290438,0.5525,0.49375,0.54109375,-0.324897197373373,0.113397178365062,0.32,NaN,NaN,NaN,NaN,NaN,NaN
2015-09-30,0.135694733938067,-51.15,0.42792563315012,0.26,1.3,0.03,0.431922469603762,0.641537567465832,0.6475,0.5,0.55578125,-1.02236026988778,-0.0959294368536803,0.36,NaN,NaN,NaN,NaN,NaN,NaN
2015-12-31,-0.0585072983470809,-50.53,-0.211611260977007,0,1,0.04,0.0886637811768765,-0.463880772199218,0.705,0.475,0.547620967741935,-1.6428728201966,-0.0434438411156179,0.3475,NaN,NaN,NaN,NaN,NaN,NaN
2016-03-31,0.248148153852185,-50.43,0.0986214064379891,-0.09,1.7,0.09,0.557586855448562,0.14379862076504,0.7475,0.49325,0.478565573770493,0.402416853413201,0.268494427135693,0.4025,NaN,NaN,NaN,NaN,NaN,NaN
2016-06-30,0.0720738817462916,-50.77,-0.33196809475619,0.68,2.2,0.09,0.201004535866048,0.133408956714845,0.63,0.5,0.4375390625,-2.11327234898903,-0.719623980920574,0.36,NaN,NaN,NaN,NaN,NaN,NaN
2016-09-30,0.433381744580174,-50.79,0.193773371211686,0.26,1.7,0.1,0.507968654250817,0.718012801878786,0.5875,0.5,0.39109375,0.322161293146443,0.381886593467016,0.3575,NaN,NaN,NaN,NaN,NaN,NaN
2016-12-31,0.296888758559476,-50.79,0.592201052647271,0.48,1.4,0.11,0.232577513972046,0.681275794325984,0.71,0.5,0.53467213114754,0.212692724953608,0.233658020031953,0.332831070696722,NaN,NaN,NaN,NaN,NaN,NaN
2017-03-31,0.614549420583671,-50.06,0.49208345350415,0.51,1.9,0.18,0.968069970430634,1.2417924039338,0.64,0.525,0.611653225806453,-0.426789012874936,0.94101609583447,0.29301285282258,NaN,NaN,NaN,NaN,NaN,NaN
2017-06-30,0.34510689230774,-49.81,0.328008434218552,0.26,1.3,0.24,0.221153305676864,1.02312343562011,0.64,0.521875,0.565238095238095,-0.330777540990901,0.400311316827697,0.297871403769842,NaN,NaN,NaN,NaN,NaN,NaN
2017-09-30,0.548417709070918,-49.52,0.771203542332098,0.51,1.2,0.29,0.278920434883275,0.354980620505671,0.61,0.5,0.560357142857143,0.368439948727115,0.253837686376301,0.266998387896825,NaN,NaN,NaN,NaN,NaN,NaN
2017-12-31,0.906933431331936,-49.78,0.708312886880599,0.61,1.8,0.3,0.857379262531083,1.61494298408644,0.56,0.5,0.592862903225807,0.0881206285577629,0.845246434703881,0.211314677254097,NaN,NaN,NaN,NaN,NaN,NaN
2018-03-31,0.425088406728946,-49.32,0.0226269012706222,0.63,2.6,0.36,0.399988560002953,1.2255458893062,0.51,0.5,0.689631147540983,-0.17578986645302,0.339935051283533,0.160290087090164,NaN,NaN,NaN,NaN,NaN,NaN
2018-06-30,0.317663347777966,-49.08,-0.205333585157997,0.7,2.2,0.43,0.141942058165739,0.610303306979404,0.55,0.5,0.73015625,-0.257978186502639,0.388129464203757,0.1672265625,NaN,NaN,NaN,NaN,NaN,NaN
2018-09-30,0.370564456404168,-49.07,0.555228757733592,0.43,1.3,0.48,0.1131637925522,-0.0322728724581793,0.56,0.5,0.73095238095238,0.276351090066553,0.727588734808137,0.160411086309524,NaN,NaN,NaN,NaN,NaN,NaN
2018-12-31,-0.089711107854896,-48.99,-0.0836319812097903,0.43,1.9,0.56,0.029134631790555,-0.21032262859859,0.61,0.50125,0.760286885245902,-0.964259200866707,0.180801166522201,0.18565893954918,NaN,NaN,NaN,NaN,NaN,NaN
2019-03-31,0.67730351053342,-49.02,1.96405759326971,0.34,1.6,0.6,0.13624985940163,0.536126914289184,0.66,0.5,0.663237704918032,0.516549468464887,1.04376370872615,0.20893762807377,NaN,NaN,NaN,NaN,NaN,NaN
2019-06-30,0.633036188726919,-48.88,-0.336987973216418,0.5,1.8,0.6,0.637132994257229,1.54162369085287,0.65,0.5,0.584722222222222,-0.20997437033711,0.0349953030886354,0.229538070436507,NaN,NaN,NaN,NaN,NaN,NaN
2019-09-30,0.894069991289939,-48.61,-0.207699599730536,0.31,1.5,0.55,0.712149961503542,0.781747182283084,0.64,0.5,0.4494921875,-0.35496587313759,0.423244387738919,0.2403515625,NaN,NaN,NaN,NaN,NaN,NaN
2019-12-31,0.430351861976078,-48.6,1.25636637116885,0.32,1.3,0.41,0.504457183632667,-0.815462134204722,0.62,0.5,0.447983870967742,0.0743194921686158,0.575805579824419,0.22184349798387,NaN,NaN,NaN,NaN,NaN,NaN
2020-03-31,-1.20952560567582,-50.84,1.96925521826535,0.47,1.7,0.32,-1.64787375483348,-0.768056801487148,0.72,0.5,0.34125,-1.17397751258796,-0.450218613298148,0.302528981854837,NaN,NaN,NaN,NaN,NaN,NaN
2020-06-30,-8.39132593507031,-58.68,5.99305563491822,-0.4,-0.8,0.02,-9.21121710500995,-7.66059701674152,0.89,0.46625,0.171904761904762,-5.67865364596375,-9.25488662545638,0.355926959325397,NaN,NaN,NaN,NaN,NaN,NaN
2020-09-30,7.26636662050737,-54.43,-2.43638612822832,0.88,3.1,0.02,8.240116292746,5.64552026934223,0.75,0.4625,0.16265625,5.32435780873903,6.13663974262659,0.309765625,NaN,NaN,NaN,NaN,NaN,NaN
2020-12-31,0.842919369016727,-52.77,1.78533438851371,0.7,1.8,0.02,0.971066606255022,3.27054762253584,0.69,0.475,0.216129032258064,3.07115739780341,3.37444654758519,0.27426285282258,NaN,NaN,NaN,NaN,NaN,NaN
2021-03-31,1.36426261463816,-52.14,-1.41151301743326,1.3,3.6,0.02,2.06440838189371,1.72433463736871,0.62,0.50655,0.333975409836065,0.0782351700561902,0.854826711515329,0.267339267418032,NaN,NaN,NaN,NaN,NaN,NaN
2021-06-30,1.38004526422901,-51.26,0.193072407929378,1.51,6,0.02,3.0682287414383,0.76480754304265,0.58,0.525,0.3976953125,0.00714516820871394,1.00417192816246,0.236363467261905,NaN,NaN,NaN,NaN,NaN,NaN
2021-09-30,0.647435448201691,-50.39,-0.0936512295405851,1.47,4.8,0.02,0.443497605115965,-0.312564428567327,0.56,0.55,0.3312109375,-0.220710701082469,0.720014846256959,0.220078125,NaN,NaN,NaN,NaN,NaN,NaN
2021-12-31,1.54129008886093,-49.2,-0.277112051526057,1.72,5.2,0.02,0.760123181937956,0.670998085505062,0.53,0.575,0.383346774193547,0.966351788051772,1.35881533870145,0.193281890368852,NaN,NaN,NaN,NaN,NaN,NaN
2022-03-31,-0.996658743603234,-48.66,-1.72218632594125,2.01,6,0.03,-0.652486594808011,1.54497507571864,0.59,0.55,0.487782258064515,-1.99364809599047,-0.380178698673149,0.230311239919355,NaN,NaN,NaN,NaN,NaN,NaN
2022-06-30,-0.289680776971409,-48.87,-1.81465825337856,2.18,4.7,0.19,-0.0945543052661151,-0.114008856325029,0.61,0.6,0.733145161290322,-1.96913389399554,-0.14834524285925,0.193295110887097,NaN,NaN,NaN,NaN,NaN,NaN
2022-09-30,0.459182092650053,-48.88,0.619306654669624,1.09,5,0.55,0.244816478005134,-0.782638568836603,0.65,0.6125,0.7752734375,-0.772764376815861,0.462430378369504,0.1978125,NaN,NaN,NaN,NaN,NaN,NaN
2022-12-31,0.448982723318181,-49.1,-1.07193500499971,0.95,4.7,0.91,0.177457394919372,-1.64626085061906,0.62,0.64375,0.956680327868853,-0.254462890008423,-0.944943735950574,0.158240906762295,NaN,NaN,NaN,NaN,NaN,NaN
2023-03-31,0.017101641948102,-48.59,0.6138213654469,0.97,5,1.13,0.442844596267321,0.290741010496049,0.58,0.5375,0.911572580645162,-0.712207928662855,-0.415042993502539,0.133254788306451,NaN,NaN,NaN,NaN,NaN,NaN
2023-06-30,0.311348359168733,-49.07,1.0904244251472,0.42,3.7,1.25,0.200569879695422,0.645501247364564,0.61,0.55,0.898928571428572,-1.21850702412611,-0.0861627931060411,0.16426285282258,NaN,NaN,NaN,NaN,NaN,NaN
2023-09-30,0.952069635374755,-48.96,0.106456947674067,0.81,2,1.32,0.354967065744631,0.0215252234871173,0.54,0.55,1.03742063492064,-0.14365894441313,0.233998193823822,0.105728546626984,NaN,NaN,NaN,NaN,NaN,NaN
2023-12-31,0.596400901631341,-49.5,0.536179111156812,0.38,2.1,1.33,0.522943425259939,0.550796489443087,0.52,0.555,1.11177419354839,0.599189728438701,NaN,0.107166078629032,NaN,NaN,NaN,NaN,NaN,NaN
