date,obs_gdp,obs_hours,obs_wages,obs_gdpdeflator,obs_corepce,obs_nominalrate,obs_consumption,obs_investment,obs_BBBspread,obs_longinflation,obs_longrate,obs_tfp,obs_gdi,obs_AAAspread,obs_nominalrate1,obs_nominalrate2,obs_nominalrate3,obs_nominalrate4,obs_nominalrate5,obs_nominalrate6
1970-06-30,1.87,NaN,2.62,1.81,NaN,1.99,0.58,5.67,NaN,NaN,2.06,NaN,NaN,NaN,NaN,NaN,NaN,NaN,NaN,NaN
1970-09-30,1.02,NaN,2.03,1.78,NaN,1.9,0.99,0.7,NaN,NaN,2.1,NaN,NaN,NaN,NaN,NaN,NaN,NaN,NaN,NaN
1970-12-31,1.04,NaN,2.26,1.17,NaN,1.81,1.75,-0.04,NaN,NaN,2.09,NaN,NaN,NaN,NaN,NaN,NaN,NaN,NaN,NaN
1971-03-31,-0.38,NaN,0.97,2.3,NaN,1.63,-0.11,-0.82,NaN,NaN,1.97,NaN,NaN,NaN,NaN,NaN,NaN,NaN,NaN,NaN
1971-06-30,0.98,NaN,0.84,1.13,NaN,1.48,1.18,2.83,NaN,NaN,1.98,NaN,NaN,NaN,NaN,NaN,NaN,NaN,NaN,NaN
1971-09-30,1.84,NaN,1.95,1.67,NaN,1.56,1.15,0.17,NaN,NaN,2.01,NaN,NaN,NaN,NaN,NaN,NaN,NaN,NaN,NaN
1971-12-31,0.66,NaN,1.64,1.1,NaN,1.5,1.01,1.6,NaN,NaN,1.96,NaN,NaN,NaN,NaN,NaN,NaN,NaN,NaN,NaN
1972-03-31,1.25,NaN,1.97,2.16,NaN,1.26,0.92,0.36,NaN,NaN,1.9,NaN,NaN,NaN,NaN,NaN,NaN,NaN,NaN,NaN
1972-06-30,0.61,NaN,0.44,1.59,NaN,1.19,0.37,1.28,NaN,NaN,1.89,NaN,NaN,NaN,NaN,NaN,NaN,NaN,NaN,NaN
1972-09-30,1.12,NaN,0.92,1.57,NaN,1.21,2.07,0.57,NaN,NaN,1.9,NaN,NaN,NaN,NaN,NaN,NaN,NaN,NaN,NaN
1972-12-31,1.16,NaN,1.45,1.54,NaN,1.6,0.71,2.02,NaN,NaN,1.95,NaN,NaN,NaN,NaN,NaN,NaN,NaN,NaN,NaN
1973-03-31,1.65,NaN,1.47,3.51,NaN,1.7,0.32,1.26,NaN,NaN,1.99,NaN,NaN,NaN,NaN,NaN,NaN,NaN,NaN,NaN
1973-06-30,0.5,NaN,0.77,2.43,NaN,2.12,0.82,0.29,NaN,NaN,2.08,NaN,NaN,NaN,NaN,NaN,NaN,NaN,NaN,NaN
1973-09-30,1.19,NaN,1.51,2.38,NaN,2.55,0.35,1.21,NaN,NaN,2.15,NaN,NaN,NaN,NaN,NaN,NaN,NaN,NaN,NaN
1973-12-31,0.84,NaN,1.68,2.32,NaN,2.77,1.67,0.85,NaN,NaN,2.18,NaN,NaN,NaN,NaN,NaN,NaN,NaN,NaN,NaN
1974-03-31,0.87,NaN,0.97,3.16,NaN,2.81,0.42,1.1,NaN,NaN,2.34,NaN,NaN,NaN,NaN,NaN,NaN,NaN,NaN,NaN
1974-06-30,0.25,NaN,1.69,3.49,NaN,2.87,1.4,-1.62,NaN,NaN,2.52,NaN,NaN,NaN,NaN,NaN,NaN,NaN,NaN,NaN
1974-09-30,0.63,NaN,0.52,3.38,NaN,2.88,0.14,0.97,NaN,NaN,2.67,NaN,NaN,NaN,NaN,NaN,NaN,NaN,NaN,NaN
1974-12-31,-1.79,NaN,1.26,3.27,NaN,2.67,-0.78,-3.05,NaN,NaN,2.65,NaN,NaN,NaN,NaN,NaN,NaN,NaN,NaN,NaN
1975-03-31,-0.88,NaN,0.39,2.77,NaN,2.2,0.29,-1.95,NaN,NaN,2.47,NaN,NaN,NaN,NaN,NaN,NaN,NaN,NaN,NaN
1975-06-30,0.81,NaN,1.68,2.32,NaN,1.76,1.68,-1.61,NaN,NaN,2.39,NaN,NaN,NaN,NaN,NaN,NaN,NaN,NaN,NaN
1975-09-30,1,NaN,1.16,2.26,NaN,1.6,1.3,-0.36,NaN,NaN,2.36,NaN,NaN,NaN,NaN,NaN,NaN,NaN,NaN,NaN
1975-12-31,0.81,NaN,1.28,1.85,NaN,1.65,1.45,1.6,NaN,NaN,2.32,NaN,NaN,NaN,NaN,NaN,NaN,NaN,NaN,NaN
1976-03-31,1.53,NaN,0.82,2.17,NaN,1.75,1.53,0.12,NaN,NaN,2.36,NaN,NaN,NaN,NaN,NaN,NaN,NaN,NaN,NaN
1976-06-30,1,NaN,0.67,3.87,NaN,2.14,-0.31,0.43,NaN,NaN,2.53,NaN,NaN,NaN,NaN,NaN,NaN,NaN,NaN,NaN
1976-09-30,0.62,NaN,1.13,3.06,NaN,2.34,0.2,-0.36,NaN,NaN,2.58,NaN,NaN,NaN,NaN,NaN,NaN,NaN,NaN,NaN
1976-12-31,1.48,NaN,1.26,2.31,NaN,2.3,1.32,2.72,NaN,NaN,2.61,NaN,NaN,NaN,NaN,NaN,NaN,NaN,NaN,NaN
1977-03-31,0.27,NaN,0.13,2.58,NaN,2.55,0.07,0.87,NaN,NaN,2.58,NaN,NaN,NaN,NaN,NaN,NaN,NaN,NaN,NaN
1977-06-30,-0.04,NaN,1.25,2.83,NaN,2.34,0.79,-2.07,NaN,NaN,2.56,NaN,NaN,NaN,NaN,NaN,NaN,NaN,NaN,NaN
1977-09-30,0.19,NaN,0.56,2.14,NaN,2.25,1.2,0.78,NaN,NaN,2.52,NaN,NaN,NaN,NaN,NaN,NaN,NaN,NaN,NaN
1977-12-31,1.1,NaN,0.4,2.4,NaN,2.28,0.6,1.53,NaN,NaN,2.5,NaN,NaN,NaN,NaN,NaN,NaN,NaN,NaN,NaN
1978-03-31,0.49,NaN,0.8,2.34,NaN,2.01,-0.43,0,NaN,NaN,2.43,NaN,NaN,NaN,NaN,NaN,NaN,NaN,NaN,NaN
1978-06-30,0.93,NaN,0.21,2.29,NaN,1.98,0.61,0.45,NaN,NaN,2.39,NaN,NaN,NaN,NaN,NaN,NaN,NaN,NaN,NaN
1978-09-30,0.23,NaN,0.67,2.23,NaN,2.29,0.52,0.27,NaN,NaN,2.39,NaN,NaN,NaN,NaN,NaN,NaN,NaN,NaN,NaN
1978-12-31,0.95,NaN,0.82,1.92,NaN,2.28,0.9,1.53,NaN,NaN,2.44,NaN,NaN,NaN,NaN,NaN,NaN,NaN,NaN,NaN
1979-03-31,0.29,NaN,0.94,2.14,NaN,1.92,0.75,-1.62,NaN,NaN,2.43,NaN,NaN,NaN,NaN,NaN,NaN,NaN,NaN,NaN
1979-06-30,1.12,NaN,0.13,2.36,NaN,2.34,1.43,3.69,NaN,NaN,2.54,NaN,NaN,NaN,NaN,NaN,NaN,NaN,NaN,NaN
1979-09-30,0,NaN,0.69,3.06,NaN,2.76,-0.87,0.35,NaN,NaN,2.65,NaN,NaN,NaN,NaN,NaN,NaN,NaN,NaN,NaN
1979-12-31,0.75,NaN,0.77,2.48,NaN,3.17,1.31,2.05,NaN,NaN,2.78,NaN,NaN,NaN,NaN,NaN,NaN,NaN,NaN,NaN
1980-03-31,0.81,NaN,0.66,2.9,NaN,3.18,1.01,2.18,NaN,NaN,3.02,NaN,NaN,NaN,NaN,NaN,NaN,NaN,NaN,NaN
1980-06-30,-0.82,NaN,-0.52,2.82,NaN,3.31,-1.21,-1.7,NaN,NaN,3.08,NaN,NaN,NaN,NaN,NaN,NaN,NaN,NaN,NaN
1980-09-30,-0.35,NaN,0.3,2.29,NaN,3.06,0.87,-0.31,NaN,NaN,3.06,NaN,NaN,NaN,NaN,NaN,NaN,NaN,NaN,NaN
1980-12-31,-0.1,NaN,0.64,2.02,NaN,3.17,0.44,-0.85,NaN,NaN,3.21,NaN,NaN,NaN,NaN,NaN,NaN,NaN,NaN,NaN
1981-03-31,-0.07,NaN,-0.25,2.41,NaN,3.36,-0.05,-0.65,NaN,NaN,3.34,NaN,NaN,NaN,NaN,NaN,NaN,NaN,NaN,NaN
1981-06-30,0.05,NaN,1.03,2.77,NaN,3.88,0.01,-0.13,NaN,NaN,3.63,NaN,NaN,NaN,NaN,NaN,NaN,NaN,NaN,NaN
1981-09-30,0.08,NaN,0.45,2.9,NaN,4.03,0.08,-1.42,NaN,NaN,3.81,NaN,NaN,NaN,NaN,NaN,NaN,NaN,NaN,NaN
1981-12-31,-0.04,NaN,0.18,2.82,NaN,3.86,0.57,-3.04,NaN,NaN,3.78,NaN,NaN,NaN,NaN,NaN,NaN,NaN,NaN,NaN
1982-03-31,0.25,NaN,-0.12,2.36,NaN,3.58,-0.18,-0.01,NaN,NaN,3.7,NaN,NaN,NaN,NaN,NaN,NaN,NaN,NaN,NaN
1982-06-30,0.15,NaN,-0.27,2.68,NaN,3.6,-0.33,-0.53,NaN,NaN,3.63,NaN,NaN,NaN,NaN,NaN,NaN,NaN,NaN,NaN
1982-09-30,-0.59,NaN,0.2,2.06,NaN,3.34,-0.28,-1.25,NaN,NaN,3.57,NaN,NaN,NaN,NaN,NaN,NaN,NaN,NaN,NaN
1982-12-31,-0.15,NaN,0.02,2.2,NaN,3.15,0.63,-1.49,NaN,NaN,3.42,NaN,NaN,NaN,NaN,NaN,NaN,NaN,NaN,NaN
1983-03-31,0.59,NaN,-0.35,2.15,NaN,2.97,0.1,0.05,NaN,NaN,3.25,NaN,NaN,NaN,NaN,NaN,NaN,NaN,NaN,NaN
1983-06-30,0.64,NaN,0.61,1.76,NaN,2.96,0.3,0.22,NaN,NaN,3.23,NaN,NaN,NaN,NaN,NaN,NaN,NaN,NaN,NaN
1983-09-30,0.19,NaN,0.52,2.24,NaN,3.05,-0.3,0.17,NaN,NaN,3.28,NaN,NaN,NaN,NaN,NaN,NaN,NaN,NaN,NaN
1983-12-31,0.92,NaN,-0.27,2.02,NaN,3.04,0.96,-1.34,NaN,NaN,3.27,NaN,NaN,NaN,NaN,NaN,NaN,NaN,NaN,NaN
1984-03-31,0.73,NaN,0.61,1.66,NaN,2.86,0.73,-0.06,NaN,NaN,3.15,NaN,NaN,NaN,NaN,NaN,NaN,NaN,NaN,NaN
1984-06-30,-0.52,NaN,-1.1,1.47,NaN,2.71,-0.25,-2.55,NaN,NaN,3.13,NaN,NaN,NaN,NaN,NaN,NaN,NaN,NaN,NaN
1984-09-30,0.81,NaN,0.37,1.61,NaN,2.6,-0.06,1,NaN,NaN,3.05,NaN,NaN,NaN,NaN,NaN,NaN,NaN,NaN,NaN
1984-12-31,0.42,NaN,0.69,1.11,NaN,2.53,0.51,1.23,NaN,NaN,2.85,NaN,NaN,NaN,NaN,NaN,NaN,NaN,NaN,NaN
1985-03-31,0.16,5.6,0.43,1.56,NaN,2.47,0.91,-1.64,NaN,NaN,2.74,NaN,NaN,NaN,NaN,NaN,NaN,NaN,NaN,NaN
1985-06-30,0.81,5.52,0.06,1.39,NaN,2.49,0.34,1.35,NaN,NaN,2.71,NaN,NaN,NaN,NaN,NaN,NaN,NaN,NaN,NaN
1985-09-30,0.63,5.38,0.49,1.52,NaN,2.34,0.38,1.3,NaN,NaN,2.67,NaN,NaN,NaN,NaN,NaN,NaN,NaN,NaN,NaN
1985-12-31,0.3,5.18,-0.02,1.49,NaN,2.16,0.12,0.92,NaN,NaN,2.57,NaN,NaN,NaN,NaN,NaN,NaN,NaN,NaN,NaN
1986-03-31,-0.63,4.95,-0.39,1.76,NaN,2.19,-0.84,-2.48,NaN,NaN,2.44,NaN,NaN,NaN,NaN,NaN,NaN,NaN,NaN,NaN
1986-06-30,1.55,4.78,0.22,1.3,NaN,2.01,0.8,1.99,NaN,NaN,2.15,NaN,NaN,NaN,NaN,NaN,NaN,NaN,NaN,NaN
1986-09-30,0.18,4.7,0.12,1.14,NaN,1.94,-0.17,0.36,NaN,NaN,2.1,NaN,NaN,NaN,NaN,NaN,NaN,NaN,NaN,NaN
1986-12-31,-0.16,4.67,0.14,0.85,NaN,1.97,0.5,0.57,NaN,NaN,2.12,NaN,NaN,NaN,NaN,NaN,NaN,NaN,NaN,NaN
1987-03-31,-0.73,4.73,0.11,0.84,NaN,2.03,-0.22,-1.82,NaN,NaN,2.12,NaN,NaN,NaN,NaN,NaN,NaN,NaN,NaN,NaN
1987-06-30,1.36,4.76,0.96,0.84,NaN,2.11,1.55,2.92,NaN,NaN,2.17,NaN,NaN,NaN,NaN,NaN,NaN,NaN,NaN,NaN
1987-09-30,0.82,4.73,0.61,0.69,NaN,2.12,0.75,2.01,NaN,NaN,2.37,NaN,NaN,NaN,NaN,NaN,NaN,NaN,NaN,NaN
1987-12-31,1.09,4.68,0.23,1.23,NaN,2.11,0.53,1.51,NaN,NaN,2.4,NaN,NaN,NaN,NaN,NaN,NaN,NaN,NaN,NaN
1988-03-31,0.18,4.58,0.4,0.95,0.57,1.86,-0.58,1.05,NaN,NaN,2.25,NaN,NaN,NaN,NaN,NaN,NaN,NaN,NaN,NaN
1988-06-30,0.62,4.49,0.23,1.07,0.61,1.82,0.39,1.64,NaN,NaN,2.22,NaN,NaN,NaN,NaN,NaN,NaN,NaN,NaN,NaN
1988-09-30,1.08,4.44,0.46,0.93,0.73,1.99,1.28,1.84,NaN,NaN,2.26,NaN,NaN,NaN,NaN,NaN,NaN,NaN,NaN,NaN
1988-12-31,0.82,4.42,0.09,1.31,0.84,2.12,0.39,1.38,NaN,NaN,2.25,NaN,NaN,NaN,NaN,NaN,NaN,NaN,NaN,NaN
1989-03-31,0.83,4.37,0.7,1.17,0.86,2.38,0.63,2.15,NaN,NaN,2.35,NaN,NaN,NaN,NaN,NaN,NaN,NaN,NaN,NaN
1989-06-30,0.67,4.25,0.25,0.9,0.96,2.42,0.87,1.02,NaN,NaN,2.41,NaN,NaN,NaN,NaN,NaN,NaN,NaN,NaN,NaN
1989-09-30,0.21,4.01,0.55,1.02,0.8,2.53,0.77,-0.1,NaN,NaN,2.4,NaN,NaN,NaN,NaN,NaN,NaN,NaN,NaN,NaN
1989-12-31,0.48,3.66,0.18,1.38,0.95,2.77,0.1,1.69,NaN,NaN,2.52,NaN,NaN,NaN,NaN,NaN,NaN,NaN,NaN,NaN
1990-03-31,0.87,3.26,0.93,1.36,1,2.81,-0.03,2.49,NaN,NaN,2.7,NaN,NaN,NaN,NaN,NaN,NaN,NaN,NaN,NaN
1990-06-30,0.11,2.98,0.54,1.47,0.85,2.65,-0.06,-1,NaN,NaN,2.7,NaN,NaN,NaN,NaN,NaN,NaN,NaN,NaN,NaN
1990-09-30,0.59,2.89,0.54,0.84,0.57,2.63,0.38,-0.03,NaN,NaN,2.72,NaN,NaN,NaN,NaN,NaN,NaN,NaN,NaN,NaN
1990-12-31,0.13,2.92,0.65,1.19,1.13,2.76,0.69,0.14,NaN,NaN,2.74,NaN,NaN,NaN,NaN,NaN,NaN,NaN,NaN,NaN
1991-03-31,0.29,3.07,-0.32,1.42,0.97,2.77,0.23,-0.91,NaN,NaN,2.64,NaN,NaN,NaN,NaN,NaN,NaN,NaN,NaN,NaN
1991-06-30,0.32,3.22,1.2,1.4,1.04,2.62,0.77,0.4,NaN,NaN,2.51,NaN,NaN,NaN,NaN,NaN,NaN,NaN,NaN,NaN
1991-09-30,0.17,3.27,0.24,1.26,1.03,2.63,0.23,-0.02,NaN,NaN,2.54,NaN,NaN,NaN,NaN,NaN,NaN,NaN,NaN,NaN
1991-12-31,0.94,3.15,0.27,1.47,1.07,2.68,1.3,0.4,NaN,NaN,2.47,NaN,NaN,NaN,NaN,NaN,NaN,NaN,NaN,NaN
1992-03-31,1.49,2.92,1.4,0.67,1.1,2.71,0.83,1.53,NaN,NaN,2.39,NaN,NaN,NaN,NaN,NaN,NaN,NaN,NaN,NaN
1992-06-30,-0.85,2.67,0.13,1,1.03,2.74,0.04,-2.13,NaN,NaN,2.42,NaN,NaN,NaN,NaN,NaN,NaN,NaN,NaN,NaN
1992-09-30,-0.16,2.5,1.35,0.77,0.95,2.98,-0.17,-1.96,NaN,NaN,2.51,NaN,NaN,NaN,NaN,NaN,NaN,NaN,NaN,NaN
1992-12-31,-0.08,2.36,-0.56,0.98,0.89,2.86,1.06,-1.18,NaN,NaN,2.5,NaN,NaN,NaN,NaN,NaN,NaN,NaN,NaN,NaN
1993-03-31,-0.89,2.22,-0.77,1.19,1.19,2.68,-1.66,-3.41,NaN,NaN,2.35,NaN,NaN,NaN,NaN,NaN,NaN,NaN,NaN,NaN
1993-06-30,0,2.15,-0.02,0.96,0.83,2.27,-0.19,-1.78,NaN,NaN,2.25,NaN,NaN,NaN,NaN,NaN,NaN,NaN,NaN,NaN
1993-09-30,0.28,2.11,-0.42,0.64,0.79,2.03,0.41,-0.21,NaN,NaN,1.99,NaN,NaN,NaN,NaN,NaN,NaN,NaN,NaN,NaN
1993-12-31,0.03,2.08,-0.38,0.84,0.75,1.85,0.44,-1.73,NaN,NaN,1.83,NaN,NaN,NaN,NaN,NaN,NaN,NaN,NaN,NaN
1994-03-31,0.8,2.07,-0.03,0.52,0.6,1.75,0.38,0.99,NaN,NaN,1.74,NaN,NaN,NaN,NaN,NaN,NaN,NaN,NaN,NaN
1994-06-30,0.56,2.01,0.16,0.62,0.64,1.61,0.33,1.33,NaN,NaN,1.97,NaN,NaN,NaN,NaN,NaN,NaN,NaN,NaN,NaN
1994-09-30,0.62,1.89,-0.04,0.72,0.62,1.56,0.67,0.7,NaN,NaN,2.18,NaN,NaN,NaN,NaN,NaN,NaN,NaN,NaN,NaN
1994-12-31,0.62,1.74,0.17,0.82,0.64,1.57,0.18,1.96,NaN,NaN,2.29,NaN,NaN,NaN,NaN,NaN,NaN,NaN,NaN,NaN
1995-03-31,0.59,1.6,0,0.61,0.67,1.68,0.69,-1.34,NaN,NaN,2.33,NaN,NaN,NaN,NaN,NaN,NaN,NaN,NaN,NaN
1995-06-30,0.74,1.59,0.62,0.41,0.68,1.77,0.87,-0.16,NaN,NaN,2.23,NaN,NaN,NaN,NaN,NaN,NaN,NaN,NaN,NaN
1995-09-30,0,1.42,-0.56,1.27,0.69,1.67,0.03,-1.44,NaN,NaN,2.13,NaN,NaN,NaN,NaN,NaN,NaN,NaN,NaN,NaN
1995-12-31,-0.04,1.35,0.23,0.75,0.6,1.63,-0.03,-0.1,NaN,NaN,2.04,NaN,NaN,NaN,NaN,NaN,NaN,NaN,NaN,NaN
1996-03-31,0.16,1.18,-0.39,0.74,0.56,1.42,0.88,-1.02,NaN,NaN,1.91,NaN,NaN,NaN,NaN,NaN,NaN,NaN,NaN,NaN
1996-06-30,0.41,0.93,-0.01,0.4,0.44,1.3,0.26,2.52,NaN,NaN,1.88,NaN,NaN,NaN,NaN,NaN,NaN,NaN,NaN,NaN
1996-09-30,0.26,1.18,0.32,0.43,0.35,1.25,0.39,0.3,NaN,NaN,1.82,NaN,NaN,NaN,NaN,NaN,NaN,NaN,NaN,NaN
1996-12-31,0.43,1.24,0.75,-0.19,0.36,1.16,0.09,-0.94,NaN,NaN,1.62,NaN,NaN,NaN,NaN,NaN,NaN,NaN,NaN,NaN
1997-03-31,0.08,0.89,1.04,-0.44,0.36,1.12,0.38,-1.36,NaN,NaN,1.55,NaN,NaN,NaN,NaN,NaN,NaN,NaN,NaN,NaN
1997-06-30,0.88,0.98,0.65,-0.25,0.24,1.08,0.25,3.44,NaN,NaN,1.56,NaN,NaN,NaN,NaN,NaN,NaN,NaN,NaN,NaN
1997-09-30,0.57,1.13,0.25,0.18,0.32,1.07,0.52,-0.82,NaN,NaN,1.45,NaN,NaN,NaN,NaN,NaN,NaN,NaN,NaN,NaN
1997-12-31,0.83,1.17,-0.12,0.55,0.32,1.1,0.82,1.37,1.57,NaN,1.4,NaN,NaN,NaN,NaN,NaN,NaN,NaN,NaN,NaN
1998-03-31,0.3,1.08,0.26,-0.26,0.34,1.05,-0.02,1.7,1.45,NaN,1.28,NaN,NaN,NaN,NaN,NaN,NaN,NaN,NaN,NaN
1998-06-30,0,1.38,0.02,0.54,0.44,1.02,-0.03,-0.49,1.36,NaN,1.25,-3.057789803,NaN,NaN,NaN,NaN,NaN,NaN,NaN,NaN
1998-09-30,0.13,1.64,-0.02,0.47,0.33,0.99,0.6,1.26,1.78,NaN,1.14,-1.325855125,NaN,NaN,NaN,NaN,NaN,NaN,NaN,NaN
1998-12-31,0.04,1.3,-0.45,1.02,0.27,0.92,0.3,0.36,2.13,NaN,1.04,2.482931502,NaN,NaN,NaN,NaN,NaN,NaN,NaN,NaN
1999-03-31,0.84,1.23,-0.06,0.23,0.17,0.78,0.48,1.37,1.86,0.48,1,4.110851511,NaN,NaN,NaN,NaN,NaN,NaN,NaN,NaN
1999-06-30,0.19,2.01,0.74,0.21,0.27,0.66,0.7,1.47,1.7,NaN,1.06,-2.074513026,NaN,NaN,NaN,NaN,NaN,NaN,NaN,NaN
1999-09-30,0.93,1.56,0.42,0.09,0.26,0.65,0.95,1.54,1.56,NaN,1.26,4.005090892,NaN,NaN,NaN,NaN,NaN,NaN,NaN,NaN
1999-12-31,0.77,1.88,0.51,0.31,0.3,0.78,0.62,0.53,1.46,NaN,1.33,0.508764526,NaN,NaN,NaN,NaN,NaN,NaN,NaN,NaN
2000-03-31,0.82,2.04,0.25,0.46,0.19,0.84,0.76,2.55,1.34,0.45,1.4,2.388032526,NaN,0.09,NaN,NaN,NaN,NaN,NaN,NaN
2000-06-30,0.59,2.03,0.23,0.24,0.18,1.03,0.7,-0.1,1.64,NaN,1.36,0.904643629,NaN,0.11,NaN,NaN,NaN,NaN,NaN,NaN
2000-09-30,0.36,2.04,0.33,0.53,0.32,1.14,0.28,0.46,1.9,NaN,1.36,0.275989459,NaN,0.12,NaN,NaN,NaN,NaN,NaN,NaN
2000-12-31,0.29,2.25,0.09,0.59,0.41,1.23,0.27,0.56,2.62,NaN,1.32,0.079371181,NaN,0.14,NaN,NaN,NaN,NaN,NaN,NaN
2001-03-31,1.07,2.44,-0.2,0.74,0.29,1.2,0.58,0.69,2.58,0.45,1.25,3.947574273,NaN,0.11,NaN,NaN,NaN,NaN,NaN,NaN
2001-06-30,0,2.12,0.06,0.64,0.55,1.17,0.33,-1.21,2.78,0.45,1.3,0.996572338,NaN,0.09,NaN,NaN,NaN,NaN,NaN,NaN
2001-09-30,0.01,1.98,0.06,0.6,0.64,1.09,-0.13,-1.58,3.2,0.45,1.28,0.819984265,NaN,0.1,NaN,NaN,NaN,NaN,NaN,NaN
2001-12-31,-0.3,1.81,-0.03,0.8,0.61,0.88,-0.29,-0.43,3.6,0.45,1.2,-0.160121231,NaN,0.06,NaN,NaN,NaN,NaN,NaN,NaN
2002-03-31,-0.16,1.4,-0.16,0.68,0.78,0.84,-0.34,-1.47,3.03,0.48,1.28,0.157203013,NaN,-0.06,NaN,NaN,NaN,NaN,NaN,NaN
2002-06-30,0.25,1.31,0.27,0.36,0.48,0.84,-0.09,-0.44,2.76,0.48,1.31,0.744087854,0.7,-0.1,NaN,NaN,NaN,NaN,NaN,NaN
2002-09-30,0.26,1.09,0.05,0.68,0.55,0.84,0.05,-0.38,3.02,0.48,1.19,0.169337238,0.16,0.04,NaN,NaN,NaN,NaN,NaN,NaN
2002-12-31,0,0.88,0.17,0.46,0.45,0.79,0.45,0.44,2.88,0.48,1.14,0.702481065,-0.36,0.09,NaN,NaN,NaN,NaN,NaN,NaN
2003-03-31,-0.45,0.79,-0.26,0.62,0.53,0.69,0.22,-0.79,2.1,0.48,1.04,-2.661326341,-0.18,0.16,NaN,NaN,NaN,NaN,NaN,NaN
2003-06-30,-0.16,0.52,-0.01,0.59,0.48,0.61,-0.3,-0.67,1.54,0.48,0.99,-0.783905759,-0.65,0.16,NaN,NaN,NaN,NaN,NaN,NaN
2003-09-30,0.51,0.57,0.58,0.63,0.41,0.53,0.3,1.25,1.21,0.48,1.04,0.8827365,1.06,0.05,NaN,NaN,NaN,NaN,NaN,NaN
2003-12-31,0.48,0.66,-0.16,0.24,0.48,0.53,0.4,0.49,0.96,0.48,1.09,0.780011714,0.4,-0.07,NaN,NaN,NaN,NaN,NaN,NaN
2004-03-31,0.42,0.45,0.25,0.46,0.64,0.52,0.45,0.55,0.93,0.48,1.04,0.622348953,0.87,-0.08,NaN,NaN,NaN,NaN,NaN,NaN
2004-06-30,0.45,0.6,-0.04,0.62,0.57,0.52,0.16,0.81,0.88,0.48,1.09,2.586440183,0.08,-0.19,NaN,NaN,NaN,NaN,NaN,NaN
2004-09-30,0.04,0.46,-0.11,0.46,0.4,0.52,-0.02,0.38,0.87,0.48,1.05,-1.647478901,0.56,-0.19,NaN,NaN,NaN,NaN,NaN,NaN
2004-12-31,0.21,0.48,-0.1,0.58,0.34,0.53,0.48,0.22,0.76,0.48,0.96,0.72712726,0.34,-0.12,NaN,NaN,NaN,NaN,NaN,NaN
2005-03-31,0.05,0.31,0.07,0.35,0.37,0.53,0.31,-0.65,0.68,0.48,0.92,2.138671651,-0.86,-0.07,NaN,NaN,NaN,NaN,NaN,NaN
2005-06-30,0.43,0.87,0.12,0.45,0.31,0.53,0.5,2.92,0.99,0.48,0.85,0.061995786,1.31,0.04,NaN,NaN,NaN,NaN,NaN,NaN
2005-09-30,0.54,0.66,0.07,0.49,0.36,0.53,0.48,0.5,0.86,0.48,0.82,1.852856949,-0.82,0.17,NaN,NaN,NaN,NaN,NaN,NaN
2005-12-31,0.53,1.24,0.23,0.67,0.39,0.56,0.05,0.04,0.86,0.48,0.85,0.138476503,1.08,0.24,NaN,NaN,NaN,NaN,NaN,NaN
2006-03-31,0.75,1.56,0.03,0.26,0.3,0.62,0.87,3,0.83,0.48,0.89,1.538359374,2.07,0.2,NaN,NaN,NaN,NaN,NaN,NaN
2006-06-30,0.97,1.91,0.07,0.64,0.44,0.69,0.57,1,0.73,0.48,1.01,1.893271878,0.12,0.12,NaN,NaN,NaN,NaN,NaN,NaN
2006-09-30,0.44,2.42,0,0.56,0.41,0.77,0.08,0.69,0.73,0.48,0.99,-1.747473329,-0.02,0.08,NaN,NaN,NaN,NaN,NaN,NaN
2006-12-31,0.99,2.78,0.11,0.54,0.44,0.87,0.31,1.77,0.62,0.48,0.97,1.806216687,1.11,0.07,NaN,NaN,NaN,NaN,NaN,NaN
2007-03-31,0.51,3.07,-0.37,0.85,0.55,0.93,-0.15,2.42,0.55,0.48,1.02,0.483409036,1.34,0.08,NaN,NaN,NaN,NaN,NaN,NaN
2007-06-30,0.56,3.38,0.14,0.45,0.52,0.99,0.9,-0.52,0.5,0.48,1.11,-0.421900116,-0.32,0.12,NaN,NaN,NaN,NaN,NaN,NaN
2007-09-30,0.17,3.66,0.15,0.51,0.44,1.07,0.16,0.07,0.86,0.5,1.12,-0.220959308,0.1,0.16,NaN,NaN,NaN,NaN,NaN,NaN
2007-12-31,0.35,3.82,0.33,0.68,0.71,1.1,0.52,1.62,1.08,0.48,1.09,0.859811064,0.47,0.23,NaN,NaN,NaN,NaN,NaN,NaN
2008-03-31,0.49,4.04,0.64,0.49,0.76,1.06,0.4,-0.1,1.72,0.5,1.04,1.115115825,-1.37,0.25,NaN,NaN,NaN,NaN,NaN,NaN
2008-06-30,-0.67,3.63,-0.16,0.69,0.53,1.1,-0.37,-0.65,1.59,0.48,1.13,-2.049050666,1.06,0.24,NaN,NaN,NaN,NaN,NaN,NaN
2008-09-30,-0.61,3.12,0.73,0.26,0.48,1.14,-0.2,-2,2.22,0.5,1.15,-2.710127272,-1.02,0.24,NaN,NaN,NaN,NaN,NaN,NaN
2008-12-31,-1.82,2.53,-0.03,0.29,0.42,0.97,-1.56,-4.21,5.01,0.5,1.04,-5.965339392,-2.69,0.45,NaN,NaN,NaN,NaN,NaN,NaN
2009-03-31,-3.2,0.59,-0.44,0.37,0.25,0.42,-1.69,-6.47,5.03,0.48,1.04,-4.536465183,-2.07,0.39,NaN,NaN,NaN,NaN,NaN,NaN
2009-06-30,-0.14,-0.4,0.43,0.04,0.3,0.23,-0.07,-3.05,4.24,0.48,1.05,8.883275092,-0.03,0.31,NaN,NaN,NaN,NaN,NaN,NaN
2009-09-30,0.38,-0.8,0.62,0.08,0.2,0.13,0.1,-0.19,2.85,0.5,0.99,1.551399659,1.08,0.14,NaN,NaN,NaN,NaN,NaN,NaN
2009-12-31,0.4,-1.12,0.4,0.21,0.22,0.11,0.34,-0.73,2.06,0.48,0.96,-0.232003233,0.28,0.11,NaN,NaN,NaN,NaN,NaN,NaN
2010-03-31,0.81,-0.79,0.25,0.11,0.21,0.11,0.9,-0.37,1.74,0.48,1.02,1.95225589,0.44,0.04,NaN,NaN,NaN,NaN,NaN,NaN
2010-06-30,0.82,-0.65,0.52,0.25,0.24,0.11,0.49,2.99,1.79,0.48,0.96,-0.838460401,0.89,0.04,NaN,NaN,NaN,NaN,NaN,NaN
2010-09-30,0.37,-0.74,0.02,0.34,0.33,0.15,0.32,-0.9,1.67,0.5,0.88,-2.882261015,0.35,0.05,NaN,NaN,NaN,NaN,NaN,NaN
2010-12-31,0.57,-0.74,0.27,0.15,0.35,0.2,0.76,0.33,1.44,0.48,0.93,1.221472584,0.88,0.06,NaN,NaN,NaN,NaN,NaN,NaN
2011-03-31,0.99,-0.11,0.45,0.39,0.45,0.22,0.28,1.84,1.3,0.5,1.08,0.538955629,0.71,0.05,NaN,NaN,NaN,NaN,NaN,NaN
2011-06-30,-0.05,-0.49,0.3,0.21,0.47,0.31,0.15,0.05,1.28,0.5,1.12,-1.172282081,0.14,-0.01,NaN,NaN,NaN,NaN,NaN,NaN
2011-09-30,-0.04,-0.7,-0.06,0.32,0.48,0.35,-0.17,-0.91,1.92,0.5,1.07,-0.279359217,-0.49,-0.08,NaN,NaN,NaN,NaN,NaN,NaN
2011-12-31,-0.37,-1.11,0.25,0.23,0.49,0.31,-0.18,-0.53,2.32,0.5,1.05,-1.486722287,-0.31,-0.06,NaN,NaN,NaN,NaN,NaN,NaN
2012-03-31,-0.35,-1.51,0.03,0.42,0.47,0.16,-0.06,-0.34,2.07,0.5,0.91,3.073221818,0.24,-0.04,NaN,NaN,NaN,NaN,NaN,NaN
2012-06-30,-0.41,-2.17,0.1,0.28,0.4,0.1,-0.45,-1.84,2.03,0.5,0.86,-0.79049645,-0.39,-0.14,NaN,NaN,NaN,NaN,NaN,NaN
2012-09-30,-0.25,-2.6,-0.11,0.41,0.33,0.04,-0.45,-1.74,1.89,0.5,0.72,0.752249733,-0.66,-0.11,NaN,NaN,NaN,NaN,NaN,NaN
2012-12-31,-0.46,-3.26,0.03,0.19,0.4,0.03,-0.2,-1.11,1.54,0.5,0.55,0.119299139,-0.24,0,NaN,NaN,NaN,NaN,NaN,NaN
2013-03-31,-0.43,-3.87,-0.03,0.58,0.32,0.03,-0.73,-2.73,1.3,0.5,0.69,1.168150175,-0.43,-0.14,NaN,NaN,NaN,NaN,NaN,NaN
2013-06-30,0.54,-3.73,0.22,0.22,0.25,0.03,0.02,0.72,1.24,0.5,0.72,2.196634002,1.08,-0.09,NaN,NaN,NaN,NaN,NaN,NaN
2013-09-30,0.26,-3.7,0.3,0.13,0.24,0.03,0.31,1.23,1.25,0.5,0.8,-3.108775802,0.08,-0.02,NaN,NaN,NaN,NaN,NaN,NaN
2013-12-31,0.2,-3.43,0.16,0.03,0.22,0.04,0.15,0.5,1.05,0.48,0.8,0.33157235,0.45,-0.02,NaN,NaN,NaN,NaN,NaN,NaN
2014-03-31,-0.13,-3.86,-0.06,0.51,0.3,0.06,-0.81,0.07,0.85,0.48,0.77,1.331815124,-0.67,-0.04,NaN,NaN,NaN,NaN,NaN,NaN
2014-06-30,0.12,-3.95,0.01,0.2,0.12,0.06,0.07,-2.25,0.77,0.45,0.62,-0.51931967,-0.08,0.03,NaN,NaN,NaN,NaN,NaN,NaN
2014-09-30,0.41,-3.79,0.19,0.14,0.15,0.02,0.33,2.07,0.89,0.48,0.5,1.316981763,1.35,0.05,NaN,NaN,NaN,NaN,NaN,NaN
2014-12-31,0.28,-3.53,0.18,0.27,0.15,0,0.22,-0.49,0.99,0.45,0.4,1.408778504,0.07,0.06,NaN,NaN,NaN,NaN,NaN,NaN
2015-03-31,0.59,-3.98,-0.14,0.53,0.44,0,-0.38,0.21,0.98,0.45,0.29,0.509043131,-0.17,0.03,NaN,NaN,NaN,NaN,NaN,NaN
2015-06-30,0.38,-3.55,0.08,0.4,0.2,-0.01,0.7,5.91,0.98,0.45,0.32,-2.105790004,0.8,0.11,NaN,NaN,NaN,NaN,NaN,NaN
2015-09-30,0.37,-3.26,-0.19,0.37,0.2,-0.02,0.02,-3.87,1.14,0.48,0.37,0.890959147,0.65,0.12,NaN,NaN,NaN,NaN,NaN,NaN
2015-12-31,0.36,-3.14,0.29,0.1,0.27,-0.04,0.16,3.35,1.25,0.48,0.3,-0.423255377,0.35,0.16,NaN,NaN,NaN,NaN,NaN,NaN
2016-03-31,0.4,-2.44,0.06,0.28,0.22,-0.07,0.06,0.21,1.44,0.45,0.26,1.248461567,0.03,0.11,NaN,NaN,NaN,NaN,NaN,NaN
2016-06-30,0.17,-2.3,-0.01,0.12,0.07,-0.09,0.35,-0.47,1.19,0.45,0.23,-0.067546847,1.7,0.07,NaN,NaN,NaN,NaN,NaN,NaN
2016-09-30,0.37,-2.3,0.15,0.29,0.2,-0.09,0.27,2.22,1.04,0.45,0.16,0.671307417,-0.88,0.04,NaN,NaN,NaN,NaN,NaN,NaN
2016-12-31,0.66,-2.13,0.39,0.11,0.32,-0.09,0.94,0.37,0.98,0.45,0.27,0.128612027,0.76,0.02,NaN,NaN,NaN,NaN,NaN,NaN
2017-03-31,0.78,-1.63,0.18,0.32,0.26,-0.09,0.6,1.45,0.88,0.45,0.35,2.988200448,1.28,-0.01,NaN,NaN,NaN,NaN,NaN,NaN
2017-06-30,0.68,-1.25,-0.04,0.45,0.33,-0.09,0.34,4.03,0.79,0.45,0.29,0.32311636,0.05,0.03,NaN,NaN,NaN,NaN,NaN,NaN
2017-09-30,0.56,-1.05,0.11,0.22,0.34,-0.09,0.15,-2.57,0.68,0.45,0.28,0.248124707,0.87,0.04,NaN,NaN,NaN,NaN,NaN,NaN
2017-12-31,0.88,-0.5,0.3,0.42,0.18,-0.09,0.5,-1.66,0.66,0.48,0.25,0.86550694,0.18,0.05,NaN,NaN,NaN,NaN,NaN,NaN
2018-03-31,0.03,-0.44,-0.11,0.43,0.37,-0.09,0.51,3.49,0.69,0.48,0.29,-0.385623588,0.93,0.04,NaN,NaN,NaN,NaN,NaN,NaN
2018-06-30,0.51,0.45,0.42,0.21,0.34,-0.09,0.53,-0.21,0.82,0.48,0.3,-1.382875722,0.65,0.03,NaN,NaN,NaN,NaN,NaN,NaN
2018-09-30,-0.1,0.58,0.25,0.52,0.29,-0.09,-0.12,2.79,0.89,0.48,0.32,-1.306685619,-0.62,-0.01,NaN,NaN,NaN,NaN,NaN,NaN
2018-12-31,0.63,0.84,0.03,0.51,0.2,-0.09,0.37,1.23,1.09,0.48,0.35,1.449122,0.17,-0.02,NaN,NaN,NaN,NaN,NaN,NaN
2019-03-31,0.59,1.45,0.01,0.38,0.2,-0.09,-0.13,1.07,1.09,0.45,0.28,0.6228243,1.22,0.04,NaN,NaN,NaN,NaN,NaN,NaN
2019-06-30,0.35,1.07,0.39,0.3,0.45,-0.09,0.55,5.26,0.96,0.45,0.2,2.039656788,0.43,0.04,NaN,NaN,NaN,NaN,NaN,NaN
2019-09-30,0,1.29,0.12,0.5,0.34,-0.11,0.04,-3.34,0.91,0.43,0.04,-1.124042924,0.16,0.07,NaN,NaN,NaN,NaN,NaN,NaN
2019-12-31,-0.14,1.03,-0.32,0.52,0.34,-0.11,-0.18,5.16,0.88,0.43,0.07,0.134184794,-1.32,0.08,NaN,NaN,NaN,NaN,NaN,NaN
2020-03-31,,,,0.6,0.12,-0.12,,,1.08,0.43,0.07,,,0.08,NaN,NaN,NaN,NaN,NaN,NaN
2020-06-30,,,,1.1,0.3,-0.12,,,1.5,0.43,0.12,,,0.08,NaN,NaN,NaN,NaN,NaN,NaN
2020-09-30,,,,-1,-0.07,-0.13,,,1.17,0.4,0.04,,,0.02,NaN,NaN,NaN,NaN,NaN,NaN
2020-12-31,0.32,-5.41,-0.03,0.7,0.06,-0.14,-3.18,1,1.01,0.43,-0.01,-5.662160739,-0.04,0.03,NaN,NaN,NaN,NaN,NaN,NaN
2021-03-31,0.62,-5.26,-0.42,0.64,0.74,-0.14,-1.13,0.43,0.82,0.43,0.01,0.667541195,1.17,0.06,NaN,NaN,NaN,NaN,NaN,NaN
2021-06-30,2.18,-2.13,0.58,0.31,0.14,-0.14,3.96,2.64,0.75,0.43,0.07,-1.86566487,3.47,0.06,NaN,NaN,NaN,NaN,NaN,NaN
2021-09-30,1.77,-0.77,0.67,1.22,0.69,-0.14,3.62,0.87,0.75,0.45,0.04,-0.659006462,1.03,0.05,NaN,NaN,NaN,NaN,NaN,NaN
2021-12-31,0.68,-0.15,-0.23,1.15,0.84,-0.15,0.39,0.57,0.83,0.48,0.08,-0.288192369,0,0.07,NaN,NaN,NaN,NaN,NaN,NaN
2022-03-31,0.32,0.67,-0.53,1.41,1.1,-0.14,0.93,1.77,0.98,0.5,0.21,0.177896384,0.97,0.08,NaN,NaN,NaN,NaN,NaN,NaN
2022-06-30,0.6,0.88,-0.46,1.23,1.55,-0.14,1.47,1.53,1.19,0.53,0.49,-0.368790235,0.26,0.06,NaN,NaN,NaN,NaN,NaN,NaN
2022-09-30,0.41,0.98,0.23,1.27,1.84,0.02,1.42,0.94,1.44,0.55,0.58,-0.954139605,-0.17,0.05,NaN,NaN,NaN,NaN,NaN,NaN
2022-12-31,-0.28,1.18,-0.32,1.86,1.96,0.34,-0.44,-2.85,1.37,0.55,0.76,0.180701201,-0.73,0.04,NaN,NaN,NaN,NaN,NaN,NaN
2023-03-31,-0.25,1.79,-0.48,1.97,1.77,0.59,-0.5,2.36,1.12,0.53,0.79,-3.469042853,0.65,0,NaN,NaN,NaN,NaN,NaN,NaN
2023-06-30,-0.03,1.7,-0.19,1.1,1.2,0.79,0.27,-0.72,1.16,0.53,0.8,-0.244613644,-0.04,0.02,NaN,NaN,NaN,NaN,NaN,NaN
2023-09-30,-0.17,1.9,0.49,0.73,0.84,0.91,0.18,-1.15,1.09,0.53,0.84,-0.315290736,-0.37,-0.01,NaN,NaN,NaN,NaN,NaN,NaN
2023-12-31,-0.15,1.82,0.31,1.1,0.46,0.96,-0.71,-0.45,1.11,0.53,0.83,4.07891646,-0.56,-0.01,NaN,NaN,NaN,NaN,NaN,NaN
2024-03-31,0.24,1.91,0.6,0.56,0.75,0.97,0.42,-1.99,0.91,0.5,0.74,-1.43068321,0.82,0.01,NaN,NaN,NaN,NaN,NaN,NaN
2024-06-30,-0.12,1.75,0.36,0.5,0.72,0.94,-0.38,-1.28,0.86,0.5,0.78,0.456379773,0.12,0.04,NaN,NaN,NaN,NaN,NaN,NaN
2024-09-30,0.25,1.64,0.31,0.54,0.74,0.89,0.26,0.83,0.88,0.5,0.74,1.357111149,NaN,0.07,NaN,NaN,NaN,NaN,NaN,NaN
